REQUEST,Goods,oracle code,,ITEM DESCRIPTION,ITEM CATEGORY,QTY,price,JOB NO,total-amount,STATUE,ORDER,,
REQ2500006921,Goods, 10002271,,"GAS R22, PACKING: 13.6KGS (30LBS), DISPOSABLE CYLINDER, BRAND: FLORON, ORIGIN: INDIA",GAS,15,199,4378M,2985,Approved,733262,,
REQ2500006921,Goods, 10013884,,"SILICON SEALANT ANTI-FUNGAL 320ML, WHITE, PACKING: 24PCS / CTN, MAKE: DOLPHIN, ORIGIN: UAE",MATERIALS LOCAL,10,4.75,4378M,47.5,Approved,733262,,
REQ2500006921,Goods, 10001680,,"PAINT BRUSH 2"", WHITE BRISTLESS, MODEL NO. PB2WC, MAKE: CLARKE",MATERIALS LOCAL,10,2.4,4378M,24,Approved,733262,,
REQ2500006921,Goods, 10000487,,"BATTERY AAA, PACKING: 20 CARD / BOX, 2PCS / CARD, BRAND: ENERGIZER",BATTERY,10,4.242424242,4378M,42.42424242,Approved,733262,,
REQ2500006921,Goods, 10002287,,"SPRAY WD40, PACKING: 330ML, BRAND: WD40, ORIGIN: UK",MATERIALS LOCAL,10,11,4378M,110,Approved,733262,,
REQ2500006921,Goods, 10033190,,"TERMINAL CONNECTOR 16MM, PVC WHITE, PACKING: 10 STRIP / PKT; 10PCS / STRIP, MAKE: KEDBROOKE, ORIGIN: INDIA ",ELECTRICAL MATERIAL,5,36.85,4378M,184.25,Approved,733262,,
REQ2500006921,Goods, 10002712,,"CAPACITOR 60MFD, ROUND MEATAL BODY, MAKE: SYSCAP, ORIGIN: INDIA",ELECTRICAL MATERIAL,50,10.55,4378M,527.5,Approved,733262,,
REQ2500006921,Goods, 10002467,,"CONTACTOR 30A/3P/240V, MAKE: FURNAS",ELECTRICAL MATERIAL,10,15.0296471,4378M,150.296471,Approved,733262,,
REQ2500006921,Goods, 10000112,,"CONTACTOR 11KW 400V 25A (AC3), 40A (AC1), 3P 24V AC COIL, 1NO+1NC 50/60 HZ, PART NO. LC1D25B7, MAKE: SCHNIEDER ELECTRIC, ORIGIN: FRANCE",ELECTRICAL MATERIAL,9,92.66533888,4378M,833.9880499,Approved,733262,,
REQ2500006921,Goods, 10001660,,"M-SEAL GLUE 100 GRAM, MAKE: PIDLITE, ORIGIN: INDIA",CIVIL MATERIAL,2,2.403572835,4378M,4.80714567,Approved,733262,,
REQ2500006921,Goods, 10025305,,"BLACK TAPE 2"" X 60Ft, PVC, PACKING: 60 ROLL / BOX, PRODUCT CODE: IFT-0009, MAKE: INNERFIX",CIVIL MATERIAL,20,1.7,4378M,34,Approved,733262,,
REQ2500006921,Goods, 10013883,,"ALUMINIUM PLAIN TAPE 2"" X 30 YARDS / ROLL, PACKING: 24 PCS/CTN, MAKE: HI-STICK, ORIGIN: UAE",MATERIALS LOCAL,15,2.62,4378M,39.3,Approved,733262,,
REQ2500006921,Goods, 10002464,,"CAPACITOR 3.5 MFD SQUARE BLACK, PLASTIC, ORIGIN: INDIA",ELECTRICAL MATERIAL,15,3,4378M,45,Approved,733262,,
REQ2500006921,Goods, 10001769,,"TEFLON TAPE 1/2"" X 10YARD, ORIGIN: PRC",MATERIALS LOCAL,20,0.204203784,4378M,4.08407568,Approved,733262,,
REQ2500006921,Goods, 10001737,,"FOAM SPRAY 500ML, PACKING: 12PC / CTN, MAKE: ASMACO",CIVIL MATERIAL,10,6.75,4378M,67.5,Approved,733262,,
REQ2500006921,Goods, 10001761,,"DOTTED GLOVES 14 OZ - SINGLE SIDE DOTTED, MATERIAL: POLYSTER, COTTON & PVC DOTS, MODEL NO. 757, PART NO. 81GLOV-SSD, MAKE: RIGMAN",OTHER EXPENSES,50,0.95,4378M,47.5,Approved,733262,,
REQ2500006921,Goods, 10002701,,"GAS CHARGING VALVE 1/4"" X .35MM X 10CM, ORIGIN: INDIA",MECHANICAL MATERIAL,100,1.2,4378M,120,Approved,733262,,
REQ2500006921,Goods, 10000148,,"THERMOMETER DIGITAL, (POCKET TYPE), MODEL: TPT9282A, MAKE: TERMINATOR, ORIGIN: PRC",ELECTRICAL MATERIAL,10,54.83018868,4378M,548.3018868,Approved,733262,,
REQ2500007020,Goods, 10000007,,"LINE TESTER, YELLOW, MAKE: TAPARIA, ORIGIN: INDIA",ELECTRICAL MATERIAL,10,3.75,4378M,37.5,Approved,737277,,
REQ2500007261,Goods, 10006781,,"BRAZING SET PORTABLE COMPLETE WITH TROLLEY 504, WELDING OUTLET KL550-5, ACETYLENE & OXYGEN CYLINDER 40CU. FT., MODEL: KL-550, MAKE: UNIWELD, ORIGIN: USA",MECHANICAL MATERIAL,4,1950,4378M,7800,Approved,PO2500003921,,
REQ2500007271,Goods, 10041537,,"RELAY 14PIN 240VAC, WITH BASE, PART NO. RXM4AB1U7, MAKE: SCHNEIDER",ELECTRICAL MATERIAL,10,17,4378M,170,Approved,PO2500003995,,
REQ2500007271,Goods, 10018263,,"RELAY 24V 14PIN WITH BASE, PART NO. RXZE2M114M, MAKE: SCHNEIDER",ELECTRICAL MATERIAL,10,9,4378M,90,Approved,PO2500003995,,
REQ2500007271,Goods, 10000544,,"GLASS FUSE 4A, SIZE: 5 X 20",ELECTRICAL MATERIAL,10,1,4378M,10,Approved,PO2500003995,,
REQ2500007271,Goods, 10026790,,"GLASS FUSE 2,5A, PART NO. MI5SF25V2, MAKE: MERSEN, ORIGIN: CHINA",ELECTRICAL MATERIAL,10,1,4378M,10,Approved,PO2500003995,,
REQ2500007252,Goods, 10002830,,"GAS ADAPTOR R410A, ORIGIN: THAILAND",MECHANICAL MATERIAL,5,5.890243902,4378M,29.45121951,Approved,739265,,
REQ2500007271,Goods, 10000826,,GLASS FUSE 5A,ELECTRICAL MATERIAL,10,1,4378M,10,Approved,PO2500003995,,
REQ2500007271,Goods, 10000827,,GLASS FUSE 6A,ELECTRICAL MATERIAL,10,1,4378M,10,Approved,PO2500003995,,
REQ2500007271,Goods, 10000829,,GLASS FUSE 8A,ELECTRICAL MATERIAL,10,1,4378M,10,Approved,PO2500003995,,
REQ2500007271,Goods, 10000547,,"GLASS FUSE 7A, SIZE: 5 X 20",ELECTRICAL MATERIAL,10,1,4378M,10,Approved,PO2500003995,,
REQ2500007271,Goods, 10010707,,"LADDER 6 STEPS ALUMINIUM, A TYPE HEAVY DUTY, 150KG CAPACITY, MAKE: TOPMAN, ORIGIN: UAE",CIVIL MATERIAL,5,145,4378M,725,Approved,PO2500003996,,
REQ2500007271,Goods, 10002874,,"MANIFOLD GAUGE SET BRASS 2-VALVE 3SOFT HOSES R-12 / R22/ R134 / R404, MODEL NO. QAL3SM-5, BRAND: UNIWELD, ORIGIN: USA",MECHANICAL MATERIAL,10,135,4378M,1350,Approved,PO2500003998,,
REQ2500007271,Goods, 10018978,,"MAP PRO GAS, YELLOW CYLINDER, 400G, MAKE: BLUE FIRE, ORIGIN: UAE",MATERIALS LOCAL,10,13,4378M,130,Approved,PO2500003998,,
REQ2500007481,Goods, 10018896,,"CABLE 4C X 25SQMM, XLPE/SWA/PVC, MAKE: MESC",CABLES,34,81.61,4378M,2774.74,Approved,PO2500004017,,
REQ2500007481,Goods, 10018892,,"CABLE 3C X 16SQMM, XLPE/SWA/PVC, MAKE: MESC",CABLES,32,25.83,4378M,826.56,Approved,PO2500004017,,
REQ2500007481,Goods, 10031619,,"CABLE LUG 25MM, PIN TYPE, ORIGIN: INDIA",ELECTRICAL MATERIAL,30,3,4378M,90,Approved,PO2500004017,,
REQ2500007481,Goods, 10031620,,"CABLE LUG 16MM, PIN TYPE, ORIGIN: INDIA",ELECTRICAL MATERIAL,40,1.53,4378M,61.2,Approved,PO2500004017,,
REQ2500007481,Goods, 10020623,,"TRUNKING 50 X 50MM, PVC, MAKE: BGL",ELECTRICAL MATERIAL,2,12.53,4378M,25.06,Approved,PO2500004017,,
REQ2500007481,Goods, 10009135,,"CABLE GLAND BW25 LSF, BRASS, PART NO. BW25LSF,MAKE: BICC",ELECTRICAL MATERIAL,5,7.53,4378M,37.65,Approved,PO2500004017,,
REQ2500007481,Goods, 10029973,,"CABLE GLAND BW 32, BRASS, PART NO. BW32, MAKE: BICC",ELECTRICAL MATERIAL,5,10.53,4378M,52.65,Approved,PO2500004017,,
REQ2500007105,Goods, 10014253,,"COMPRESSOR ROTARY 2TON LRA 75, 1P 3LEGS, 220-240V, MODEL NO. QP407, MAKE: LG, ORIGIN: KOREA",COMPRESSORS AND MOTORS,1,420,4378M,420,Approved,PO2500004117,,
REQ2500007105,Goods, 10045639,,"GAS R32, CAPACITY: 10KG, MAKE: FLORON, ORIGIN: INDIA",GAS,5,285,4378M,1425,Approved,PO2500004117,,
REQ2500007221,Goods, 10015330,,"COOKER (STOVE) TABLE TYPE WITH 3 BURNER, MODEL NO. RV-310, MAKE: RINNAI",CIVIL MATERIAL,4,225,4378M,900,Approved,PO2500004281,,
REQ2500007221,Goods, 10006786,,"WASHING MACHINE SEMI AUTOMATIC TWIN TUB 12 KGS., MODEL: WTX-1217, MAKE: WESTPOINT",ELECTRICAL EQUIPMENT,1,550,4378M,550,Approved,PO2500004281,,
REQ2500007221,Goods, 10015329,,"REFRIGERATOR 200LTR, DOUBLE DOOR, MODEL NO. WRN-2417, MAKE: WESTPOINT",ELECTRICAL EQUIPMENT,1,820,4378M,820,Approved,PO2500004281,,
REQ2500007904,Goods, 10002386,,"COPPER PIPE 5/8"" X 50' X 0.028"" THICK, MAKE: MAKSAL, ORIGIN: SA",MECHANICAL MATERIAL,3,227,4378M,681,Approved,PO2500004358,,
REQ2500007872,Goods, 10002414,,"RUBBER PIPE INSULATION 5/8"" DIA X 3/8"" THICK X1.8MTR / LTH, PACKING: 90TUBES / BOX, MAKE: WORLD FLEX BY GULF-O-FLEX, ORIGIN: UAE",MATERIALS LOCAL,1,1.27,4378M,1.27,Approved,755267,,
REQ2500007872,Goods, 10001783,,"U-CLAMP 2 1/2"" X 8MM WITH 4 NUT & 4 WASHER, G.I, ORIGIN: CHINA",MATERIALS LOCAL,20,0.9,4378M,18,Approved,755267,,
REQ2500007872,Goods, 10001666,,"CONCRETE DRILL BIT 8MM X 160MM DIA, PART NO. D00527, MAKE: MAKITA, ORIGIN: JAPAN",MATERIALS LOCAL,2,3.57,4378M,7.14,Approved,755267,,
REQ2500007872,Goods, 10001761,,"DOTTED GLOVES 14 OZ - SINGLE SIDE DOTTED, MATERIAL: POLYSTER, COTTON & PVC DOTS, MODEL NO. 757, PART NO. 81GLOV-SSD, MAKE: RIGMAN",OTHER EXPENSES,10,0.95,4378M,9.5,Approved,755267,,
REQ2500007872,Goods, 10013884,,"SILICON SEALANT ANTI-FUNGAL 320ML, WHITE, PACKING: 24PCS / CTN, MAKE: DOLPHIN, ORIGIN: UAE",MATERIALS LOCAL,5,4.75,4378M,23.75,Approved,755267,,
REQ2500007886,Goods, 10025305,,"BLACK TAPE 2"" X 60Ft, PVC, PACKING: 60 ROLL / BOX, PRODUCT CODE: IFT-0009, MAKE: INNERFIX",CIVIL MATERIAL,40,1.7,4378M,68,Approved,758273,,
REQ2500007886,Goods, 10001666,,"CONCRETE DRILL BIT 8MM X 160MM DIA, PART NO. D00527, MAKE: MAKITA, ORIGIN: JAPAN",MATERIALS LOCAL,2,3.57,4378M,7.14,Approved,758273,,
REQ2500007904,Goods, 10002414,,"RUBBER PIPE INSULATION 5/8"" DIA X 3/8"" THICK X1.8MTR / LTH, PACKING: 90TUBES / BOX, MAKE: WORLD FLEX BY GULF-O-FLEX, ORIGIN: UAE",MATERIALS LOCAL,19,1.27,4378M,24.13,Approved,PO2500004358,,
REQ2500007904,Goods, 10002444,,"RUBBER PIPE INSULATION 3/8"" DIA X 3/8"" THICK X1.8MTR / LTH, PACKING: 130TUBES / BOX, MAKE: WORLDFLEX BY GULFOFLEX, ORIGIN: UAE",MECHANICAL MATERIAL,20,1,4378M,20,Approved,PO2500004358,,
REQ2500007904,Goods, 10002373,,"CANVAS CLOTH 6 OZ, 36"" X 20 YARD / ROLL, MAKE: TAKA, ORIGIN: PAKISTAN",CIVIL MATERIAL,2,12.00796813,4378M,24.01593626,Approved,PO2500004358,,
REQ2500007904,Goods, 10002851,,"CANVAS COATING GEE FIX 30/36 (EQUIVALENT TO FOSTER 30/36), PACKING: 20KG / DRUM, ORIGIN: UAE",MATERIALS LOCAL,1,33.5,4378M,33.5,Approved,PO2500004358,,
REQ2500008181,Goods, 10001900,,"BUNK BED DOUBLE 190 X 90CM, METAL TYPE, HEAVY DUTY, HORIZONTAL THICK TUBE, GREY, WEIGHT: 35KG, MAKE: LOCAL, ORIGIN: UAE",LABOUR ACCOMMODATION EXPS,3,324.9466979,4378M,974.8400937,Approved,PO2500004393,,
REQ2500007904,Goods, 10008887,,"COPPER PIPE 3/8"" X 50' X 0.061MM THK, MAKE: MAKSAL, ORIGIN: SOUTH AFRICA",MECHANICAL MATERIAL,3,130,4378M,390,Approved,PO2500004446,,
REQ2500007904,Goods, 10001737,,"FOAM SPRAY 500ML, PACKING: 12PC / CTN, MAKE: ASMACO",CIVIL MATERIAL,10,6.75,4378M,67.5,Approved,PO2500004446,,
REQ2500007904,Goods, 10000142,,"CABLE 4C X 2.5SQMM, PVC FLEXIBLE, DUFLEX 70 DEGREE, WHITE, MAKE: DUCAB, ORIGIN: UAE",CABLES,1,416.5185185,4378M,416.5185185,Approved,PO2500004446,,
REQ2500007904,Goods, 10002061,,"GYPSUM SCREW 1"" X 6MM, PACKING: 800 NOS/PKT, ORIGIN: CHINA",MATERIALS LOCAL,1,12,4378M,12,Approved,PO2500004461,,
REQ2500007904,Goods, 10022935,,"GYPSUM SCREW 1.5"" X 6MM, PACKING: 1000NOS/BOX, ORIGIN: CHINA",MATERIALS LOCAL,1,9,4378M,9,Approved,PO2500004461,,
REQ2500007904,Goods, 10045379,,"HOLESAW CUTTER 2” X 30MM, SS, MAKE: KMANN",MATERIALS LOCAL,2,34,4378M,68,Approved,PO2500004461,,
REQ2500007940,Goods, 10000254,,"DIGITAL CLAMP METER 1000A WITH TEST CERTIFICATE, MODEL NO. 3280-10, MAKE: HIOKI, ORIGIN: JAPAN",ELECTRICAL MATERIAL,10,173.1153846,4378M,1731.153846,Approved,758277,,
REQ2500007940,Goods, 10000112,,"CONTACTOR 11KW 400V 25A (AC3), 40A (AC1), 3P 24V AC COIL, 1NO+1NC 50/60 HZ, PART NO. LC1D25B7, MAKE: SCHNIEDER ELECTRIC, ORIGIN: FRANCE",ELECTRICAL MATERIAL,1,92.66533888,4378M,92.66533888,Approved,758277,,
REQ2500007940,Goods, 10000007,,"LINE TESTER, YELLOW, MAKE: TAPARIA, ORIGIN: INDIA",ELECTRICAL MATERIAL,10,3.75,4378M,37.5,Approved,758277,,
REQ2500008178,Goods, 10001900,,"BUNK BED DOUBLE 190 X 90CM, METAL TYPE, HEAVY DUTY, HORIZONTAL THICK TUBE, GREY, WEIGHT: 35KG, MAKE: LOCAL, ORIGIN: UAE",LABOUR ACCOMMODATION EXPS,19,324.9466979,4378M,6173.98726,Approved,766267,,
REQ2500007271,Goods, 10014763,,"MAP GAS HAND TORCH WITH HOSE, MAKE: ECOFROST",MECHANICAL MATERIAL,4,65,4378M,260,Approved,PO2500004468,,
REQ2500008621,Goods, 10048700,,"HUMVAC VACUUM PUMP 6CFM 220V/240, 50/60HZ, MAKE: UNIWELD",MECHANICAL MATERIAL,4,875,4378M,3500,Approved,PO2500004636,,
REQ2500008621,Goods, 10009123,,"PRESSURE PUMP HD9 / 80L, 240V / 50Hz, MAKE: KRANZLE, ORIGIN: GERMANY",MECHANICAL EQUIPMENT,5,2270,4378M,11350,Approved,PO2500004637,,
REQ2500008181,Goods, 10015330,,"COOKER (STOVE) TABLE TYPE WITH 3 BURNER, MODEL NO. RV-310, MAKE: RINNAI",CIVIL MATERIAL,6,225,4378M,1350,Approved,PO2500004696,,
REQ2500008491,Goods, 10047648,,"EXTENSION REEL 13A 50MTR, 3 GANG, GALVANIZED STEEL BODY, MAKE: KL STAR",ELECTRICAL MATERIAL,5,150,4378M,750,Approved,770292,,
REQ2500008181,Goods, 10045687,,"MICROWAVE OVEN 25LTR, MAKE: PANASONIC",ELECTRICAL MATERIAL,6,375,4378M,2250,Approved,PO2500004696,,
REQ2500008181,Goods, 10015395,,"WASHING MACHINE, FULLY AUTOMATIC FRONT LOAD, CAPACITY: 6KG, MODEL NO. SGW6200, MAKE: SUPER GENERAL",ELECTRICAL EQUIPMENT,6,700,4378M,4200,Approved,PO2500004696,,
REQ2500008634,Goods, 10004978,,"TEXTLINER, COLOUR: YELLOW, CODE:15 48 07, MODEL:1548, REFILL, MAKE: FABER-CASTELL, ORIGIN: GERMANY",STAIONERY,4,2.067111009,4378M,8.268444036,Approved,770303,,
REQ2500008634,Goods, 10004992,,"TEXTLINER, COLOUR: BLUE,CODE:15 48 51, MODEL: 1548, REFILL, MAKE: FABER-CASTELL, ORIGIN: GERMANY",STAIONERY,4,1.9080632,4378M,7.6322528,Approved,770303,,
REQ2500008634,Goods, 10004969,,"PAPER A4, 80GSM, WHITE, PACKING: 5 REEM / CTN, BRAND: DOUBLE A",STAIONERY,4,63.75,4378M,255,Approved,770303,,
REQ2500008634,Goods, 10005057,,"PAPER A3, 80GSM, PACKING: 5 REEM / CTN, BRAND: DOUBLE A",STAIONERY,2,26.5,4378M,53,Approved,770303,,
REQ2500008634,Goods, 10005059,,"CALCULATOR, MODEL JS40B, MAKE: CASIO",STAIONERY,4,84.5,4378M,338,Approved,770303,,
REQ2500008634,Goods, 10005042,,"PENCIL, NORIS HB, ART NO. 122-HB, MAKE: STEADTLER, PACKING: 12 NOS / PKT, ORIGIN: GERMANY",STAIONERY,20,0.88,4378M,17.6,Approved,770303,,
REQ2500008634,Goods, 10005056,,"PEN 1.0MM, BLUE, TRI-MATE, MAKE: CELLO, ORIGIN: INDIA",STAIONERY,20,0.31,4378M,6.2,Approved,770303,,
REQ2500008634,Goods, 10005023,,"PEN HOLDER, NET TYPE, MAKE: DELUXE",STAIONERY,6,1.994210287,4378M,11.96526172,Approved,770303,,
REQ2500008634,Goods, 10004985,,"STAPLE, NO.35-1M, 26/6, MAKE: MAX",STAIONERY,6,1.0995006,4378M,6.5970036,Approved,770303,,
REQ2500008634,Goods, 10004973,,"STAPLER, MODEL HD-50/50R, BRAND: MAX, ORIGIN: JAPAN",STAIONERY,6,16,4378M,96,Approved,770303,,
REQ2500008634,Goods, 10004997,,"STAPLE REMOVER, MODEL SR-45, MAKE: KANGAROO",STAIONERY,5,1.75,4378M,8.75,Approved,770303,,
REQ2500008634,Goods, 10005035,,"GLUE STICK, 21GRM, MAKE: UHU",STAIONERY,5,3.1970166,4378M,15.985083,Approved,770303,,
REQ2500008634,Goods, 10005094,,"ENVELOPE A4 - 12 X 10, BROWN 120GSM, PRODUCT CODE: MX-120BR12X10, PACKING: 50 NOS/PKT, MAKE: MAXI",STAIONERY,20,0.18,4378M,3.6,Approved,770303,,
REQ2500008634,Goods, 10005095,,"ENVELOPE A5 - 10 X 7, BROWN 110GSM, PACKING: 50 NOS/PKT, MAKE: MAXI",STAIONERY,10,0.120063834,4378M,1.20063834,Approved,770303,,
REQ2500008634,Goods, 10005086,,"DOCUMENT WALLET FOLDER FULL FLAP/COVER, F4 300GSM BLUE, PRODUCT CODE: MS329, MAKE: MODEST",STAIONERY,50,1.1,4378M,55,Approved,770303,,
REQ2500008634,Goods, 10005037,,"ERASER WS20, MAKE: MAXI",STAIONERY,10,0.4110317,4378M,4.110317,Approved,770303,,
REQ2500008634,Goods, 10005015,,"SHARPNER CUP TYPE, MAKE: MODEST, ORIGIN: GERMANY",STAIONERY,10,0.9,4378M,9,Approved,770303,,
REQ2500008634,Goods, 10005007,,"SCALE 12"" X 30CM, STEEL , MAKE: MODEST, ORIGIN: UAE",STAIONERY,6,2.5049462,4378M,15.0296772,Approved,770303,,
REQ2500008634,Goods, 10005044,,"CORRECTION PEN, 12ML, 1 X 12, BRAND: PENTAL, ORIGIN: JAPAN",STAIONERY,10,6.8,4378M,68,Approved,770303,,
REQ2500008634,Goods, 10005043,,"PAPER CLIP 30MM, 100PCS / PKT, MODEL 233, BRAND: SAX",STAIONERY,10,1.844706853,4378M,18.44706853,Approved,770303,,
REQ2500008634,Goods, 10005051,,"BINDER CLIP 32MM, PACKING: 12PC / PKT, MAKE: MODEST",STAIONERY,10,1.5012538,4378M,15.012538,Approved,770303,,
REQ2500008634,Goods, 10005026,,"MEMO CUBE, RE-ORDER NO.680-4, (6 PADS/PKT), MAKE: 3M",STAIONERY,4,5.4235448,4378M,21.6941792,Approved,770303,,
REQ2500008634,Goods, 10005013,,"POST IT PAD 3"" X 3"", MODEL 654, MAKE: 3M",STAIONERY,5,2.8479344,4378M,14.239672,Approved,770303,,
REQ2500008634,Goods, 10004995,,"RUBBER BAND 16/50, 50G, MAKE: FIS",STAIONERY,5,1.75,4378M,8.75,Approved,770303,,
REQ2500008634,Goods, 10005022,,"REGISTER BOOK 2QUIRE MANUSCRIPT 9""X7"", HARD COVER, MAKE: MODEST",STAIONERY,10,3.901612903,4378M,39.01612903,Approved,770303,,
REQ2500008634,Goods, 10004999,,"RIGID BOX FILE, BLACK, MODEL MS311, MAKE: MODEST",STAIONERY,20,9.019230769,4378M,180.3846154,Approved,770303,,
REQ2500008634,Goods, 10005002,,"DIVIDER 1-12 , PACKING: 25SET / BOX, GREY, MODEL MS112, MAKE: MODEST",STAIONERY,20,1.25,4378M,25,Approved,770303,,
REQ2500008634,Goods, 10005003,,"DIVIDER 1-31 , PACKING: 10SET / BOX, GREY, MODEL MS131, MAKE: MODEST",STAIONERY,20,3.2194422,4378M,64.388844,Approved,770303,,
REQ2500008634,Goods, 10004974,,"PAPER PUNCH, 2 HOLES, MODEL DP-520, BRAND: KANGAROO",STAIONERY,4,7.75,4378M,31,Approved,770303,,
REQ2500008634,Goods, 10005022,,"REGISTER BOOK 2QUIRE MANUSCRIPT 9""X7"", HARD COVER, MAKE: MODEST",STAIONERY,10,3.901612903,4378M,39.01612903,Approved,770303,,
REQ2500008644,Goods, 10015007,,"WINDOW AC 2TON R410, MODEL NO. 313MWTF2-24CMN1, MAKE: MIDEA ",AC,6,1650,4378M,9900,Approved,PO2500004712,,
REQ2500008971,Goods, 10049718,,"REFRIGERATOR 140LTR, WHITE SINGLE DOOR, MODEL NO. SGR060H, MAKE: SUPER GENERAL",ELECTRICAL MATERIAL,2,500,0,1000,Approved,PO2500004822,,
REQ2500008971,Goods, 10015329,,"REFRIGERATOR 200LTR, DOUBLE DOOR, MODEL NO. WRN-2417, MAKE: WESTPOINT",ELECTRICAL EQUIPMENT,6,820,0,4920,Approved,PO2500004822,,
REQ2500008649,Goods, 10048916,,"DB 125A IN STEEL SHEET IP65 ENCLOSURE, I/C: 125A TP MCCB 25KA X1NO, O/G: 32A SP MCB 6KA X2NO, 63A SP MCB 6KA X2NO, 63A TP MCB 6KA X2NO, MAKE: SCHNEIDER",PANELS,1,1632,4378M,1632,Approved,PO2500004844,,
REQ2500008824,Goods, 10002458,,"THERMOSTAT FOR WINDOW A/C, MODEL: PFA 606S - 2 PIN, ORIGIN: CHINA",ELECTRICAL MATERIAL,10,5.919394906,4378M,59.19394906,Approved,772295,,
REQ2500008824,Goods, 10002420,,"THERMOSTAT 220V 2STAGE WITH SENSOR -25 DEG. TO 105 DEG, COOL ONLY, MODEL T7079B1044, BRAND: HONEYWELL, ORIGIN: USA",ELECTRICAL MATERIAL,2,320,4378M,640,Approved,772295,,
REQ2500008824,Goods, 10002844,,"CAPACITOR 2.5 MFD (ROUND), PIN, PLASTIC, MAKE: SYSCAP, ORIGIN: INDIA",ELECTRICAL MATERIAL,30,3.75,4378M,112.5,Approved,772295,,
REQ2500008824,Goods, 10002464,,"CAPACITOR 3.5 MFD SQUARE BLACK, PLASTIC, ORIGIN: INDIA",ELECTRICAL MATERIAL,30,3,4378M,90,Approved,772295,,
REQ2500008824,Goods, 10042554,,"FREON GAS R407C, PACKING: 11.3 KGS / CYL, MAKE: FLORON",GAS,5,298.3870968,4378M,1491.935484,Approved,772295,,
REQ2500008824,Goods, 10000009,,"BATTERY AA, PACKING: 20 CARD / BOX, 2PCS / CARD, BRAND: ENERGIZER",BATTERY,40,2.748250073,4378M,109.9300029,Approved,772295,,
REQ2500008824,Goods, 10000487,,"BATTERY AAA, PACKING: 20 CARD / BOX, 2PCS / CARD, BRAND: ENERGIZER",BATTERY,2,4.242424242,4378M,8.484848484,Approved,772295,,
REQ2500008824,Goods, 10002271,,"GAS R22, PACKING: 13.6KGS (30LBS), DISPOSABLE CYLINDER, BRAND: FLORON, ORIGIN: INDIA",GAS,20,199,4378M,3980,Approved,772295,,
REQ2500008649,Goods, 10048917,,"DB 63A IN STEEL SHEET IP65, I/C: 63A 4P ISOLATOR R/MOUNTED TYPE WITH 3PH KWH METER & 63A TP MCCB 25KA X 1NO, O/G: 32A SP MCB 6KA X2NO, 63A SP MCB 6KA X 4NO, 63A TP MCB 6KA X 2NO, MAKE: SCHNEIDER",PANELS,1,2776,4378M,2776,Approved,PO2500004844,,
REQ2500008649,Goods, 10048918,,"SUPPLY OF KWH METER 1PH, 100A, ORIGIN: UAE / CHINA",ELECTRICAL MATERIAL,2,436,4378M,872,Approved,PO2500004844,,
REQ2500008849,Goods, 10040872,,"THERMOSTAT FCU DIGITAL 3 SPEED 220V ON/OFF HALO HORIZONTAL (BLUE), REMOTE SENSOR, MODEL NO. T6861H2WB-R, MAKE: HONEYWELL",MECHANICAL MATERIAL,10,110,4378M,1100,Approved,PO2500004914,,
REQ2500008849,Goods, 10011469,,"TIME DELAY TIMER 3 - 10MIN, PART NO. ICM102B, MAKE: ICM, ORIGIN: USA",ELECTRICAL MATERIAL,10,14,4378M,140,Approved,PO2500004916,,
REQ2500008849,Goods, 10002770,,"CAPACITOR 4 MFD, ROUND METAL, ORIGIN: INDIA",ELECTRICAL MATERIAL,30,4.032142857,4378M,120.9642857,Approved,PO2500004916,,
REQ2500009179,Goods, 10045639,,"GAS R32, CAPACITY: 10KG, MAKE: FLORON, ORIGIN: INDIA",GAS,10,285,4378M,2850,Approved,PO2500004937,,
REQ2500009191,Goods, 10045639,,"GAS R32, CAPACITY: 10KG, MAKE: FLORON, ORIGIN: INDIA",GAS,10,285,4378M,2850,Approved,PO2500004937,,
REQ2500009098,Goods, 10002752,,"PIPE WRENCH 18"" STRAIGHT H/D, PART NO. 31025-18, MAKE: RIDGID, ORIGIN: USA",MECHANICAL MATERIAL,2,225,4378M,450,Approved,PO2500005003,,
REQ2500008861,Goods, 10009635,,"V BELT SPA-1632, MAKE: DUNLOP, ORIGIN: KOREA",MECHANICAL MATERIAL,10,24,4378M,240,Approved,PO2500005199,,
REQ2500008861,Goods, 10013545,,"V BELT SPA-1850, MAKE: DUNLOP, ORIGIN: KOREA",MECHANICAL MATERIAL,10,28,4378M,280,Approved,PO2500005199,,
REQ2500008861,Goods, 10023674,,"V-BELT SPZ-1180, MAKE: DUNLOP, ORIGIN: KOREA",MECHANICAL MATERIAL,10,12,4378M,120,Approved,PO2500005199,,
REQ2500008861,Goods, 10021198,,"V-BELT B-29, MAKE: DUNLOP, ORIGIN: KOREA",MECHANICAL MATERIAL,10,12,4378M,120,Approved,PO2500005199,,
REQ2500008861,Goods, 10026404,,"V BELT B-32, MAKE: DUNLOP, ORIGIN: KOREA ",MECHANICAL MATERIAL,10,12,4378M,120,Approved,PO2500005199,,
REQ2500008861,Goods, 10021523,,"V BELT B-34, MAKE: DUNLOP, ORIGIN: KOREA",MECHANICAL MATERIAL,10,11,4378M,110,Approved,PO2500005199,,
REQ2500008861,Goods, 10019496,,"V BELT B-39, MAKE: DUNLOP, ORIGIN: KOREA",MECHANICAL MATERIAL,10,15,4378M,150,Approved,PO2500005199,,
REQ2500008861,Goods, 10009420,,"V BELT B-40, MAKE: DUNLOP, ORIGIN: KOREA",MECHANICAL MATERIAL,10,15,4378M,150,Approved,PO2500005199,,
REQ2500008861,Goods, 10009427,,"V BELT B-41, MAKE: DUNLOP, ORIGIN: KOREA",MECHANICAL MATERIAL,10,15,4378M,150,Approved,PO2500005199,,
REQ2500008861,Goods, 10015960,,"V BELT B-43, MAKE: DUNLOP, ORIGIN: KOREA",MECHANICAL MATERIAL,10,16,4378M,160,Approved,PO2500005199,,
REQ2500008861,Goods, 10009421,,"V BELT B-44, MAKE: DUNLOP, ORIGIN: KOREA",MECHANICAL MATERIAL,10,16,4378M,160,Approved,PO2500005199,,
REQ2500008861,Goods, 10043741,,"V BELT B-47, MAKE: DUNLOP, ORIGIN: KOREA",MECHANICAL MATERIAL,10,17,4378M,170,Approved,PO2500005199,,
REQ2500008861,Goods, 10043743,,"V-BELT B-50, MAKE: DUNLOP, ORIGIN: KOREA",MECHANICAL MATERIAL,10,19,4378M,190,Approved,PO2500005199,,
REQ2500008861,Goods, 10046386,,"V BELT B-54, MAKE: DUNLOP, ORIGIN: KOREA",MECHANICAL MATERIAL,10,19,4378M,190,Approved,PO2500005199,,
REQ2500008925,Goods, 10001651,,"RIVET 3.2MM X 8MM, ALUMINIUM, PACKING: 1000PCS / PKT, MAKE: PATTA, ORIGIN: TAIWAN",MATERIALS LOCAL,2,18.5,4378M,37,Approved,773281,,
REQ2500008925,Goods, 10001939,,"RIVET GUN (HAND RIVITING PLIER), RPC, MAKE: CLARKE",MATERIALS LOCAL,3,21.5,4378M,64.5,Approved,773281,,
REQ2500008861,Goods, 10010415,,"V BELT B-55, BRAND: DUNLOP, ORIGIN: KOREA",MECHANICAL MATERIAL,10,20,4378M,200,Approved,PO2500005199,,
REQ2500008861,Goods, 10009418,,"V BELT B-56, MAKE: DUNLOP, ORIGIN: KOREA",MECHANICAL MATERIAL,10,20,4378M,200,Approved,PO2500005199,,
REQ2500009017,Goods, 10002325,,"MATRESS FULLY MEDICATED, THICKNESS: 8CM, WITH 5 YEAR WARRANTY, BRAND: SUPER, ORIGIN: UAE",LABOUR ACCOMMODATION EXPS,44,75,4378M,3300,Approved,772323,,
REQ2500009017,Goods, 10002322,,"BLANKET SINGLE 2PLY 170 X 230CM, WEIGHT: 10.2LBS, BRAND: FLORA GOLD, ORIGIN: KOREA",LABOUR ACCOMMODATION EXPS,48,64.99981638,4378M,3119.991186,Approved,772323,,
REQ2500009017,Goods, 10002323,,"PILLOW VACCUM PACK 700GRAM, STD, COLOUR: WHITE, ORIGIN: UAE",LABOUR ACCOMMODATION EXPS,48,8.000002506,4378M,384.0001203,Approved,772323,,
REQ2500009093,Goods, 10002738,,"FREON GAS R410A X 25LBS / 11.3KG DISPOSIBLE CYLINDER, MAKE: FLORON",GAS,10,230,4378M,2300,Approved,773315,,
REQ2500008861,Goods, 10026220,,"V-BELT B-58, MAKE: DUNLOP, ORIGIN: KOREA",MECHANICAL MATERIAL,10,20,4378M,200,Approved,PO2500005199,,
REQ2500008861,Goods, 10009423,,"V BELT B-72, MAKE: DUNLOP, ORIGIN: KOREA",MECHANICAL MATERIAL,10,26,4378M,260,Approved,PO2500005199,,
REQ2500008861,Goods, 10039607,,"V-BELT B-79, MAKE: DUNLOP, ORIGIN: KOREA",MECHANICAL MATERIAL,10,28,4378M,280,Approved,PO2500005199,,
REQ2500009476,Goods, 10002271,,"GAS R22, PACKING: 13.6KGS (30LBS), DISPOSABLE CYLINDER, BRAND: FLORON, ORIGIN: INDIA",GAS,15,254,4378M,3810,Approved,778267,,
REQ2500009531,Goods, 10002337,,"FREON GAS R141B X 30LBS (R-11), DISPOSABLE PRESSURISED, ORIGIN: CHINA",GAS,10,84,4378M,840,Approved,777297,,
REQ2500009531,Goods, 10001363,,"FIRE RESISTANT CABLE 4C X 2.5SQMM+E, FP200, TYPE: SOLID GOLD, COLOUR: RED, MAKE: PRYSMIAN, ORIGIN: UK",CABLES,60,14.25,4378M,855,Approved,777297,,
REQ2500009531,Goods, 10000100,,"SWITCH SOCKET BOX 6"" X 3"" WITH CONDUIT KNOCK OUT, PVC, MAKE: PRECISION, ORIGIN: INDIA",ELECTRICAL MATERIAL,10,1.393493761,4378M,13.93493761,Approved,777297,,
REQ2500009531,Goods, 10000058,,"SWITCHED SOCKET DOUBLE 13A, VX1500, MAKE: VOLEX, ORIGIN: UK",ELECTRICAL MATERIAL,10,9.547045601,4378M,95.47045601,Approved,777297,,
REQ2500009531,Goods, 10001989,,"CLEANING MOPE COTTON, PLASTIC CLIP 350G WITH WOODEN HANDLE 120CM, CM08-BH01, ORIGIN: PAKISTAN",MATERIALS LOCAL,8,4.5,4378M,36,Approved,777297,,
REQ2500009531,Goods, 10001977,,"JUBILEE CLIP (BS120) 90-120MM (3-3/4""- 4-1/2"")5, MAKE: JUBILEE, ORIGIN: UK",MATERIALS LOCAL,6,2.7,4378M,16.2,Approved,777297,,
REQ2500009531,Goods, 10002060,,"JUBILEE (BS70) 55-70MM (2""- 2-3/4"")3, MAKE: JUBILEE, ORIGIN: UK",MATERIALS LOCAL,10,2.1,4378M,21,Approved,777297,,
REQ2500009722,Goods, 10045986,,"EXPANSION VALVE, TGEL 4.5 TR, R410A, PART NO. 067N3002, MAKE: DANFOSS ",MECHANICAL MATERIAL,1,270,4378M,270,Approved,PO2500005284,,
REQ2500009635,Goods, 10002288,,"FREON GAS R134A, PACKING: 13.6 KGS (30LBS) / CYL., MAKE: FLORON",GAS,10,340,4378M,3400,Approved,777313,,
REQ2500009701,Goods, 10050062,,"V-BELT SPA-1082, MAKE: DUNLOP, ORIGIN: KOREA",MECHANICAL MATERIAL,10,18,4378M,180,Approved,PO2500005317,,
REQ2500009701,Goods, 10043745,,"V-BELT A-64, MAKE: DUNLOP, ORIGIN: KOREA",MECHANICAL MATERIAL,10,15,4378M,150,Approved,PO2500005317,,
REQ2500009701,Goods, 10050063,,"V-BELT SPZ-1047, MAKE: DUNLOP, ORIGIN: KOREA",MECHANICAL MATERIAL,10,11,4378M,110,Approved,PO2500005317,,
REQ2500009701,Goods, 10050065,,"V-BELT SPZ-1137, MAKE: DUNLOP, ORIGIN: KOREA",MECHANICAL MATERIAL,10,12,4378M,120,Approved,PO2500005317,,
REQ2500009701,Goods, 10050066,,"V-BELT B-27, MAKE: DUNLOP, ORIGIN: KOREA",MECHANICAL MATERIAL,10,12,4378M,120,Approved,PO2500005317,,
REQ2500009701,Goods, 10050068,,"V-BELT B-30, MAKE: DUNLOP, ORIGIN: KOREA",MECHANICAL MATERIAL,10,12,4378M,120,Approved,PO2500005317,,
REQ2500009701,Goods, 10023534,,"V-BELT B-35, MAKE: DUNLOP, ORIGIN: KOREA",MECHANICAL MATERIAL,10,13,4378M,130,Approved,PO2500005317,,
REQ2500009701,Goods, 10009432,,"V BELT B-36, MAKE: DUNLOP, ORIGIN: KOREA",MECHANICAL MATERIAL,10,14,4378M,140,Approved,PO2500005317,,
REQ2500009701,Goods, 10035207,,"V-BELT B-37, MAKE: DUNLOP, ORIGIN: KOREA",MECHANICAL MATERIAL,10,14,4378M,140,Approved,PO2500005317,,
REQ2500009701,Goods, 10009435,,"V BELT B-42, MAKE: DUNLOP, ORIGIN: KOREA",MECHANICAL MATERIAL,10,15,4378M,150,Approved,PO2500005317,,
REQ2500009701,Goods, 10010413,,"V BELT B-45, MAKE: DUNLOP, ORIGIN: KOREA",MECHANICAL MATERIAL,10,17,4378M,170,Approved,PO2500005317,,
REQ2500009701,Goods, 10039605,,"V-BELT B-46, MAKE: DUNLOP, ORIGIN: KOREA",MECHANICAL MATERIAL,10,17,4378M,170,Approved,PO2500005317,,
REQ2500009701,Goods, 10009434,,"V BELT B-48, MAKE: DUNLOP, ORIGIN: KOREA",MECHANICAL MATERIAL,10,18,4378M,180,Approved,PO2500005317,,
REQ2500009701,Goods, 10022417,,"V-BELT B-49, MAKE: DUNLOP, ORIGIN: KOREA",MECHANICAL MATERIAL,10,18,4378M,180,Approved,PO2500005317,,
REQ2500009701,Goods, 10009433,,"V BELT B-52, MAKE: DUNLOP, ORIGIN: KOREA",MECHANICAL MATERIAL,10,19,4378M,190,Approved,PO2500005317,,
REQ2500009701,Goods, 10009443,,"V BELT B-53, MAKE: DUNLOP, ORIGIN: KOREA",MECHANICAL MATERIAL,10,19,4378M,190,Approved,PO2500005317,,
REQ2500009701,Goods, 10050069,,"V BELT B-57, MAKE: DUNLOP, ORIGIN: KOREA",MECHANICAL MATERIAL,10,20,4378M,200,Approved,PO2500005317,,
REQ2500009701,Goods, 10050070,,"V BELT B-59, MAKE: DUNLOP, ORIGIN: KOREA",MECHANICAL MATERIAL,10,21,4378M,210,Approved,PO2500005317,,
REQ2500009701,Goods, 10002732,,"V-BELT B-62, MAKE: DUNLOP, ORIGIN: KOREA",MECHANICAL MATERIAL,10,23,4378M,230,Approved,PO2500005317,,
REQ2500009701,Goods, 10050071,,"V-BELT B-63, MAKE: DUNLOP, ORIGIN: KOREA",MECHANICAL MATERIAL,10,23,4378M,230,Approved,PO2500005317,,
REQ2500009701,Goods, 10009422,,"V BELT B-64, MAKE: DUNLOP, ORIGIN: KOREA",MECHANICAL MATERIAL,10,23,4378M,230,Approved,PO2500005317,,
REQ2500009701,Goods, 10044196,,"V BELT B-67, MAKE: DUNLOP, ORIGIN: KOREA",MECHANICAL MATERIAL,10,24,4378M,240,Approved,PO2500005317,,
REQ2500009701,Goods, 10009419,,"V BELT B-70, MAKE: DUNLOP, ORIGIN: KOREA",MECHANICAL MATERIAL,10,26,4378M,260,Approved,PO2500005317,,
REQ2500009701,Goods, 10050072,,"V BELT B-78, MAKE: DUNLOP, ORIGIN: KOREA",MECHANICAL MATERIAL,10,27,4378M,270,Approved,PO2500005317,,
REQ2500009701,Goods, 10050073,,"V BELT A-33, MAKE: DUNLOP, ORIGIN: KOREA",MECHANICAL MATERIAL,10,8,4378M,80,Approved,PO2500005317,,
REQ2500009834,Goods, 10010707,,"LADDER 6 STEPS ALUMINIUM, A TYPE HEAVY DUTY, 150KG CAPACITY, MAKE: TOPMAN, ORIGIN: UAE",CIVIL MATERIAL,5,145,4378M,725,Approved,PO2500005422,,
REQ2500009831,Goods, 10000254,,"DIGITAL CLAMP METER 1000A WITH TEST CERTIFICATE, MODEL NO. 3280-10, MAKE: HIOKI, ORIGIN: JAPAN",ELECTRICAL MATERIAL,10,173.1153846,4378M,1731.153846,Approved,779260,,
REQ2500009831,Goods, 10002874,,"MANIFOLD GAUGE SET BRASS 2-VALVE 3SOFT HOSES R-12 / R22/ R134 / R404, MODEL NO. QAL3SM-5, BRAND: UNIWELD, ORIGIN: USA",MECHANICAL MATERIAL,10,135,4378M,1350,Approved,779260,,
REQ2500009831,Goods, 10001756,,"GRINDING DISC 115 X 6 X 22.23MM (4 1/2""), CS, MAKE: MAKITA",MATERIALS LOCAL,50,2.726090917,4378M,136.3045459,Approved,779260,,
REQ2500009831,Goods, 10001889,,"PIPE WRENCH 12"", PW12C, MAKE: CLARKE",MATERIALS LOCAL,9,17.95454545,4378M,161.5909091,Approved,779260,,
REQ2500009831,Goods, 10000007,,"LINE TESTER, YELLOW, MAKE: TAPARIA, ORIGIN: INDIA",ELECTRICAL MATERIAL,20,3.75,4378M,75,Approved,779260,,
REQ2500009834,Goods, 10002126,,"LADDER 8 STEPS ALUMINIUM, A TYPE HEAVY DUTY, DOUBLE SIDED, CAPACITY: 150KG, WITH 3 YEARS WARRANTY IN WELDING & MANUFACTURING, MAKE: TOPMAN",CIVIL MATERIAL,5,185,4378M,925,Approved,PO2500005422,,
REQ2500009834,Goods, 10002068,,"LADDER 10 STEPS ALUMINIUM, A TYPE, HEAVY DUTY DUAL PURPOSE, CAPACITY: 150 KG, WITH 3 YEARS WARRANTY IN WELDING & MANUFACTURING, MAKE: TOPMAN, ORIGIN: UAE",CIVIL MATERIAL,5,255,4378M,1275,Approved,PO2500005422,,
REQ2500009834,Goods, 10002830,,"GAS ADAPTOR R410A, ORIGIN: THAILAND",MECHANICAL MATERIAL,20,5.890243902,4378M,117.804878,Approved,PO2500005466,,
REQ2500009834,Goods, 10002763,,"TUBE BENDER 1/2"" SPRING TYPE, MAKE: P&M, ORIGIN: TAIWAN",MECHANICAL MATERIAL,5,4.5,4378M,22.5,Approved,PO2500005466,,
REQ2500009834,Goods, 10002922,,"TUBE BENDER 5/8"" SPRING TYPE, MAKE: P&M, ORIGIN: TAIWAN",MECHANICAL MATERIAL,5,6.5,4378M,32.5,Approved,PO2500005466,,
REQ2500009834,Goods, 10041181,,"SPRING TUBE BENDER 3/8, ORIGIN: CHINA",MECHANICAL MATERIAL,5,3.5,4378M,17.5,Approved,PO2500005466,,
REQ2500009834,Goods, 10049946,,"TIGHTER MACHINE, CORDLESS 18V, WITH 1.5Ah Li-Ion 2 BATTERY, CHARGER AND DRILL DRIVER KIT BOX, MODEL: SCD20S2K-B5, MAKE: STANLEY",ELECTRICAL MATERIAL,5,388,4378M,1940,Approved,PO2500005467,,
REQ2500009834,Goods, 10040860,,"ELECTRIC DRILL MACHINE 16MM, MODEL NO. HP1640K, MAKE: MAKITA",ELECTRICAL MATERIAL,4,300,4378M,1200,Approved,PO2500005483,,
REQ2500009834,Goods, 10021501,,"ELECTRIC ANGLE GRINDER 9', 2600W, 220V, MODEL: GA9040S, MAKE: MAKITA, ORIGIN: JAPAN",ELECTRICAL MATERIAL,4,398,4378M,1592,Approved,PO2500005483,,
REQ2500009834,Goods, 10001938,,"SILICON GUN (MASTIC GUN), MGLC, MAKE: CLARKE",MATERIALS LOCAL,5,5,4378M,25,Approved,PO2500005483,,
REQ2500009834,Goods, 10010585,,"BLOWER, 220V 800W 16000RPM, HEAVY DUTY, MODEL NO. DWB800-B5, MAKE: DEWALT",ELECTRICAL MATERIAL,10,225,4378M,2250,Approved,PO2500005483,,
REQ2500009834,Goods, 10000271,,"CABLE PULLING SPRING 30 MTR, (METAL), MAKE:HEIDELBERG",ELECTRICAL MATERIAL,4,7,4378M,28,Approved,PO2500005483,,
REQ2500009834,Goods, 10012663,,"LASER TACHOMETER, 99999RPM, PART NO. G9409, MAKE: GAZELLE, WITH 3RD PARTY CALIBRATION CERTIFICATE",ELECTRICAL MATERIAL,6,184,4378M,1104,Approved,PO2500005483,,
REQ2500010086,Goods, 10002386,,"COPPER PIPE 5/8"" X 50' X 0.028"" THICK, MAKE: MAKSAL, ORIGIN: SA",MECHANICAL MATERIAL,2,227,4378M,454,Approved,PO2500005501,,
REQ2500010086,Goods, 10008887,,"COPPER PIPE 3/8"" X 50' X 0.061MM THK, MAKE: MAKSAL, ORIGIN: SOUTH AFRICA",MECHANICAL MATERIAL,2,130,4378M,260,Approved,PO2500005501,,
REQ2500010086,Goods, 10002444,,"RUBBER PIPE INSULATION 3/8"" DIA X 3/8"" THICK X1.8MTR / LTH, PACKING: 130TUBES / BOX, MAKE: WORLDFLEX BY GULFOFLEX, ORIGIN: UAE",MECHANICAL MATERIAL,15,1,4378M,15,Approved,PO2500005501,,
REQ2500009956,Goods, 10002543,,"V-BELT A-72, MAKE: PIX, ORIGIN: INDIA",MECHANICAL MATERIAL,8,9,4378M,72,Approved,779271,,
REQ2500009956,Goods, 10002549,,"V-BELT SPZ-1657, MAKE: PIX, ORIGIN: INDIA",MECHANICAL MATERIAL,3,14,4378M,42,Approved,779271,,
REQ2500009956,Goods, 10004446,,"V-BELT ,SPA-1407 ,MAKE: DUNLOP",MECHANICAL MATERIAL,8,72,4378M,576,Approved,779271,,
REQ2500009956,Goods, 10004496,,"V-BELT(XPA-1060LP), MAKE-OBTI",MECHANICAL MATERIAL,2,42,4378M,84,Approved,779271,,
REQ2500009956,Goods, 10004498,,"V-BELT (SPZ1250), MAKE-BLACK BELT",MECHANICAL MATERIAL,7,8,4378M,56,Approved,779271,,
REQ2500009956,Goods, 10004588,,"V-BELT SPA-950, MAKE : BLACK BELT",MECHANICAL MATERIAL,2,2,4378M,4,Approved,779271,,
REQ2500009956,Goods, 10004593,,"V-BELT SPA-1007, MAKE: OPTI",MECHANICAL MATERIAL,4,7,4378M,28,Approved,779271,,
REQ2500009956,Goods, 10004595,,"V BELT AX-35, BRAND: DUNLOP",MECHANICAL MATERIAL,10,2,4378M,20,Approved,779271,,
REQ2500009956,Goods, 10004596,,"V BELT AX-59, BRAND: MAKE: PIX, ORIGIN: INDIA",MECHANICAL MATERIAL,1,4,4378M,4,Approved,779271,,
REQ2500009956,Goods, 10004602,,"V-BELT SPZ-1887, MAKE: DUNLOP, ORIGIN: KOREA",MECHANICAL MATERIAL,5,10,4378M,50,Approved,779271,,
REQ2500009956,Goods, 10004604,,"V-BELT SPA-1707, MAKE: OPTI, ORIGIN: EUROPE",MECHANICAL MATERIAL,8,51.75,4378M,414,Approved,779271,,
REQ2500009956,Goods, 10004605,,"V-BELT SPA-1000, MAKE: PIX, ORIGIN: INDIA",MECHANICAL MATERIAL,9,1,4378M,9,Approved,779271,,
REQ2500009956,Goods, 10004606,,"V-BELT SPA-1307, MAKE: PIX, ORIGIN: INDIA",MECHANICAL MATERIAL,2,8,4378M,16,Approved,779271,,
REQ2500009956,Goods, 10004607,,"V-BELT SPA-1282, BRAND: DUNLOP, ORIGIN: KOREA",MECHANICAL MATERIAL,2,9,4378M,18,Approved,779271,,
REQ2500009956,Goods, 10004615,,"V-BELT BX-29, MAKE: DUNLOP, ORIGIN: KOREA",MECHANICAL MATERIAL,1,2,4378M,2,Approved,779271,,
REQ2500009956,Goods, 10004616,,"V-BELT BX-38, MAKE: DUNLOP, ORIGIN: KOREA",MECHANICAL MATERIAL,8,2,4378M,16,Approved,779271,,
REQ2500009956,Goods, 10004618,,"V-BELT BX-44, MAKE: DUNLOP, ORIGIN: KOREA",MECHANICAL MATERIAL,3,1,4378M,3,Approved,779271,,
REQ2500009956,Goods, 10004619,,"V-BELT BX-47, MAKE: DUNLOP, ORIGIN: KOREA",MECHANICAL MATERIAL,7,8,4378M,56,Approved,779271,,
REQ2500009956,Goods, 10004620,,"V-BELT BX-48, MAKE: DUNLOP, ORIGIN: KOREA",MECHANICAL MATERIAL,2,3,4378M,6,Approved,779271,,
REQ2500009956,Goods, 10004625,,"V-BELT SPA-1282 ,MAKE: PIX, ORIGIN: INDIA",MECHANICAL MATERIAL,2,7,4378M,14,Approved,779271,,
REQ2500009956,Goods, 10004626,,"V-BELT SPA-1307 ,MAKE: BLACK BELT",MECHANICAL MATERIAL,8,2,4378M,16,Approved,779271,,
REQ2500009956,Goods, 10004627,,"V-BELT SPA-1332 ,MAKE: PIX, ORIGIN: INDIA",MECHANICAL MATERIAL,3,2,4378M,6,Approved,779271,,
REQ2500009956,Goods, 10004641,,"V-BELT SPZ-1700 ,MAKE: DUNLOP, ORIGIN: KOREA",MECHANICAL MATERIAL,6,8,4378M,48,Approved,779271,,
REQ2500009956,Goods, 10004644,,"VBELT XPA-1000, MAKE: PIX, ORIGIN: INDIA",MECHANICAL MATERIAL,4,3,4378M,12,Approved,779271,,
REQ2500009956,Goods, 10004645,,"VBELT XPA-1607, MAKE: PIX, ORIGIN: INDIA",MECHANICAL MATERIAL,2,6,4378M,12,Approved,779271,,
REQ2500009956,Goods, 10004646,,"VBELT XPA-950, MAKE: OPTI",MECHANICAL MATERIAL,5,4,4378M,20,Approved,779271,,
REQ2500009960,Goods, 10008829,,"CONTACTOR 35A 2P 220V, Model No. MC35P2, MAKE: DACO, ORIGIN: KOREA",ELECTRICAL MATERIAL,50,40,4378M,2000,Approved,778363,,779271
REQ2500009960,Goods, 10002711,,"CAPACITOR 45 MFD, MAKE: SYSCAP, ORIGIN: INDIA",ELECTRICAL MATERIAL,48,10.99315227,4378M,527.671309,Approved,778363,,779271
REQ2500009960,Goods, 10002844,,"CAPACITOR 2.5 MFD (ROUND), PIN, PLASTIC, MAKE: SYSCAP, ORIGIN: INDIA",ELECTRICAL MATERIAL,50,3.75,4378M,187.5,Approved,778363,,
REQ2500010086,Goods, 10002414,,"RUBBER PIPE INSULATION 5/8"" DIA X 3/8"" THICK X1.8MTR / LTH, PACKING: 90TUBES / BOX, MAKE: WORLD FLEX BY GULF-O-FLEX, ORIGIN: UAE",MATERIALS LOCAL,15,1.27,4378M,19.05,Approved,PO2500005501,,
REQ2500010086,Goods, 10002373,,"CANVAS CLOTH 6 OZ, 36"" X 20 YARD / ROLL, MAKE: TAKA, ORIGIN: PAKISTAN",CIVIL MATERIAL,2,12.00796813,4378M,24.01593626,Approved,PO2500005501,,
REQ2500009988,Goods, 10002386,,"COPPER PIPE 5/8"" X 50' X 0.028"" THICK, MAKE: MAKSAL, ORIGIN: SA",MECHANICAL MATERIAL,4,227,4378M,908,Approved,PO2500005506,,
REQ2500009988,Goods, 10008887,,"COPPER PIPE 3/8"" X 50' X 0.061MM THK, MAKE: MAKSAL, ORIGIN: SOUTH AFRICA",MECHANICAL MATERIAL,4,130,4378M,520,Approved,PO2500005506,,
REQ2500009988,Goods, 10002414,,"RUBBER PIPE INSULATION 5/8"" DIA X 3/8"" THICK X1.8MTR / LTH, PACKING: 90TUBES / BOX, MAKE: WORLD FLEX BY GULF-O-FLEX, ORIGIN: UAE",MATERIALS LOCAL,30,1.27,4378M,38.1,Approved,PO2500005506,,
REQ2500009988,Goods, 10002444,,"RUBBER PIPE INSULATION 3/8"" DIA X 3/8"" THICK X1.8MTR / LTH, PACKING: 130TUBES / BOX, MAKE: WORLDFLEX BY GULFOFLEX, ORIGIN: UAE",MECHANICAL MATERIAL,30,1,4378M,30,Approved,PO2500005506,,
REQ2500009988,Goods, 10002851,,"CANVAS COATING GEE FIX 30/36 (EQUIVALENT TO FOSTER 30/36), PACKING: 20KG / DRUM, ORIGIN: UAE",MATERIALS LOCAL,2,33.5,4378M,67,Approved,PO2500005506,,
REQ2500010037,Goods, 10002540,,"CAPACITOR 55+5 MFD, ROUND METAL BODY, ORIGIN: INDIA",ELECTRICAL MATERIAL,50,13,4378M,650,Approved,779296,,
REQ2500010037,Goods, 10000061,,"INSULATION TAPE 19MM X 10Y, RED, MAKE: 3M, ORIGIN: UK",ELECTRICAL MATERIAL,50,0.85,4378M,42.5,Approved,779296,,
REQ2500010037,Goods, 10000062,,"INSULATION TAPE 19MM X 10Y, YELLOW, MAKE: 3M, ORIGIN: UK",ELECTRICAL MATERIAL,50,0.849128293,4378M,42.45641465,Approved,779296,,
REQ2500010037,Goods, 10000064,,"INSULATION TAPE 19MM X 10Y, BLACK, MAKE: 3M, ORIGIN: UK",ELECTRICAL MATERIAL,3,0.85,4378M,2.55,Approved,779296,,
REQ2500010037,Goods, 10013883,,"ALUMINIUM PLAIN TAPE 2"" X 30 YARDS / ROLL, PACKING: 24 PCS/CTN, MAKE: HI-STICK, ORIGIN: UAE",MATERIALS LOCAL,100,2.62,4378M,262,Approved,779296,,
REQ2500010037,Goods, 10000053,,"CABLE TIES 300 X 3.6MM, WHITE, NYLON, MAKE: BULLTTE",ELECTRICAL MATERIAL,5,4.833385586,4378M,24.16692793,Approved,779296,,
REQ2500010037,Goods, 10002293,,"BRAZING ROD 0%, 1/8"" FLAT, 28STK/PKT, BRAND: HARIS, ORIGIN: USA",MATERIALS LOCAL,10,30.33587786,4378M,303.3587786,Approved,779296,,
REQ2500010037,Goods, 10002287,,"SPRAY WD40, PACKING: 330ML, BRAND: WD40, ORIGIN: UK",MATERIALS LOCAL,40,11,4378M,440,Approved,779296,,
REQ2500010037,Goods, 10001737,,"FOAM SPRAY 500ML, PACKING: 12PC / CTN, MAKE: ASMACO",CIVIL MATERIAL,20,6.834375,4378M,136.6875,Approved,779296,,
REQ2500010037,Goods, 10001646,,"GREASE, MULTI-PURPOSE, MODEL NO.3, PACKING: 1 KG/PKT, MAKE: LUBRIMATE",OIL AND FILTERS,20,11.79946524,4378M,235.9893048,Approved,779296,,
REQ2500010037,Goods, 10001728,,"BRUSH ASSY. SET (2), CAT. NO. 44540, MODEL 300 COMPACT, MAKE: RIDGID",MATERIALS LOCAL,19,88.5263158,4378M,1682,Approved,779296,,
REQ2500010037,Goods, 10001680,,"PAINT BRUSH 2"", WHITE BRISTLESS, MODEL NO. PB2WC, MAKE: CLARKE",MATERIALS LOCAL,20,2.4,4378M,48,Approved,779296,,
REQ2500010037,Goods, 10001660,,"M-SEAL GLUE 100 GRAM, MAKE: PIDLITE, ORIGIN: INDIA",CIVIL MATERIAL,20,2.403572835,4378M,48.0714567,Approved,779296,,
REQ2500010037,Goods, 10002151,,"SILICON SEALANT UNIVERSAL 280ML, CLEAR, MODEL NO. 1200G, PACKING: 24PC/CTN, MAKE: DOLPHIN, ORIGIN: UAE",MECHANICAL MATERIAL,20,3.5,4378M,70,Approved,779296,,
REQ2500010037,Goods, 10002701,,"GAS CHARGING VALVE 1/4"" X .35MM X 10CM, ORIGIN: INDIA",MECHANICAL MATERIAL,75,1.2,4378M,90,Approved,779296,,
REQ2500010037,Goods, 10002497,,"STRAINER 3/8"" X 3 CAPILLARY, ORIGIN: CHINA",MECHANICAL MATERIAL,50,1.5984431,4378M,79.922155,Approved,779296,,
REQ2500010037,Goods, 10002584,,"FLARE NUT 1/4"", BRASS, ORIGIN: INDIA",MATERIALS LOCAL,25,1.25,4378M,31.25,Approved,779296,,
REQ2500010037,Goods, 10002356,,"FLARE NUT BRASS 3/8"", ORIGIN: CHINA",MATERIALS LOCAL,25,1,4378M,25,Approved,779296,,
REQ2500010037,Goods, 10002468,,"FLARE NUT BRASS 1/2"", ORIGIN: INDIA",MATERIALS LOCAL,25,1.356761752,4378M,33.9190438,Approved,779296,,
REQ2500010037,Goods, 10002265,,"COPPER ELBOW 5/8"" X 90 DEG, MAKE: MUELLER, ORIGIN: USA",MECHANICAL MATERIAL,25,2.7,4378M,67.5,Approved,779296,,
REQ2500010037,Goods, 10000050,,"INDUSTRIAL SOCKET & PLUG 16A 220V, FEMALE AND MALE, MAKE: CEE",ELECTRICAL MATERIAL,50,5.258195309,4378M,262.9097655,Approved,779296,,
REQ2500010037,Goods, 10000009,,"BATTERY AA, PACKING: 20 CARD / BOX, 2PCS / CARD, BRAND: ENERGIZER",BATTERY,50,2.748250073,4378M,137.4125037,Approved,779296,,
REQ2500010037,Goods, 10001761,,"DOTTED GLOVES 14 OZ - SINGLE SIDE DOTTED, MATERIAL: POLYSTER, COTTON & PVC DOTS, MODEL NO. 757, PART NO. 81GLOV-SSD, MAKE: RIGMAN",OTHER EXPENSES,200,0.95,4378M,190,Approved,779296,,
REQ2500010037,Goods, 10002744,,"UNIVERSAL PC BOARD FOR SPLIT UNITS, MODEL: SG-U02B, ORIGIN: CHINA",MECHANICAL MATERIAL,20,21.07407407,4378M,421.4814814,Approved,779296,,
REQ2500010037,Goods, 10002458,,"THERMOSTAT FOR WINDOW A/C, MODEL: PFA 606S - 2 PIN, ORIGIN: CHINA",ELECTRICAL MATERIAL,30,5.919394906,4378M,177.5818472,Approved,779296,,
REQ2500010037,Goods, 10000132,,"PHASE FAILURE RELAY 3 PHASE, PART NO. RM17TG20, MAKE: SCHNEIDER ELECTRIC, ORIGIN: INDIA",ELECTRICAL MATERIAL,5,93.04,4378M,465.2,Approved,779296,,
REQ2500010037,Goods, 10002271,,"GAS R22, PACKING: 13.6KGS (30LBS), DISPOSABLE CYLINDER, BRAND: FLORON, ORIGIN: INDIA",GAS,30,254,4378M,7620,Approved,779296,,
REQ2500010037,Goods, 10002738,,"FREON GAS R410A X 25LBS / 11.3KG DISPOSIBLE CYLINDER, MAKE: FLORON",GAS,20,300,4378M,6000,Approved,779296,,
REQ2500010037,Goods, 10042554,,"FREON GAS R407C, PACKING: 11.3 KGS / CYL, MAKE: FLORON",GAS,15,298.3870968,4378M,4475.806452,Approved,779296,,
REQ2500010037,Goods, 10002337,,"FREON GAS R141B X 30LBS (R-11), DISPOSABLE PRESSURISED, ORIGIN: CHINA",GAS,10,84,4378M,840,Approved,779296,,
REQ2500010037,Goods, 10002288,,"FREON GAS R134A, PACKING: 13.6 KGS (30LBS) / CYL., MAKE: FLORON",GAS,30,340,4378M,10200,Approved,779296,,
REQ2500010037,Goods, 10002874,,"MANIFOLD GAUGE SET BRASS 2-VALVE 3SOFT HOSES R-12 / R22/ R134 / R404, MODEL NO. QAL3SM-5, BRAND: UNIWELD, ORIGIN: USA",MECHANICAL MATERIAL,10,135,4378M,1350,Approved,779296,,
REQ2500010037,Goods, 10007633,,"MAP GAS 750ML, PRODUCT CODE: 3.5698, MAKE: ROTHENBERGER, ORIGIN: GERMANY",MECHANICAL MATERIAL,5,19.5,4378M,97.5,Approved,779296,,
REQ2500010037,Goods, 10000007,,"LINE TESTER, YELLOW, MAKE: TAPARIA, ORIGIN: INDIA",ELECTRICAL MATERIAL,20,3.75,4378M,75,Approved,779296,,
REQ2500010037,Goods, 10002598,,"THERMOSTATIC EXPANSION VALVE, MODEL:AAE5HC, MOP100-25+10 DEG C, F15+50 DEG C, MAX. TEST PRESSURE 32 BAR 455 PSI, MAKE: EMERSON",MECHANICAL MATERIAL,1,150,4378M,150,Approved,779296,,
REQ2500010037,Goods, 10001769,,"TEFLON TAPE 1/2"" X 10YARD, ORIGIN: PRC",MATERIALS LOCAL,100,0.204203784,4378M,20.4203784,Approved,779296,,
REQ2500009988,Goods, 10002373,,"CANVAS CLOTH 6 OZ, 36"" X 20 YARD / ROLL, MAKE: TAKA, ORIGIN: PAKISTAN",CIVIL MATERIAL,5,12.00796813,4378M,60.03984065,Approved,PO2500005506,,
REQ2500010086,Goods, 10020170,,"ISOLATOR 25A 2P WITH GREY ENCLOSURE, MODEL NO. KSE225DP, PART NO. 2CMA142411R1000, MAKE: ABB",ELECTRICAL MATERIAL,4,115,4378M,460,Approved,PO2500005509,,
REQ2500010086,Goods, 10000142,,"CABLE 4C X 2.5SQMM, PVC FLEXIBLE, DUFLEX 70 DEGREE, WHITE, MAKE: DUCAB, ORIGIN: UAE",CABLES,1,416.5185185,4378M,416.5185185,Approved,PO2500005511,,
REQ2500009988,Goods, 10020170,,"ISOLATOR 25A 2P WITH GREY ENCLOSURE, MODEL NO. KSE225DP, PART NO. 2CMA142411R1000, MAKE: ABB",ELECTRICAL MATERIAL,9,115,4378M,1035,Approved,PO2500005533,,
REQ2500009562,Goods, 10010126,,"SPLIT A/C 2 TON / 24000BTU, WALL MOUNTED R410, OLD MODEL NO. 323MST1AG-24CRN1H, NEW MODEL NO. MST1AG-24CRN1E, MAKE: MIDEA",AC,2,1885,0,3770,Approved,PO2500005581,,
REQ2500010170,Goods, 10050196,,"VALVE CARTRIDGE ASSY, FOR 3WAY VC SERIES VALVES, MODEL NO. 40004802-060, MAKE: HONEYWELL HOME",ELECTRICAL MATERIAL,25,60,4378M,1500,Approved,PO2500005605,,
REQ2500010168,Goods, 10011170,,"SHORT GUN FOR PRESSURE PUMP, MODEL NO. 9/80, MAKE: KRANZLE, ORIGIN: GERMANY",MECHANICAL MATERIAL,6,360,4378M,2160,Approved,PO2500005606,,
REQ2500010081,Goods, 10002810,,"COIL CLEANER 1GAL, COLOUR: PINK, MAKE: AC-BRITE, ORIGIN: UAE",MECHANICAL MATERIAL,10,16,4378M,160,Approved,PO2500005610,,
REQ2500010081,Goods, 10039212,,"AC CLEANING COVER, LARGE, Q-535, ORIGIN: CHINA",MATERIALS LOCAL,10,20,4378M,200,Approved,PO2500005610,,
REQ2500010081,Goods, 10034934,,"SOLDERING IRON 30A, MAKE: CHINA",MATERIALS LOCAL,3,25,4378M,75,Approved,PO2500005611,,
REQ2500010081,Goods, 10034940,,"SOLDERING PASTE, MAKE: CHINA",MATERIALS LOCAL,3,9.5,4378M,28.5,Approved,PO2500005611,,
REQ2500010081,Goods, 10037793,,"SOLDERING WIRE 0.5MM X 1/2 LB, ORIGIN: GERMANY",MATERIALS LOCAL,3,33,4378M,99,Approved,PO2500005611,,
REQ2500010081,Goods, 10009516,,"TROLLEY MANUAL 4WHEEL, CAPACITY: 300KG, PLATFORM SIZE: 910MM X 610MM, MODEL NO. NF301, BRAND: PRESTAR, ORIGIN: JAPAN",OTHER EXPENSES,6,635,4378M,3810,Approved,PO2500005611,,
REQ2500010201,Goods, 10002414,,"RUBBER PIPE INSULATION 5/8"" DIA X 3/8"" THICK X1.8MTR / LTH, PACKING: 90TUBES / BOX, MAKE: WORLD FLEX BY GULF-O-FLEX, ORIGIN: UAE",MATERIALS LOCAL,100,1.27,4378M,127,Approved,PO2500005653,,
REQ2500010201,Goods, 10002444,,"RUBBER PIPE INSULATION 3/8"" DIA X 3/8"" THICK X1.8MTR / LTH, PACKING: 130TUBES / BOX, MAKE: WORLDFLEX BY GULFOFLEX, ORIGIN: UAE",MECHANICAL MATERIAL,100,1,4378M,100,Approved,PO2500005653,,
REQ2500010201,Goods, 10002777,,"RUBBER PIPE INSULATION 1/4"" X 1/2"" X 1.8MTR. LTH, PACKING: 90TUBES / BOX, MAKE: GULF'O'FLEX / WORLDFLEX, ORIGIN: UAE",MECHANICAL MATERIAL,100,1.280651935,4378M,128.0651935,Approved,PO2500005653,,
REQ2500010201,Goods, 10004662,,"RUBBER PIPE INSULATION 1/2"" X 3/4"" THK (19 X 012) LTH X 2 MTR, MAKE: ARMAFLEX",MATERIALS LOCAL,100,4,4378M,400,Approved,PO2500005653,,
REQ2500010201,Goods, 10020601,,"ANTI VIBRATION RUBBER PAD 9MM X 450MM X 450MM, ORIGIN: UAE",MECHANICAL MATERIAL,30,12,4378M,360,Approved,PO2500005653,,
REQ2500010201,Goods, 10036105,,"VALVE ACTUATOR MODULATING 24 VAC 2-10VDC, MODEL: VC7931ZZ11T, MAKE: HONEYWELL",MECHANICAL MATERIAL,20,140,4378M,2800,Approved,PO2500005653,,
REQ2500010074,Goods, 10000268,,"TORCH RECHARGEABLE, LED, MODEL NO. GFL4641, MAKE: GEEPAS",MATERIALS LOCAL,5,33.53703704,4378M,167.6851852,Approved,778358,,
REQ2500010074,Goods, 10013932,,"MASKING TAPE 3"" X 30 YARD, PACKING: 16 PCS / CTN, MAKE: HI-STICK, ORIGIN: UAE",MATERIALS LOCAL,10,2.56,4378M,25.6,Approved,778358,,
REQ2500010201,Goods, 10045104,,"VALVE ACTUATOR ON/OFF 220VAC, MODEL: VC6013ZZ00/E, MAKE: HONEYWELL",MECHANICAL MATERIAL,20,65,4378M,1300,Approved,PO2500005653,,
REQ2500010201,Goods, 10013491,,"THERMOSTAT DIGITAL 3 SPEED 24VAC MODULATING 0-10VDC REMOTE SENSOR HALO (BLUE), MODEL: T6865H2WB-R, MAKE: HONEYWELL HOME",MECHANICAL MATERIAL,20,146,4378M,2920,Approved,PO2500005653,,
REQ2500010201,Goods, 10015131,,"THERMOSTAT FCU DIGITAL 3 SPEED 220V, ON/OFF HORIZONTAL(GREEN), MODEL NO. T6861H2WG-M, MAKE: HONEYWELL",MECHANICAL MATERIAL,20,115,4378M,2300,Approved,PO2500005653,,
REQ2500010201,Goods, 10022630,,"FISHER PLUG 6MM, ORIGIN: CHINA",MATERIALS LOCAL,10,2,4378M,20,Approved,PO2500005656,,
REQ2500010201,Goods, 10001953,,"PIPE 1"" X 6MTR, PVC CLASS E, MAKE: POWER, ORIGIN: UAE",PIPES,10,11,4378M,110,Approved,PO2500005656,,
REQ2500010201,Goods, 10004929,,"PVC SOCKET SIZE: 1"" MAKE : ATLAS",MATERIALS LOCAL,30,1.1,4378M,33,Approved,PO2500005656,,
REQ2500010201,Goods, 10003988,,"PVC ELBOW 90DEG, SIZE: 1"", MAKE: KALISTER, ORIGIN: UAE",CIVIL MATERIAL,30,1.25,4378M,37.5,Approved,PO2500005656,,
REQ2500010201,Goods, 10050263,,"HOSE 3/4"" X 50MTR, YELLOW, MAKE: EUROFLOW, ORIGIN: ITALY",MECHANICAL MATERIAL,10,90,4378M,900,Approved,PO2500005657,,
REQ2500010201,Goods, 10020170,,"ISOLATOR 25A 2P WITH GREY ENCLOSURE, MODEL NO. KSE225DP, PART NO. 2CMA142411R1000, MAKE: ABB",ELECTRICAL MATERIAL,20,115,4378M,2300,Approved,PO2500005658,,
REQ2500010201,Goods, 10002420,,"THERMOSTAT 220V 2STAGE WITH SENSOR -25 DEG. TO 105 DEG, COOL ONLY, MODEL T7079B1044, BRAND: HONEYWELL, ORIGIN: USA",ELECTRICAL MATERIAL,15,320,4378M,4800,Approved,PO2500005659,,
REQ2500010254,Goods, 10022380,,"COPPER PIPE 7/8"" X 0.71MM, MAKE: MUELLER",MECHANICAL MATERIAL,5,275,4378M,1375,Approved,PO2500005661,,
REQ2500010254,Goods, 10002365,,"COPPER ELBOW 7/8"" X 90 DEG MAKE: MUELLER, ORIGIN: USA",MECHANICAL MATERIAL,10,5,4378M,50,Approved,PO2500005661,,
REQ2500010254,Goods, 10002374,,"COPPER ELBOW 1 1/8"" X 90Â°, MAKE: MUELLER, ORIGIN: USA",MECHANICAL MATERIAL,10,10.5,4378M,105,Approved,PO2500005661,,
REQ2500010096,Goods, 10013610,,"PLASTIC WIPER COROMET, WITH STICK, PRODUCT CODE: WP02-BH01, MAKE: AKC",CIVIL MATERIAL,10,4.9875,4378M,49.875,Approved,779295,,
REQ2500010254,Goods, 10004455,,"COPPER PIPE 1-1/8"" ,STRAIGHT, MAKE: MAKSAL, ORIGIN: SA",MATERIALS LOCAL,5,370,4378M,1850,Approved,PO2500005664,,
REQ2500010358,Goods, 10015833,,"TOOL BOX SET FOR HVAC, AS PER ANNEXURE",MATERIALS LOCAL,10,968.79,4378M,9687.9,Approved,PO2500005721,,
REQ2500010549,Goods, 10003057,,"SPLIT WALL 30000BTU R410A, SCROLL, PART NO. 120RASGA30-FU, MAKE: GENERAL, ORIGIN: THAILAND",AC,9,3765,4378M,33885,Approved,PO2500005962,,
REQ2500010888,Goods, 10000157,,"ISOLATOR 32-40A, 3 POLE 220V, PART NO. KSE340TPN, W/P WITH METAL BODY, MAKE: ABB",ELECTRICAL MATERIAL,18,100,4378M,1800,Approved,PO2500005968,,
REQ2500010195,Goods, 10002588,,"DIGITAL THERMOSTAT SINGLE STAGE 24V, MODEL NO. TH5110D1022/U, MAKE: HONEYWELL",ELECTRICAL MATERIAL,15,120,4378M,1800,Approved,780273,,
REQ2500010195,Goods, 10002433,,"FILTER DRIER 3/8"", EK163F, BRAND: EMERSON",MECHANICAL MATERIAL,20,19.83486239,4378M,396.6972478,Approved,780273,,
REQ2500010195,Goods, 10002471,,"FILTER DRIER EK165 5/8"", FLARE, MAKE: EMERSON",MECHANICAL MATERIAL,20,22.41460202,4378M,448.2920404,Approved,780273,,
REQ2500010195,Goods, 10047407,,"FILTER DRIER 1/2"" FLARE DCL 164, PART NO. 023Z50091, BRAND: DANFOSS",MECHANICAL MATERIAL,20,32,4378M,640,Approved,780273,,
REQ2500010195,Goods, 10001840,,"SPRAY PAINT 280GMS, GREY, PACKING 12PC / CTN, MAKE: DOLPHIN",MATERIALS LOCAL,10,2.519543955,4378M,25.19543955,Approved,780273,,
REQ2500010195,Goods, 10001848,,"RAWL BOLT (FIX BOLT) 8MM, ORIGIN: CHINA",MATERIALS LOCAL,50,0.320005996,4378M,16.0002998,Approved,780273,,
REQ2500010195,Goods, 10040929,,"CABLE 1C X 2.5SQMM, BLACK, MAKE: MESC, ORIGIN: UAE",CABLES,5,86,4378M,430,Approved,780273,,
REQ2500010195,Goods, 10010526,,"TRUNKING 75MM X 75MM PVC, 1LTH X 3MTR MAKE: RELITE, ORIGIN: CHINA",ELECTRICAL MATERIAL,12,14.5,4378M,174,Approved,780273,,
REQ2500010195,Goods, 10001898,,"TANGIT GLUE, ALL PRESSURE UPVC PIPE ADHESIVE, STANDARD ASTM D2564, COLOUR: PINK, PACKING: 500G/CAN, MAKE: HENKEL, ORIGIN: GERMANY",MATERIALS LOCAL,10,25.3110707,4378M,253.110707,Approved,780273,,
REQ2500010195,Goods, 10001698,,"RUBBER HAND GLOVES 100G, LONG SIZE, PACKING: 12 PAIRS / BOX, BRAND: SUN, ORIGIN: PRC",MATERIALS LOCAL,30,0.977933205,4378M,29.33799615,Approved,780273,,
REQ2500009951,Goods, 10009123,,"PRESSURE PUMP HD9 / 80L, 240V / 50Hz, MAKE: KRANZLE, ORIGIN: GERMANY",MECHANICAL EQUIPMENT,6,2270,0,13620,Approved,PO2500005970,,
REQ2500009951,Goods, 10006781,,"BRAZING SET PORTABLE COMPLETE WITH TROLLEY 504, WELDING OUTLET KL550-5, ACETYLENE & OXYGEN CYLINDER 40CU. FT., MODEL: KL-550, MAKE: UNIWELD, ORIGIN: USA",MECHANICAL MATERIAL,4,1950,0,7800,Approved,PO2500005971,,
REQ2500010896,Goods, 10015833,,"TOOL BOX SET FOR HVAC, AS PER ANNEXURE",MATERIALS LOCAL,10,968.79,4378M,9687.9,Approved,PO2500005982,,
REQ2500010418,Goods, 10000157,,"ISOLATOR 32-40A, 3 POLE 220V, PART NO. KSE340TPN, W/P WITH METAL BODY, MAKE: ABB",ELECTRICAL MATERIAL,9,100,4378M,900,Approved,PO2500005999,,
REQ2500010418,Goods, 10014039,,"CABLE FLEXIBLE 4C X 4SQMM, FULL GAUGE, 100 YARD, MAKE: MESC",CABLES,1,590,4378M,590,Approved,PO2500006003,,
REQ2500010418,Goods, 10019516,,"FLEXIBLE CABLE 4C X 2.5SQMM, MAKE: MESC, ORIGIN: UAE",CABLES,1,392,4378M,392,Approved,PO2500006003,,
REQ2500011125,Goods, 10002540,,"CAPACITOR 55+5 MFD, ROUND METAL BODY, ORIGIN: INDIA",ELECTRICAL MATERIAL,50,13,4378M,650,Approved,PO2500006093,,
REQ2500010988,Goods, 10009436,,"V BELT A-40, MAKE: DUNLOP, ORIGIN: KOREA",MECHANICAL MATERIAL,20,10,4378M,200,Approved,PO2500006095,,
REQ2500010988,Goods, 10004603,,"V-BELT SPZ-1750, MAKE: DUNLOP, ORIGIN: KOREA",MECHANICAL MATERIAL,20,18,4378M,360,Approved,PO2500006095,,
REQ2500010988,Goods, 10018563,,"V BELT A-41, MAKE: DUNLOP, ORIGIN: KOREA",MECHANICAL MATERIAL,20,10,4378M,200,Approved,PO2500006095,,
REQ2500011125,Goods, 10009438,,"V BELT A-36, MAKE: DUNLOP, ORIGIN: KOREA",MECHANICAL MATERIAL,10,9,4378M,90,Approved,PO2500006097,,
REQ2500010573,Goods, 10019347,,"WATER FILTER 3 STAGE, MAKE: SO SAFE",MATERIALS LOCAL,1,185,4378M,185,Approved,PO2500006133,,
REQ2500011206,Goods, 10048700,,"HUMVAC VACUUM PUMP 6CFM 220V/240, 50/60HZ, MAKE: UNIWELD",MECHANICAL MATERIAL,4,875,4378M,3500,Approved,PO2500006163,,
REQ2500011206,Goods, 10050201,,"WATER COOLER 3 TAP, CAPACITY: 45GLN, STAINLESS STEEL WITH FILTER, MAKE: M GENERAL",ELECTRICAL EQUIPMENT,1,1000,4378M,1000,Approved,PO2500006167,,
REQ2500011125,Goods, 10033878,,"V-BELT A-56, MAKE: PIX, ORIGIN: INDIA",MECHANICAL MATERIAL,10,8,4378M,80,Approved,PO2500006179,,
REQ2500011125,Goods, 10017111,,"V BELT A-58, MAKE: PIX, ORIGIN: INDIA",MECHANICAL MATERIAL,10,8,4378M,80,Approved,PO2500006179,,
REQ2500011125,Goods, 10035951,,"V-BELT A-35, MAKE: PIX, ORIGIN: INDIA ",MECHANICAL MATERIAL,10,5.25,4378M,52.5,Approved,PO2500006179,,
REQ2500011125,Goods, 10009533,,"V BELT A-30, MAKE: PIX, ORIGIN: INDIA",MECHANICAL MATERIAL,10,4.5,4378M,45,Approved,PO2500006179,,
REQ2500011125,Goods, 10014811,,"V BELT SPZ-1060, MAKE: PIX, ORIGIN: INDIA",MECHANICAL MATERIAL,10,7,4378M,70,Approved,PO2500006179,,
REQ2500010988,Goods, 10017106,,"V BELT B-72, MAKE: PIX, ORIGIN: INDIA",MECHANICAL MATERIAL,20,12.75,4378M,255,Approved,PO2500006180,,
REQ2500010310,Goods, 10002258,,"CAP WITH PRINTING GISCO LOGO & NAME, MATERIAL: BRUSH COTTON",MATERIALS LOCAL,45,8,4378M,360,Approved,781277,,
REQ2500010988,Goods, 10017142,,"V BELT A-51, MAKE: PIX, ORIGIN: INDIA",MECHANICAL MATERIAL,50,7.5,4378M,375,Approved,PO2500006180,,
REQ2500010988,Goods, 10034504,,"V BELT A-53, MAKE: PIX, ORIGIN: INDIA",MECHANICAL MATERIAL,20,7.5,4378M,150,Approved,PO2500006180,,
REQ2500010988,Goods, 10017149,,"V BELT SPA-1950, MAKE: PIX, ORIGIN: INDIA",MECHANICAL MATERIAL,20,16.01,4378M,320.2,Approved,PO2500006180,,
REQ2500010988,Goods, 10047141,,"V BELT A-27, MAKE: PIX, ORIGIN; INDIA",MECHANICAL MATERIAL,20,3.75,4378M,75,Approved,PO2500006180,,
REQ2500010169,Goods, 10009123,,"PRESSURE PUMP HD9 / 80L, 240V / 50Hz, MAKE: KRANZLE, ORIGIN: GERMANY",MECHANICAL EQUIPMENT,6,2270,0,13620,Approved,PO2500006185,,
REQ2500010563,Goods, 10002268,,"FILTER DRIER EK083 3/8"" FLARE, MAKE: EMERSON",MECHANICAL MATERIAL,10,16.01886792,4378M,160.1886792,Approved,780318,,
REQ2500010563,Goods, 10002471,,"FILTER DRIER EK165 5/8"", FLARE, MAKE: EMERSON",MECHANICAL MATERIAL,10,22.41460202,4378M,224.1460202,Approved,780318,,
REQ2500010563,Goods, 10002433,,"FILTER DRIER 3/8"", EK163F, BRAND: EMERSON",MECHANICAL MATERIAL,10,19.83486239,4378M,198.3486239,Approved,780318,,
REQ2500010563,Goods, 10047407,,"FILTER DRIER 1/2"" FLARE DCL 164, PART NO. 023Z50091, BRAND: DANFOSS",MECHANICAL MATERIAL,5,32,4378M,160,Approved,780318,,
REQ2500010563,Goods, 10001726,,"SPECTACLES, SAFETY CLEAR LENS, MODEL: SG511-CL, MAKE: ORRIS / RIGMAN, ORIGIN: TAIWAN",MATERIALS LOCAL,50,2.1,4378M,105,Approved,780318,,
REQ2500010563,Goods, 10001743,,"SPECTACLES, SAFETY GREY LENS, MODEL NO. SG511-GR, MAKE: ORRIS / RIGMAN, ORIGIN: TAIWAN",MATERIALS LOCAL,15,2.1,4378M,31.5,Approved,780318,,
REQ2500010563,Goods, 10001297,,"FIRE BLANKET 4' X 4', PACKED IN RED SQUARED HARD PVC BOX, UL LISTED, ORIGIN: CHINA",MATERIALS LOCAL,6,22.78248719,4378M,136.6949231,Approved,780318,,
REQ2500010563,Goods, 10001814,,"DISPOSABLE FOAM EAR PLUG WITH COTTON CORD, PACKING: 100 PAIRS / PKT, MODEL NO. SEP 033C(CORDED), MAKE: EYEVEX, ORIGIN: CHINA",MATERIALS LOCAL,40,0.4,4378M,16,Approved,780318,,
REQ2500010563,Goods, 10001921,,"GLOVES MULTI-PURPOSE, MODEL NO. ST-2025 TACTIFLEX, PACKING: 1 PR / POLYBAG / 144 PR / CTN, MAKE: STEGO GLOVES TECHNOLOGIES",MATERIALS LOCAL,20,6.5,4378M,130,Approved,780318,,
REQ2500010563,Goods, 10001948,,"DISPOSABLE HAND GLOVES POWDER FREE, GLOVES MATERIAL: LATEX, PACKING: 100PCS / BOX, MAKE: BIO-PROTECTION",MATERIALS LOCAL,500,0.17,4378M,85,Approved,780318,,
REQ2500010888,Goods, 10019516,,"FLEXIBLE CABLE 4C X 2.5SQMM, MAKE: MESC, ORIGIN: UAE",CABLES,4,392,4378M,1568,Approved,PO2500006195,,
REQ2500010988,Goods, 10025305,,"BLACK TAPE 2"" X 60Ft, PVC, PACKING: 60 ROLL / BOX, PRODUCT CODE: IFT-0009, MAKE: INNERFIX",CIVIL MATERIAL,50,1.7,4378M,85,Approved,PO2500006197,,
REQ2500010169,Goods, 10006781,,"BRAZING SET PORTABLE COMPLETE WITH TROLLEY 504, WELDING OUTLET KL550-5, ACETYLENE & OXYGEN CYLINDER 40CU. FT., MODEL: KL-550, MAKE: UNIWELD, ORIGIN: USA",MECHANICAL MATERIAL,4,1950,0,7800,Approved,PO2500006242,,
REQ2500011435,Goods, 10012687,,"COMBINATION HAMMER 26MM 3-MODES, 220–240 V AC, MODEL NO. HR2630, MAKE: MAKITA",ELECTRICAL MATERIAL,4,590,4378M,2360,Approved,PO2500006312,,
REQ2500010886,Goods, 10000033,,"PLUG TOP 15A, PART NO. VX0042, MAKE: VOLEX, ORIGIN: UK",ELECTRICAL MATERIAL,30,4.107361669,4378M,123.2208501,Approved,783259,,
REQ2500011173,Goods, 10013096,,"OFFICE TABLE 1600 X 800 X 750MM, BEECH+BLACK, PRODUCT CODE: BNFNST1680 BBL, ORIGIN: FAREAST",OTHER EXPENSES,2,345,4378M,690,Approved,PO2500006337,,
REQ2500011173,Goods, 10048317,,"VISITOR CHAIR, BLACK VINYL, PRODUCT CODE: GDZ1066VC BLV, ORIGIN: UAE",MATERIALS LOCAL,6,395,4378M,2370,Approved,PO2500006337,,
REQ2500010997,Goods, 10000157,,"ISOLATOR 32-40A, 3 POLE 220V, PART NO. KSE340TPN, W/P WITH METAL BODY, MAKE: ABB",ELECTRICAL MATERIAL,8,100,4378M,800,Approved,PO2500006425,,
REQ2500010929,Goods, 10007511,,COTTON WASTE RAGS 10 KGS BUNDLE - COTTON RAG,CIVIL MATERIAL,50,10,4378M,500,Approved,782267,,
REQ2500010929,Goods, 10015678,,"TERMINAL CONNECTOR 6MM, PVC CLEAR TYPE, PACKING: 10PCS/PKT, MAKE: KEDBROOKE, ORIGIN: INDIA ",ELECTRICAL MATERIAL,10,8.4,4378M,84,Approved,782267,,
REQ2500010929,Goods, 10000487,,"BATTERY AAA, PACKING: 20 CARD / BOX, 2PCS / CARD, BRAND: ENERGIZER",BATTERY,50,4.8,4378M,240,Approved,782267,,
REQ2500010929,Goods, 10002337,,"FREON GAS R141B X 30LBS (R-11), DISPOSABLE PRESSURISED, ORIGIN: CHINA",GAS,5,86,4378M,430,Approved,782267,,
REQ2500010963,Goods, 10000608,,"FLEXIBLE CONDUIT 25MM X 15 MTR/ROL, BLACK PVC COVER, G.I COATED, HEAVY DUTY, BRAND: RELITE, ORIGIN: INDIA",ELECTRICAL MATERIAL,5,23,4378M,115,Approved,782278,,
REQ2500010963,Goods, 10002571,,"TRANSFORMER 60VA, 120/240/460V - 24V 50/60HZ, ORIGIN: CHINA",ELECTRICAL MATERIAL,6,45,4378M,270,Approved,782278,,
REQ2500010963,Goods, 10001632,,"DRILL BIT HSS 6 X 93MM, MODEL NO. D06410, PACKING: 10PCS/PKT, MAKE: MAKITA",MATERIALS LOCAL,5,3.1,4378M,15.5,Approved,782278,,
REQ2500010963,Goods, 10001666,,"CONCRETE DRILL BIT 8MM X 160MM DIA, PART NO. D00527, MAKE: MAKITA, ORIGIN: JAPAN",MATERIALS LOCAL,5,3.57,4378M,17.85,Approved,782278,,
REQ2500010963,Goods, 10001780,,"DRILL BIT 12MM X 160MM DIA, CONCRETE, PART NO. D00614, MAKE: MAKITA",MATERIALS LOCAL,5,4.097254902,4378M,20.48627451,Approved,782278,,
REQ2500010963,Goods, 10018474,,"DRILL BIT M20MM X 460MM, PART NO. 2608680291, MAKE: BOSCH",MATERIALS LOCAL,3,26.75,4378M,80.25,Approved,782278,,
REQ2500010988,Goods, 10000850,,"RELAY 24V DC 14-PIN, MAKE: SCHNEIDER",ELECTRICAL MATERIAL,10,15.19,4378M,151.9,Approved,PO2500006431,,
REQ2500010988,Goods, 10000080,,"CONTACTOR 15KW 400V 32A (AC3) 50A (AC1) 3P + 1NO / 1NC 240V AC COIL, PART NO. LC1D32U7, MAKE: SCHNEIDER ELECTRIC, ORIGIN: FRANCE",ELECTRICAL MATERIAL,20,123.81,4378M,2476.2,Approved,PO2500006431,,
REQ2500010988,Goods, 10010167,,"AUXILARY CONTACTOR 2NO + 2NC, PART NO. LADN22, MAKE: SCHNEIDER ELECTRIC, ORIGIN: FRANCE",MECHANICAL MATERIAL,10,38.25,4378M,382.5,Approved,PO2500006432,,
REQ2500010988,Goods, 10002357,,"ELBOW 25MM X 90DEG, PVC CLASS 16, MAKE: ATLAS, ORIGIN: UAE",CIVIL MATERIAL,50,0.68,4378M,34,Approved,PO2500006435,,
REQ2500010988,Goods, 10002346,,"SOCKET 25MM, PVC CLASS 16, MAKE: ATLAS, ORIGIN: UAE",CIVIL MATERIAL,50,0.55,4378M,27.5,Approved,PO2500006435,,
REQ2500010052,Goods, 10000157,,"ISOLATOR 32-40A, 3 POLE 220V, PART NO. KSE340TPN, W/P WITH METAL BODY, MAKE: ABB",ELECTRICAL MATERIAL,10,100,4378M,1000,Approved,PO2500006441,,
REQ2500010988,Goods, 10011543,,"CONTACTOR 40A 24VAC 2P 50/60 HZ, PART NO. MC40P2, MAKE: DACO, ORIGIN: KOREA",ELECTRICAL MATERIAL,20,45,4378M,900,Approved,PO2500006449,,
REQ2500010573,Goods, 10001974,,"BEARING PULLER 10"" X 6 LEGS, MAKE: MAX, ORIGIN: UAE",MATERIALS LOCAL,2,55,4378M,110,Approved,PO2500006461,,
REQ2500010573,Goods, 10028415,,"UNIVERSAL PLUNGER DIAL INDICATOR, PART NO. 196 A1Z, MAKE: STARRET, ORIGIN: UK",MECHANICAL MATERIAL,1,2540,4378M,2540,Approved,PO2500006461,,
REQ2500011167,Goods, 10017146,,"V BELT B-44, MAKE: PIX, ORIGIN: INDIA",MECHANICAL MATERIAL,20,8.5,4378M,170,Approved,PO2500006498,,
REQ2500010988,Goods, 10014763,,"MAP GAS HAND TORCH WITH HOSE, MAKE: ECOFROST",MECHANICAL MATERIAL,5,65,4378M,325,Approved,PO2500006500,,
REQ2500010988,Goods, 10022011,,"COIL SENSOR FOR AC, PART NO. PE-4EAK, MAKE: MITSUBISHI",MECHANICAL MATERIAL,20,73.5,4378M,1470,Approved,PO2500006500,,
REQ2500011762,Goods, 10000138,,"CONTACTOR 50A(AC3) 80A(AC1) 3P + 1NO/1NC 220V AC COIL, 22 KW 400V 50/60HZ, PART NO. LC1D50AM7, MAKE: SCHNEIDER ELECTRIC",ELECTRICAL MATERIAL,20,198.5,4378M,3970,Approved,PO2500006509,,
REQ2500011762,Goods, 10000157,,"ISOLATOR 32-40A, 3 POLE 220V, PART NO. KSE340TPN, W/P WITH METAL BODY, MAKE: ABB",ELECTRICAL MATERIAL,10,100,4378M,1000,Approved,PO2500006521,,
REQ2500011431,Goods, 10001167,,"FIRE EXTINGUISHER CO2 5KG - CE, KITEMARK, CIVIL DEFENSE APPROVED, MODEL NC5, BRAND: NAFFCO, ORIGIN: U.A.E",MECHANICAL MATERIAL,5,201,4378M,1005,Approved,PO2500006524,,
REQ2500011966,Goods, 10048901,,"FIXED PEDESTAL 390 X 456 X 449, MODEL NO. BNFNFP443M BBL, ORIGIN: FAREAST",OTHER EXPENSES,2,205,4378M,410,Approved,PO2500006546,,
REQ2500010052,Goods, 10007633,,"MAP GAS 750ML, PRODUCT CODE: 3.5698, MAKE: ROTHENBERGER, ORIGIN: GERMANY",MECHANICAL MATERIAL,7,19.5,4378M,136.5,Approved,PO2500006591,,
REQ2500010052,Goods, 10002582,,"CAPACITOR 50+5 MFD, R/ALUM, MAKE: TIBCON, ORIGIN: INDIA",ELECTRICAL MATERIAL,50,7.25,4378M,362.5,Approved,PO2500006592,,
REQ2500011120,Goods, 10002844,,"CAPACITOR 2.5 MFD (ROUND), PIN, PLASTIC, MAKE: SYSCAP, ORIGIN: INDIA",ELECTRICAL MATERIAL,20,3.75,4378M,75,Approved,782296,,
REQ2500011120,Goods, 10002708,,"CAPACITOR 10MFD, METAL BODY, ORIGIN: INDIA",ELECTRICAL MATERIAL,11,5.253825383,4378M,57.79207921,Approved,782296,,
REQ2500011120,Goods, 10002712,,"CAPACITOR 60MFD, ROUND MEATAL BODY, MAKE: SYSCAP, ORIGIN: INDIA",ELECTRICAL MATERIAL,100,10.55,4378M,1055,Approved,782296,,
REQ2500010052,Goods, 10014763,,"MAP GAS HAND TORCH WITH HOSE, MAKE: ECOFROST",MECHANICAL MATERIAL,4,65,4378M,260,Approved,PO2500006592,,
REQ2500011661,Goods, 10011469,,"TIME DELAY TIMER 3 - 10MIN, PART NO. ICM102B, MAKE: ICM, ORIGIN: USA",ELECTRICAL MATERIAL,15,14,4378M,210,Approved,PO2500006594,,
REQ2500010052,Goods, 10011469,,"TIME DELAY TIMER 3 - 10MIN, PART NO. ICM102B, MAKE: ICM, ORIGIN: USA",ELECTRICAL MATERIAL,20,14,4378M,280,Approved,PO2500006595,,
REQ2500010573,Goods, 10007205,,"FIRE EXTINGUISHER DCP, CAPACITY: 4KG, MODEL: P4, KITEMARK & ABU DHABI CIVIL DEFENCE APPROVED, MAKE: BRISTOL, ORIGIN: UAE",MECHANICAL MATERIAL,5,55.8,4378M,279,Approved,PO2500006600,,
REQ2500011754,Goods, 10017109,,"V BELT A-43, MAKE: PIX, ORIGIN: INDIA",MECHANICAL MATERIAL,15,5.85,4378M,87.75,Approved,PO2500006637,,
REQ2500011754,Goods, 10017141,,"V BELT A-44, MAKE: PIX, ORIGIN: INDIA",MECHANICAL MATERIAL,15,6.25,4378M,93.75,Approved,PO2500006637,,
REQ2500011754,Goods, 10047141,,"V BELT A-27, MAKE: PIX, ORIGIN; INDIA",MECHANICAL MATERIAL,15,3.75,4378M,56.25,Approved,PO2500006637,,
REQ2500011151,Goods, 10002445,,"GARBAGE BAG THICK 80 X 110 X 100 MICRON, RECYCLED, BLACK, PACKING: 18KG / BDL, ORIGIN: UAE",MATERIALS LOCAL,5,82,4378M,410,Approved,782304,,
REQ2500011151,Goods, 10002921,,"CAPACITOR 15MFD, MAKE: TIBCON, ORIGIN: INDIA",ELECTRICAL MATERIAL,20,6.997464193,4378M,139.9492839,Approved,782304,,
REQ2500011151,Goods, 10002700,,"CAPACITOR 7.5 MFD 370 VAC, ROUND METAL, ORIGIN: INDIA",ELECTRICAL MATERIAL,20,4.75,4378M,95,Approved,782304,,
REQ2500011151,Goods, 10002716,,"CAPACITOR 35+7.5 MFD, ORIGIN: INDIA",ELECTRICAL MATERIAL,10,13,4378M,130,Approved,782304,,
REQ2500011151,Goods, 10008829,,"CONTACTOR 35A 2P 220V, Model No. MC35P2, MAKE: DACO, ORIGIN: KOREA",ELECTRICAL MATERIAL,200,40,4378M,8000,Approved,782304,,
REQ2500011151,Goods, 10000226,,"SCREW DRIVER 6"" FLAT WITH RUBBER HANDLE, MAKE: CLARK",MATERIALS LOCAL,20,4.006980753,4378M,80.13961506,Approved,782304,,
REQ2500011151,Goods, 10036803,,"ORS SACHET 21.8GM [1L WATER], ORANGE / LEMON / PINEAPPLE / APPLE FLAVORS & MANGO, PACKING: 10 SACHETS / BOX, MAKE: SUPER LYTE, ORIGIN: INDIA",MATERIALS LOCAL,3,11,4378M,33,Approved,782304,,
REQ2500011151,Goods, 10001983,,"FIRST AID BOX PLASTIC WITH MATERIAL 25 - 50 PERSONS, WALL MOUNTED, EQ30, MODEL NO. 131, MAKE: AIDPLUS",OTHER EXPENSES,3,65,4378M,195,Approved,782304,,
REQ2500011151,Goods, 10001672,,"FABRIC VEST WITH HIGH VISIBILITY 2 VERTICAL & HORIZONTAL REFLECTIVE TAPE, WEIGHT OF PER PCS - 113 GSM, 100% POLYESTER KNITTED FLUORESCENT FABRIC, COLOUR: YELLOW, SIZE: S - 5XL, MODEL NO. SAJ, MAKE: VAULTEX",MATERIALS LOCAL,20,3.6,4378M,72,Approved,782304,,
REQ2500011754,Goods, 10010234,,"V-BELT A-26, MAKE: PIX, ORIGIN: INDIA",MECHANICAL MATERIAL,15,3.75,4378M,56.25,Approved,PO2500006637,,
REQ2500012041,Goods, 10008836,,"THERMOSTAT DX DIGITAL 24V 2 STAGE HEAT/COOL FOCUSPRO 5000 NON-PROGRAMMABLE, MODEL NO. TH5220D1003/U / D1029, MAKE: HONEYWELL",MECHANICAL MATERIAL,10,220,4378M,2200,Approved,PO2500006641,,
REQ2500012041,Goods, 10049756,,"CHARGING HOSE RUBBER BUSH, ORIGIN: CHINA",MATERIALS LOCAL,10,0.3,4378M,3,Approved,PO2500006641,,
REQ2500011729,Goods, 10009807,,"BEARING 6202-2ZC3, MAKE: SKF ",MECHANICAL MATERIAL,30,11.25,4378M,337.5,Approved,PO2500006727,,
REQ2500011729,Goods, 10000151,,"CONTACTOR 9A 3P 240V AC, 1NO+1NC, 50/60HZ., PART NO. LC1D09U7, MAKE: SCHNEIDER ELECTRIC",ELECTRICAL MATERIAL,15,43.5,4378M,652.5,Approved,PO2500006728,,
REQ2500011428,Goods, 10001931,,"SPECTACLE GRAY FRAME GRAY LENS H.C WITH ORANGE RUBBER INSERT, MODEL NO. SSP 544 C, EN166 COVERAGE,MEETS: ANSI Z87.1,FRAME/LENS COLOR: GREY/DARK,MODEL:SSP544,MAKE: EYEVEX, ORIGIN: TAIWAN",MATERIALS LOCAL,50,3.5,4378M,175,Approved,787285,,
REQ2500011428,Goods, 10001921,,"GLOVES MULTI-PURPOSE, MODEL NO. ST-2025 TACTIFLEX, PACKING: 1 PR / POLYBAG / 144 PR / CTN, MAKE: STEGO GLOVES TECHNOLOGIES",MATERIALS LOCAL,30,6.5,4378M,195,Approved,787285,,
REQ2500011428,Goods, 10036803,,"ORS SACHET 21.8GM [1L WATER], ORANGE / LEMON / PINEAPPLE / APPLE FLAVORS & MANGO, PACKING: 10 SACHETS / BOX, MAKE: SUPER LYTE, ORIGIN: INDIA",MATERIALS LOCAL,3,11,4378M,33,Approved,787285,,
REQ2500012267,Goods, 10019516,,"FLEXIBLE CABLE 4C X 2.5SQMM, MAKE: MESC, ORIGIN: UAE",CABLES,2,392,4378M,784,Approved,PO2500006759,,
REQ2500011652,Goods, 10041537,,"RELAY 14PIN 240VAC, WITH BASE, PART NO. RXM4AB1U7, MAKE: SCHNEIDER",ELECTRICAL MATERIAL,20,17,4378M,340,Approved,PO2500006760,,
REQ2500012267,Goods, 10001953,,"PIPE 1"" X 6MTR, PVC CLASS E, MAKE: POWER, ORIGIN: UAE",PIPES,18,11,4378M,198,Approved,PO2500006766,,
REQ2500011607,Goods, 10014774,,"V BELT A-29, MAKE: PIX, ORIGIN: INDIA",MECHANICAL MATERIAL,20,5,4378M,100,Approved,PO2500006771,,
REQ2500011590,Goods, 10035460,,"INSULATION TESTER 250/500V/1000V- WITH CERTIFICATE OF CALIBRATION, MODEL NO. MEGGER MIT230, MAKE: MEGGER",MECHANICAL MATERIAL,1,1990,4378M,1990,Approved,PO2500006774,,
REQ2500011590,Goods, 10050201,,"WATER COOLER 3 TAP, CAPACITY: 45GLN, STAINLESS STEEL WITH FILTER, MAKE: M GENERAL",ELECTRICAL EQUIPMENT,1,1000,4378M,1000,Approved,PO2500006775,,
REQ2500010052,Goods, 10002061,,"GYPSUM SCREW 1"" X 6MM, PACKING: 800 NOS/PKT, ORIGIN: CHINA",MATERIALS LOCAL,5,12,4378M,60,Approved,PO2500006792,,
REQ2500011614,Goods, 10001897,,"BLADE HACKSAW 12"" 18 TEETH, BRAND: STARRET",MATERIALS LOCAL,10,1.939994432,4378M,19.39994432,Approved,789260,,
REQ2500010052,Goods, 10022935,,"GYPSUM SCREW 1.5"" X 6MM, PACKING: 1000NOS/BOX, ORIGIN: CHINA",MATERIALS LOCAL,5,9,4378M,45,Approved,PO2500006792,,
REQ2500010052,Goods, 10026790,,"GLASS FUSE 2,5A, PART NO. MI5SF25V2, MAKE: MERSEN, ORIGIN: CHINA",ELECTRICAL MATERIAL,100,1,4378M,100,Approved,PO2500006793,,
REQ2500010052,Goods, 10000544,,"GLASS FUSE 4A, SIZE: 5 X 20",ELECTRICAL MATERIAL,50,1,4378M,50,Approved,PO2500006793,,
REQ2500010052,Goods, 10000826,,GLASS FUSE 5A,ELECTRICAL MATERIAL,50,1,4378M,50,Approved,PO2500006793,,
REQ2500010052,Goods, 10000827,,GLASS FUSE 6A,ELECTRICAL MATERIAL,50,1,4378M,50,Approved,PO2500006793,,
REQ2500011680,Goods, 10031268,,"SAFETY HARNESS FULL BODY WITH SAFE LINE, PART NO. SL10100 + SL25100, MAKE: KARAM",MATERIALS LOCAL,5,94,4378M,470,Approved,790260,,
REQ2500010052,Goods, 10000829,,GLASS FUSE 8A,ELECTRICAL MATERIAL,50,1,4378M,50,Approved,PO2500006793,,
REQ2500010052,Goods, 10000547,,"GLASS FUSE 7A, SIZE: 5 X 20",ELECTRICAL MATERIAL,50,1,4378M,50,Approved,PO2500006793,,
REQ2500012271,Goods, 10001953,,"PIPE 1"" X 6MTR, PVC CLASS E, MAKE: POWER, ORIGIN: UAE",PIPES,9,11,4378M,99,Approved,PO2500006815,,
REQ2500012270,Goods, 10001953,,"PIPE 1"" X 6MTR, PVC CLASS E, MAKE: POWER, ORIGIN: UAE",PIPES,8,11,4378M,88,Approved,PO2500006816,,
REQ2500012271,Goods, 10019516,,"FLEXIBLE CABLE 4C X 2.5SQMM, MAKE: MESC, ORIGIN: UAE",CABLES,1,392,4378M,392,Approved,PO2500006818,,
REQ2500012270,Goods, 10019516,,"FLEXIBLE CABLE 4C X 2.5SQMM, MAKE: MESC, ORIGIN: UAE",CABLES,2,392,4378M,784,Approved,PO2500006819,,
REQ2500011758,Goods, 10000033,,"PLUG TOP 15A, PART NO. VX0042, MAKE: VOLEX, ORIGIN: UK",ELECTRICAL MATERIAL,15,4.107361669,4378M,61.61042504,Approved,791261,,
REQ2500011758,Goods, 10000026,,"SWITCHED SOCKET 13A, 1 GANG, VX1300, MAKE: VOLEX, ORIGIN: UK",ELECTRICAL MATERIAL,10,5.125334977,4378M,51.25334977,Approved,791261,,
REQ2500012222,Goods, 10002681,,"SPLIT WALL 24000BTU HI-EER R410, ROTARY, MODEL NO. 123RASGA24-FD, MAKE: GENERAL, ORIGIN: THAILAND",AC,1,2725,4378M,2725,Approved,PO2500006869,,
REQ2500012235,Goods, 10002681,,"SPLIT WALL 24000BTU HI-EER R410, ROTARY, MODEL NO. 123RASGA24-FD, MAKE: GENERAL, ORIGIN: THAILAND",AC,1,2725,4378M,2725,Approved,PO2500006869,,
REQ2500011869,Goods, 10000068,,"THERMAL OVERLOAD RELAY 9-13A TESYSD CL10A, PART NO. LRD16, MAKE: SCHNEIDER ELECTRIC, ORIGIN: FRANCE",ELECTRICAL MATERIAL,2,53.75,4378M,107.5,Approved,794260,,
REQ2500011916,Goods, 10000195,,"INSULATION TAPE 19MM X 10Y, Y/G, MAKE: 3M, ORIGIN: UK",ELECTRICAL MATERIAL,100,0.98,4378M,98,Approved,793265,,
REQ2500011916,Goods, 10001888,,"GRIP PLIER 10"", GP10CL, MAKE: CLARKE",MATERIALS LOCAL,8,12.07547618,4378M,96.60380944,Approved,793265,,
REQ2500011937,Goods, 10036176,,"CONTACTOR 40/50A 3 POLE, 220V, ORIGIN: CHINA",ELECTRICAL MATERIAL,15,25,4378M,375,Approved,PO2500006891,,
REQ2500011937,Goods, 10036547,,"MAP GAS 750ML, MAKE: ECOFROST",GAS,10,13,4378M,130,Approved,PO2500006891,,
REQ2500012041,Goods, 10004603,,"V-BELT SPZ-1750, MAKE: DUNLOP, ORIGIN: KOREA",MECHANICAL MATERIAL,10,18,4378M,180,Approved,PO2500006898,,
REQ2500012041,Goods, 10023674,,"V-BELT SPZ-1180, MAKE: DUNLOP, ORIGIN: KOREA",MECHANICAL MATERIAL,10,12,4378M,120,Approved,PO2500006898,,
REQ2500012041,Goods, 10008394,,"V-BELT A-28, BRAND: DUNLOP, ORIGIN: KOREA",MECHANICAL MATERIAL,10,8,4378M,80,Approved,PO2500006898,,
REQ2500012041,Goods, 10050073,,"V BELT A-33, MAKE: DUNLOP, ORIGIN: KOREA",MECHANICAL MATERIAL,10,8,4378M,80,Approved,PO2500006898,,
REQ2500011917,Goods, 10003105,,"CONTROL BOARD EXV WITH UPS, POL94U REV F, PRODUCT CODE: 5901906 / 5902185, MAKE: DAIKIN",MECHANICAL MATERIAL,1,3200,4378M,3200,Approved,PO2500006906,,
REQ2500012488,Goods, 10002681,,"SPLIT WALL 24000BTU HI-EER R410, ROTARY, MODEL NO. 123RASGA24-FD, MAKE: GENERAL, ORIGIN: THAILAND",AC,18,2725,4378M,49050,Approved,PO2500006949,,
REQ2500012563,Goods, 10051528,,"V BELT SPZ-1850, MAKE: DUNLOP, ORIGIN: KOREA",MECHANICAL MATERIAL,10,19,4378M,190,Approved,PO2500006963,,
REQ2500012271,Goods, 10025517,,"BRACKET SET FOR 2.5TON SPLIT AC OUTDOOR UNIT, ORIGIN: UAE",MECHANICAL MATERIAL,9,18.75,4378M,168.75,Approved,PO2500006994,,
REQ2500011607,Goods, 10000850,,"RELAY 24V DC 14-PIN, MAKE: SCHNEIDER",ELECTRICAL MATERIAL,10,15.19,4378M,151.9,Approved,PO2500006995,,
REQ2500011918,Goods, 10015891,,"AUXILIARY CONTACT BLOCK, 1NO - 1NC, TESYS D, PART NO. LADN11, MAKE: SCHNEIDER",ELECTRICAL MATERIAL,15,18.2,4378M,273,Approved,PO2500007000,,
REQ2500011953,Goods, 10002386,,"COPPER PIPE 5/8"" X 50' X 0.028"" THICK, MAKE: MAKSAL, ORIGIN: SA",MECHANICAL MATERIAL,6,227,4378M,1362,Approved,793267,,
REQ2500011953,Goods, 10008888,,"COPPER PIPE 1/4"" X 50' X 0.061MM THK, MAKE: MAKSAL, ORIGIN: SOUTH AFRICA",MECHANICAL MATERIAL,6,70,4378M,420,Approved,793267,,
REQ2500011953,Goods, 10002777,,"RUBBER PIPE INSULATION 1/4"" X 1/2"" X 1.8MTR. LTH, PACKING: 90TUBES / BOX, MAKE: GULF'O'FLEX / WORLDFLEX, ORIGIN: UAE",MECHANICAL MATERIAL,50,1.280651935,4378M,64.03259675,Approved,793267,,
REQ2500011953,Goods, 10002851,,"CANVAS COATING GEE FIX 30/36 (EQUIVALENT TO FOSTER 30/36), PACKING: 20KG / DRUM, ORIGIN: UAE",MATERIALS LOCAL,2,33.5,4378M,67,Approved,793267,,
REQ2500011649,Goods, 10006849,,"SPLIT WALL 36000BTU, R410, MODEL NO. 123RASGA36-FE, WITH HERESITE COATING (220COATING), BRAND: GENERAL, ORIGIN: THAILAND",AC,8,5235,4378M,41880,Approved,PO2500007002,,
REQ2500012030,Goods, 10002766,,"OIL 5GS 3.78LTR GAL, BRAND: SUNISE, ORIGIN: INDIA",OIL AND FILTERS,5,41.858125,4378M,209.290625,Approved,794272,,
REQ2500012030,Goods, 10000268,,"TORCH RECHARGEABLE, LED, MODEL NO. GFL4641, MAKE: GEEPAS",MATERIALS LOCAL,10,33.53703704,4378M,335.3703704,Approved,794272,,
REQ2500012030,Goods, 10001713,,"BLADE FOR 6"" PIPE CUTTER, MODEL NO. E4266, MAKE: RIDGID",MATERIALS LOCAL,10,114,4378M,1140,Approved,794272,,
REQ2500012030,Goods, 10002060,,"JUBILEE (BS70) 55-70MM (2""- 2-3/4"")3, MAKE: JUBILEE, ORIGIN: UK",MATERIALS LOCAL,30,2.1,4378M,63,Approved,794272,,
REQ2500011607,Goods, 10002744,,"UNIVERSAL PC BOARD FOR SPLIT UNITS, MODEL: SG-U02B, ORIGIN: CHINA",MECHANICAL MATERIAL,15,21.07407407,4378M,316.1111111,Approved,PO2500007069,,
REQ2500011918,Goods, 10030927,,"FLAT FILE 12"", MAKE: CHINA",MATERIALS LOCAL,10,11,4378M,110,Approved,PO2500007072,,
REQ2500011918,Goods, 10015287,,"NUT DRIVER SET 6 -12MM, MAKE: MAX / CLARKE",MATERIALS LOCAL,10,40.5,4378M,405,Approved,PO2500007072,,
REQ2500011918,Goods, 10017092,,"NUT DRIVER 8 MM, MAKE: CLARKE",MATERIALS LOCAL,10,9.75,4378M,97.5,Approved,PO2500007072,,
REQ2500011918,Goods, 10038492,,"NUT DRIVER 13MM, MAKE: MAX, ORIGIN: GERMANY",MATERIALS LOCAL,10,11,4378M,110,Approved,PO2500007072,,
REQ2500011918,Goods, 10038493,,"NUT DRIVER 10MM, MAKE: MAX, ORIGIN: GERMANY",MATERIALS LOCAL,10,9.75,4378M,97.5,Approved,PO2500007072,,
REQ2500012050,Goods, 10002386,,"COPPER PIPE 5/8"" X 50' X 0.028"" THICK, MAKE: MAKSAL, ORIGIN: SA",MECHANICAL MATERIAL,4,240,4378M,960,Approved,796259,,
REQ2500012050,Goods, 10008887,,"COPPER PIPE 3/8"" X 50' X 0.061MM THK, MAKE: MAKSAL, ORIGIN: SOUTH AFRICA",MECHANICAL MATERIAL,4,130,4378M,520,Approved,796259,,
REQ2500012050,Goods, 10002414,,"RUBBER PIPE INSULATION 5/8"" DIA X 3/8"" THICK X1.8MTR / LTH, PACKING: 90TUBES / BOX, MAKE: WORLD FLEX BY GULF-O-FLEX, ORIGIN: UAE",MATERIALS LOCAL,30,1.33,4378M,39.9,Approved,796259,,
REQ2500012050,Goods, 10002444,,"RUBBER PIPE INSULATION 3/8"" DIA X 3/8"" THICK X1.8MTR / LTH, PACKING: 130TUBES / BOX, MAKE: WORLDFLEX BY GULFOFLEX, ORIGIN: UAE",MECHANICAL MATERIAL,30,1,4378M,30,Approved,796259,,
REQ2500012050,Goods, 10002373,,"CANVAS CLOTH 6 OZ, 36"" X 20 YARD / ROLL, MAKE: TAKA, ORIGIN: PAKISTAN",CIVIL MATERIAL,2,12.00796813,4378M,24.01593626,Approved,796259,,
REQ2500012050,Goods, 10002851,,"CANVAS COATING GEE FIX 30/36 (EQUIVALENT TO FOSTER 30/36), PACKING: 20KG / DRUM, ORIGIN: UAE",MATERIALS LOCAL,1,33.5,4378M,33.5,Approved,796259,,
REQ2500012050,Goods, 10000195,,"INSULATION TAPE 19MM X 10Y, Y/G, MAKE: 3M, ORIGIN: UK",ELECTRICAL MATERIAL,16,0.98,4378M,15.68,Approved,796259,,
REQ2500012063,Goods, 10002386,,"COPPER PIPE 5/8"" X 50' X 0.028"" THICK, MAKE: MAKSAL, ORIGIN: SA",MECHANICAL MATERIAL,2,240,4378M,480,Approved,795259,,
REQ2500012063,Goods, 10008888,,"COPPER PIPE 1/4"" X 50' X 0.061MM THK, MAKE: MAKSAL, ORIGIN: SOUTH AFRICA",MECHANICAL MATERIAL,2,82,4378M,164,Approved,795259,,
REQ2500012116,Goods, 10002386,,"COPPER PIPE 5/8"" X 50' X 0.028"" THICK, MAKE: MAKSAL, ORIGIN: SA",MECHANICAL MATERIAL,3,240,4378M,720,Approved,795267,,
REQ2500012116,Goods, 10008887,,"COPPER PIPE 3/8"" X 50' X 0.061MM THK, MAKE: MAKSAL, ORIGIN: SOUTH AFRICA",MECHANICAL MATERIAL,3,130,4378M,390,Approved,795267,,
REQ2500012117,Goods, 10002482,,"COPPER PIPE 1/2"" X 50' X 0.71MM THK, MAKE: MAKSAL, ORIGIN: SA",MECHANICAL MATERIAL,2,196,4378M,392,Approved,795265,,
REQ2500012120,Goods, 10005056,,"PEN 1.0MM, BLUE, TRI-MATE, MAKE: CELLO, ORIGIN: INDIA",STAIONERY,20,0.31,4378M,6.2,Approved,796265,,
REQ2500012120,Goods, 10005013,,"POST IT PAD 3"" X 3"", MODEL 654, MAKE: 3M",STAIONERY,1,2.8479344,4378M,2.8479344,Approved,796265,,
REQ2500012206,Goods, 10047648,,"EXTENSION REEL 13A 50MTR, 3 GANG, GALVANIZED STEEL BODY, MAKE: KL STAR",ELECTRICAL MATERIAL,4,150,4378M,600,Approved,795278,,
REQ2500011918,Goods, 10001888,,"GRIP PLIER 10"", GP10CL, MAKE: CLARKE",MATERIALS LOCAL,10,12.07547618,4378M,120.7547618,Approved,PO2500007075,,
REQ2500011661,Goods, 10038756,,"COIL TEMERATURE SENSOR, MAKE: MITSUBISHI ELECTRIC, ORIGIN: THAILAND",MECHANICAL MATERIAL,5,70,4378M,350,Approved,PO2500007091,,
REQ2500012256,Goods, 10014039,,"CABLE FLEXIBLE 4C X 4SQMM, FULL GAUGE, 100 YARD, MAKE: MESC",CABLES,2,590,4378M,1180,Approved,796287,,
REQ2500012256,Goods, 10025305,,"BLACK TAPE 2"" X 60Ft, PVC, PACKING: 60 ROLL / BOX, PRODUCT CODE: IFT-0009, MAKE: INNERFIX",CIVIL MATERIAL,15,1.7,4378M,25.5,Approved,796287,,
REQ2500012256,Goods, 10000196,,"FLEXIBLE CONDUIT 20MM X 15 MTR. / ROL, BLACK PVC COVER, G.I COATED, BRAND: RELITE, ORIGIN: INDIA",ELECTRICAL MATERIAL,5,16.48972854,4378M,82.4486427,Approved,796287,,
REQ2500012259,Goods, 10025305,,"BLACK TAPE 2"" X 60Ft, PVC, PACKING: 60 ROLL / BOX, PRODUCT CODE: IFT-0009, MAKE: INNERFIX",CIVIL MATERIAL,15,1.7,4378M,25.5,Approved,796289,,
REQ2500012259,Goods, 10000196,,"FLEXIBLE CONDUIT 20MM X 15 MTR. / ROL, BLACK PVC COVER, G.I COATED, BRAND: RELITE, ORIGIN: INDIA",ELECTRICAL MATERIAL,5,16.48972854,4378M,82.4486427,Approved,796289,,
REQ2500012259,Goods, 10014039,,"CABLE FLEXIBLE 4C X 4SQMM, FULL GAUGE, 100 YARD, MAKE: MESC",CABLES,1,590,4378M,590,Approved,796289,,
REQ2500011661,Goods, 10022012,,"AIR SENSOR FOR AC, PART NO. PE-4EAK, MAKE: MITSUBISHI",MECHANICAL MATERIAL,3,70,4378M,210,Approved,PO2500007091,,
REQ2500012511,Goods, 10051517,,"CONTROL BOARD, PART NO. E27622450, MODEL NO. PUHY-P350YHA, MAKE: MITSUBISHI",ELECTRICAL MATERIAL,1,2210,4378M,2210,Approved,PO2500007159,,
REQ2500012511,Goods, 10051520,,"NOISE FILTER BOARD, PART NO. E27622444, MODEL NO. PUHY-P350YHA, MAKE: MITSUBISHI",ELECTRICAL MATERIAL,1,1515,4378M,1515,Approved,PO2500007159,,
REQ2500012511,Goods, 10051521,,"CONTROL BOARD, PART NO. E27622450, MODEL NO. PUHY-P250YHA, MAKE: MITSUBISHI",ELECTRICAL MATERIAL,1,2210,4378M,2210,Approved,PO2500007159,,
REQ2500012511,Goods, 10051522,,"NOISE FILTER BOARD, PART NO. E27622444, MODEL NO. PUHY-P250YHA, MAKE: MITSUBISHI",ELECTRICAL MATERIAL,1,1515,4378M,1515,Approved,PO2500007159,,
REQ2500012353,Goods, 10013844,,"V BELT A-50, MAKE: OPTI, ORIGIN: EUROPE",MECHANICAL MATERIAL,20,29.25,4378M,585,Approved,PO2500007289,,
REQ2500012267,Goods, 10025517,,"BRACKET SET FOR 2.5TON SPLIT AC OUTDOOR UNIT, ORIGIN: UAE",MECHANICAL MATERIAL,18,18.75,4378M,337.5,Approved,PO2500007294,,
REQ2500012270,Goods, 10025517,,"BRACKET SET FOR 2.5TON SPLIT AC OUTDOOR UNIT, ORIGIN: UAE",MECHANICAL MATERIAL,8,18.75,4378M,150,Approved,PO2500007314,,
REQ2500013197,Goods, 10011543,,"CONTACTOR 40A 24VAC 2P 50/60 HZ, PART NO. MC40P2, MAKE: DACO, ORIGIN: KOREA",ELECTRICAL MATERIAL,100,45,4378M,4500,Approved,PO2500007362,,
REQ2500013197,Goods, 10000850,,"RELAY 24V DC 14-PIN, MAKE: SCHNEIDER",ELECTRICAL MATERIAL,20,15.19,4378M,303.8,Approved,PO2500007363,,
REQ2500012407,Goods, 10002701,,"GAS CHARGING VALVE 1/4"" X .35MM X 10CM, ORIGIN: INDIA",MECHANICAL MATERIAL,15,1.2,4378M,18,Approved,798259,,
REQ2500013239,Goods, 10003057,,"SPLIT WALL 30000BTU R410A, SCROLL, PART NO. 120RASGA30-FU, MAKE: GENERAL, ORIGIN: THAILAND",AC,10,3765,4378M,37650,Approved,PO2500007380,,
REQ2500013231,Goods, 10006849,,"SPLIT WALL 36000BTU, R410, MODEL NO. 123RASGA36-FE, WITH HERESITE COATING (220COATING), BRAND: GENERAL, ORIGIN: THAILAND",AC,4,5235,4378M,20940,Approved,PO2500007388,,
REQ2500013396,Goods, 10051793,,"V BELT A-80, MAKE: DUNLOP, ORIGIN: KOREA ",MECHANICAL MATERIAL,10,18,4378M,180,Approved,PO2500007459,,
REQ2500012509,Goods, 10002711,,"CAPACITOR 45 MFD, MAKE: SYSCAP, ORIGIN: INDIA",ELECTRICAL MATERIAL,50,10.75,4378M,537.5,Approved,797271,,
REQ2500012509,Goods, 10001737,,"FOAM SPRAY 500ML, PACKING: 12PC / CTN, MAKE: ASMACO",CIVIL MATERIAL,10,6.953559446,4378M,69.53559446,Approved,797271,,
REQ2500012509,Goods, 10002708,,"CAPACITOR 10MFD, METAL BODY, ORIGIN: INDIA",ELECTRICAL MATERIAL,50,5.8,4378M,290,Approved,797271,,
REQ2500012509,Goods, 10002464,,"CAPACITOR 3.5 MFD SQUARE BLACK, PLASTIC, ORIGIN: INDIA",ELECTRICAL MATERIAL,40,3.31147541,4378M,132.4590164,Approved,797271,,
REQ2500012509,Goods, 10002540,,"CAPACITOR 55+5 MFD, ROUND METAL BODY, ORIGIN: INDIA",ELECTRICAL MATERIAL,40,10.86111111,4378M,434.4444444,Approved,797271,,
REQ2500012509,Goods, 10002770,,"CAPACITOR 4 MFD, ROUND METAL, ORIGIN: INDIA",ELECTRICAL MATERIAL,40,4.032142857,4378M,161.2857143,Approved,797271,,
REQ2500012509,Goods, 10003015,,"CAPACITOR 60+5 MFD ALUMINIUM BODY, ORIGIN: INDIA",ELECTRICAL MATERIAL,50,9.985148515,4378M,499.2574258,Approved,797271,,
REQ2500012509,Goods, 10003128,,"TUBE CUTTER 1/8"" - 1-1/8"" OD STEEL, MAKE: P&M",MECHANICAL MATERIAL,10,26.02898269,4378M,260.2898269,Approved,797271,,
REQ2500013396,Goods, 10008394,,"V-BELT A-28, BRAND: DUNLOP, ORIGIN: KOREA",MECHANICAL MATERIAL,20,8,4378M,160,Approved,PO2500007459,,
REQ2500012427,Goods, 10051477,,"EXPANSION VALVE COIL PUHY-P350YHA, MAKE: MITSUBISHI, ORIGIN: THAILAND",MECHANICAL MATERIAL,2,600,4378M,1200,Approved,PO2500007464,,
REQ2500012962,Goods, 10043547,,"EXPANSION VALVE R22, WITH EXTERNAL EQUALISER, PART NO. 068Z3209, MAKE: DANFOSS",MECHANICAL MATERIAL,2,165,4378M,330,Approved,PO2500007466,,
REQ2500012429,Goods, 10007145,,"TRUNKING 100MM X 50MM X 3Mtr., PVC, DXT 4W, MAKE: DECODUCT, ORIGIN: UAE",ELECTRICAL MATERIAL,12,36.75,4378M,441,Approved,PO2500007468,,
REQ2500013430,Goods, 10014039,,"CABLE FLEXIBLE 4C X 4SQMM, FULL GAUGE, 100 YARD, MAKE: MESC",CABLES,2,590,4378M,1180,Approved,PO2500007481,,
REQ2500012599,Goods, 10016730,,"CONTACTOR 150A, 3P, 220V COIL, 50/60HZ, PART NO. LCID150M7, MAKE: SCHNEIDER, ORIGIN: FRANCE",ELECTRICAL MATERIAL,2,612.89,4378M,1225.78,Approved,PO2500007526,,
REQ2500013479,Goods, 10043547,,"EXPANSION VALVE R22, WITH EXTERNAL EQUALISER, PART NO. 068Z3209, MAKE: DANFOSS",MECHANICAL MATERIAL,5,165,4378M,825,Approved,PO2500007540,,
REQ2500012671,Goods, 10002738,,"FREON GAS R410A X 25LBS / 11.3KG DISPOSIBLE CYLINDER, MAKE: FLORON",GAS,30,305.5,4378M,9165,Approved,797301,,
REQ2500012671,Goods, 10002271,,"GAS R22, PACKING: 13.6KGS (30LBS), DISPOSABLE CYLINDER, BRAND: FLORON, ORIGIN: INDIA",GAS,30,266.447585,4378M,7993.42755,Approved,797301,,
REQ2500013479,Goods, 10023317,,"FLARING TOOLS SET, MAKE: MAXTOOL, ORIGIN: CHIN",MATERIALS LOCAL,10,72,4378M,720,Approved,PO2500007542,,
REQ2500013544,Goods, 10001953,,"PIPE 1"" X 6MTR, PVC CLASS E, MAKE: POWER, ORIGIN: UAE",PIPES,6,11,4378M,66,Approved,PO2500007553,,
REQ2500013544,Goods, 10025517,,"BRACKET SET FOR 2.5TON SPLIT AC OUTDOOR UNIT, ORIGIN: UAE",MECHANICAL MATERIAL,10,18.75,4378M,187.5,Approved,PO2500007555,,
REQ2500013451,Goods, 10014039,,"CABLE FLEXIBLE 4C X 4SQMM, FULL GAUGE, 100 YARD, MAKE: MESC",CABLES,4,590,4378M,2360,Approved,PO2500007566,,
REQ2500013451,Goods, 10019516,,"FLEXIBLE CABLE 4C X 2.5SQMM, MAKE: MESC, ORIGIN: UAE",CABLES,4,392,4378M,1568,Approved,PO2500007566,,
REQ2500013414,Goods, 10044106,,"DUCT INLINE CENTRIFUGAL FAN, MODEL: CK160C 50/60Hz, MAKE: OSTBERG, ORIGIN: SWEDEN",MECHANICAL MATERIAL,2,530,4378M,1060,Approved,PO2500007631,,
REQ2500013209,Goods, 10002344,,"BRAZING ROD BLUE 45% FLUX COATED (1 X 9 / PKT), BRAND: HARIS, ORIGIN: USA",MATERIALS LOCAL,50,21.04081633,4378M,1052.040817,Approved,799276,,
REQ2500013209,Goods, 10002257,,"POWER CONTACT CLEANER, PACKING: 500ML/CAN, MAKE: CRC, ORIGIN: BELGIUM",MATERIALS LOCAL,20,28.14285714,4378M,562.8571428,Approved,799276,,
REQ2500013209,Goods, 10002740,,"FLARE NUT 5/8"", BRASS, ORIGIN: INDIA",MATERIALS LOCAL,20,2.411764706,4378M,48.23529412,Approved,799276,,
REQ2500013209,Goods, 10002356,,"FLARE NUT BRASS 3/8"", ORIGIN: CHINA",MATERIALS LOCAL,20,1.427631579,4378M,28.55263158,Approved,799276,,
REQ2500013209,Goods, 10002468,,"FLARE NUT BRASS 1/2"", ORIGIN: INDIA",MATERIALS LOCAL,20,1.803896709,4378M,36.07793418,Approved,799276,,
REQ2500013209,Goods, 10013932,,"MASKING TAPE 3"" X 30 YARD, PACKING: 16 PCS / CTN, MAKE: HI-STICK, ORIGIN: UAE",MATERIALS LOCAL,50,2.5,4378M,125,Approved,799276,,
REQ2500013216,Goods, 10002149,,"EMERY PAPER G120, 230X280, PACKING: 100 PCS,/PKT, PART NO. C344, 2608621530, MAKE: BOSCH",MATERIALS LOCAL,10,0.67,4378M,6.7,Approved,799277,,
REQ2500013216,Goods, 10002617,,"FLEXIBLE ALUMINIUM DUCTING 4"" (100MM) X 3MTR., ORIGIN: UAE",MECHANICAL MATERIAL,4,20,4378M,80,Approved,799277,,
REQ2500013414,Goods, 10044107,,"MOUNTING BRACKET FOR DUCT INLINE CENTRIFUGAL FAN, PRODUCT CODE: CKFB, MAKE: OSTBERG, ORIGIN: SWEDEN",MECHANICAL MATERIAL,2,15,4378M,30,Approved,PO2500007631,,
REQ2500013233,Goods, 10014039,,"CABLE FLEXIBLE 4C X 4SQMM, FULL GAUGE, 100 YARD, MAKE: MESC",CABLES,2,590,4378M,1180,Approved,799282,,
REQ2500013233,Goods, 10000196,,"FLEXIBLE CONDUIT 20MM X 15 MTR. / ROL, BLACK PVC COVER, G.I COATED, BRAND: RELITE, ORIGIN: INDIA",ELECTRICAL MATERIAL,5,16.48972854,4378M,82.4486427,Approved,799282,,
REQ2500013233,Goods, 10000142,,"CABLE 4C X 2.5SQMM, PVC FLEXIBLE, DUFLEX 70 DEGREE, WHITE, MAKE: DUCAB, ORIGIN: UAE",CABLES,2,416.5185185,4378M,833.037037,Approved,799282,,
REQ2500013233,Goods, 10002386,,"COPPER PIPE 5/8"" X 50' X 0.028"" THICK, MAKE: MAKSAL, ORIGIN: SA",MECHANICAL MATERIAL,2,240,4378M,480,Approved,799282,,
REQ2500013233,Goods, 10008887,,"COPPER PIPE 3/8"" X 50' X 0.061MM THK, MAKE: MAKSAL, ORIGIN: SOUTH AFRICA",MECHANICAL MATERIAL,2,130,4378M,260,Approved,799282,,
REQ2500013233,Goods, 10000157,,"ISOLATOR 32-40A, 3 POLE 220V, PART NO. KSE340TPN, W/P WITH METAL BODY, MAKE: ABB",ELECTRICAL MATERIAL,4,100,4378M,400,Approved,799282,,
REQ2500013233,Goods, 10002414,,"RUBBER PIPE INSULATION 5/8"" DIA X 3/8"" THICK X1.8MTR / LTH, PACKING: 90TUBES / BOX, MAKE: WORLD FLEX BY GULF-O-FLEX, ORIGIN: UAE",MATERIALS LOCAL,50,1.33,4378M,66.5,Approved,799282,,
REQ2500013233,Goods, 10002444,,"RUBBER PIPE INSULATION 3/8"" DIA X 3/8"" THICK X1.8MTR / LTH, PACKING: 130TUBES / BOX, MAKE: WORLDFLEX BY GULFOFLEX, ORIGIN: UAE",MECHANICAL MATERIAL,50,1,4378M,50,Approved,799282,,
REQ2500013236,Goods, 10014039,,"CABLE FLEXIBLE 4C X 4SQMM, FULL GAUGE, 100 YARD, MAKE: MESC",CABLES,3,590,4378M,1770,Approved,799280,,
REQ2500013236,Goods, 10000196,,"FLEXIBLE CONDUIT 20MM X 15 MTR. / ROL, BLACK PVC COVER, G.I COATED, BRAND: RELITE, ORIGIN: INDIA",ELECTRICAL MATERIAL,3,16.48972854,4378M,49.46918562,Approved,799280,,
REQ2500013236,Goods, 10000142,,"CABLE 4C X 2.5SQMM, PVC FLEXIBLE, DUFLEX 70 DEGREE, WHITE, MAKE: DUCAB, ORIGIN: UAE",CABLES,3,416.5185185,4378M,1249.555556,Approved,799280,,
REQ2500013236,Goods, 10002386,,"COPPER PIPE 5/8"" X 50' X 0.028"" THICK, MAKE: MAKSAL, ORIGIN: SA",MECHANICAL MATERIAL,4,240,4378M,960,Approved,799280,,
REQ2500013236,Goods, 10008887,,"COPPER PIPE 3/8"" X 50' X 0.061MM THK, MAKE: MAKSAL, ORIGIN: SOUTH AFRICA",MECHANICAL MATERIAL,4,130,4378M,520,Approved,799280,,
REQ2500013236,Goods, 10000157,,"ISOLATOR 32-40A, 3 POLE 220V, PART NO. KSE340TPN, W/P WITH METAL BODY, MAKE: ABB",ELECTRICAL MATERIAL,10,100,4378M,1000,Approved,799280,,
REQ2500013545,Goods, 10025517,,"BRACKET SET FOR 2.5TON SPLIT AC OUTDOOR UNIT, ORIGIN: UAE",MECHANICAL MATERIAL,4,18.75,4378M,75,Approved,PO2500007635,,
REQ2500013240,Goods, 10014039,,"CABLE FLEXIBLE 4C X 4SQMM, FULL GAUGE, 100 YARD, MAKE: MESC",CABLES,1,590,4378M,590,Approved,800280,,
REQ2500013240,Goods, 10000196,,"FLEXIBLE CONDUIT 20MM X 15 MTR. / ROL, BLACK PVC COVER, G.I COATED, BRAND: RELITE, ORIGIN: INDIA",ELECTRICAL MATERIAL,2,16.48972854,4378M,32.97945708,Approved,800280,,
REQ2500013240,Goods, 10002386,,"COPPER PIPE 5/8"" X 50' X 0.028"" THICK, MAKE: MAKSAL, ORIGIN: SA",MECHANICAL MATERIAL,1,240,4378M,240,Approved,800280,,
REQ2500013240,Goods, 10008887,,"COPPER PIPE 3/8"" X 50' X 0.061MM THK, MAKE: MAKSAL, ORIGIN: SOUTH AFRICA",MECHANICAL MATERIAL,1,130,4378M,130,Approved,800280,,
REQ2500013240,Goods, 10000157,,"ISOLATOR 32-40A, 3 POLE 220V, PART NO. KSE340TPN, W/P WITH METAL BODY, MAKE: ABB",ELECTRICAL MATERIAL,2,100,4378M,200,Approved,800280,,
REQ2500013240,Goods, 10008888,,"COPPER PIPE 1/4"" X 50' X 0.061MM THK, MAKE: MAKSAL, ORIGIN: SOUTH AFRICA",MECHANICAL MATERIAL,1,82,4378M,82,Approved,800280,,
REQ2500013240,Goods, 10002482,,"COPPER PIPE 1/2"" X 50' X 0.71MM THK, MAKE: MAKSAL, ORIGIN: SA",MECHANICAL MATERIAL,1,196,4378M,196,Approved,800280,,
REQ2500013242,Goods, 10014039,,"CABLE FLEXIBLE 4C X 4SQMM, FULL GAUGE, 100 YARD, MAKE: MESC",CABLES,1,590,4378M,590,Approved,800280,,
REQ2500013242,Goods, 10000196,,"FLEXIBLE CONDUIT 20MM X 15 MTR. / ROL, BLACK PVC COVER, G.I COATED, BRAND: RELITE, ORIGIN: INDIA",ELECTRICAL MATERIAL,2,16.48972854,4378M,32.97945708,Approved,800280,,
REQ2500013242,Goods, 10002386,,"COPPER PIPE 5/8"" X 50' X 0.028"" THICK, MAKE: MAKSAL, ORIGIN: SA",MECHANICAL MATERIAL,1,240,4378M,240,Approved,800280,,
REQ2500013242,Goods, 10008887,,"COPPER PIPE 3/8"" X 50' X 0.061MM THK, MAKE: MAKSAL, ORIGIN: SOUTH AFRICA",MECHANICAL MATERIAL,1,130,4378M,130,Approved,800280,,
REQ2500013242,Goods, 10000157,,"ISOLATOR 32-40A, 3 POLE 220V, PART NO. KSE340TPN, W/P WITH METAL BODY, MAKE: ABB",ELECTRICAL MATERIAL,2,100,4378M,200,Approved,800280,,
REQ2500013242,Goods, 10008888,,"COPPER PIPE 1/4"" X 50' X 0.061MM THK, MAKE: MAKSAL, ORIGIN: SOUTH AFRICA",MECHANICAL MATERIAL,1,82,4378M,82,Approved,800280,,
REQ2500013242,Goods, 10002482,,"COPPER PIPE 1/2"" X 50' X 0.71MM THK, MAKE: MAKSAL, ORIGIN: SA",MECHANICAL MATERIAL,1,196,4378M,196,Approved,800280,,
REQ2500013545,Goods, 10001953,,"PIPE 1"" X 6MTR, PVC CLASS E, MAKE: POWER, ORIGIN: UAE",PIPES,4,11,4378M,44,Approved,PO2500007638,,
REQ2500013545,Goods, 10003988,,"PVC ELBOW 90DEG, SIZE: 1"", MAKE: KALISTER, ORIGIN: UAE",CIVIL MATERIAL,30,1.25,4378M,37.5,Approved,PO2500007638,,
REQ2500013545,Goods, 10004929,,"PVC SOCKET SIZE: 1"" MAKE : ATLAS",MATERIALS LOCAL,30,1.1,4378M,33,Approved,PO2500007638,,
REQ2500013770,Goods, 10000157,,"ISOLATOR 32-40A, 3 POLE 220V, PART NO. KSE340TPN, W/P WITH METAL BODY, MAKE: ABB",ELECTRICAL MATERIAL,3,100,4378M,300,Approved,PO2500007661,,
REQ2500013770,Goods, 10019516,,"FLEXIBLE CABLE 4C X 2.5SQMM, MAKE: MESC, ORIGIN: UAE",CABLES,1,392,4378M,392,Approved,PO2500007662,,
REQ2500013770,Goods, 10014039,,"CABLE FLEXIBLE 4C X 4SQMM, FULL GAUGE, 100 YARD, MAKE: MESC",CABLES,1,590,4378M,590,Approved,PO2500007662,,
REQ2500013763,Goods, 10003057,,"SPLIT WALL 30000BTU R410A, SCROLL, PART NO. 120RASGA30-FU, MAKE: GENERAL, ORIGIN: THAILAND",AC,3,3765,4378M,11295,Approved,PO2500007693,,
REQ2500013813,Goods, 10019033,,"AUXILIARY CONTACT BLOCK, CAL19-11, MODEL NO. AF116 - AF370, PART NO. 1SFN010820R1011, MAKE: ABB",ELECTRICAL MATERIAL,4,57,4378M,228,Approved,PO2500007695,,
REQ2500013813,Goods, 10015669,,"CONTACTOR 116A 3P 1NO+1NC 100-250V AC/DC, MODEL NO. AF116-30-11-13, PART NO. 1SFL427001R1311, MAKE: ABB ",ELECTRICAL MATERIAL,2,445,4378M,890,Approved,PO2500007695,,
REQ2500013805,Goods, 10009511,,"CONTACTOR 150A 3P 110V, PART NO. LC1D150F7, MAKE: SCHNEIDER ELECTRIC, ORIGIN: FRANCE",ELECTRICAL MATERIAL,2,590,4378M,1180,Approved,PO2500007701,,
REQ2500013906,Goods, 10052151,,"RECYCLE GARBAGE / WASTE BIN, CAPACITY: 120LTR, WITH WHEEL AND PADLOCK, PLASTIC, COLOUR: GREEN, ORIGIN: UAE",CIVIL MATERIAL,2,150,4378M,300,Approved,PO2500007732,,
REQ2500013826,Goods, 10016473,,"TRICYCLE 24"" WITH REAR BASKET, BELL AND LOCK, INDUSTRIAL GRADE, BRAND: SHARK 61 UAE, ORIGIN: TAIWAN",MATERIALS LOCAL,12,685,4378M,8220,Approved,PO2500007753,,
REQ2500013826,Goods, 10006815,,DDP - DELIVERY DUTY PAID TO SITE,OTHER EXPENSES,1,1000,4378M,1000,Approved,PO2500007753,,
REQ2500010052,Goods, 10008400,,"FLAT SCREW DRIVER INSULATED ,6"", MAKE:GRIPON/MAX",MATERIALS LOCAL,50,9,4378M,450,Approved,PO2500007765,,
REQ2500010052,Goods, 10000080,,"CONTACTOR 15KW 400V 32A (AC3) 50A (AC1) 3P + 1NO / 1NC 240V AC COIL, PART NO. LC1D32U7, MAKE: SCHNEIDER ELECTRIC, ORIGIN: FRANCE",ELECTRICAL MATERIAL,50,123.81,4378M,6190.5,Approved,PO2500007781,,
REQ2500010052,Goods, 10000132,,"PHASE FAILURE RELAY 3 PHASE, PART NO. RM17TG20, MAKE: SCHNEIDER ELECTRIC, ORIGIN: INDIA",ELECTRICAL MATERIAL,15,93.04,4378M,1395.6,Approved,PO2500007781,,
REQ2500013769,Goods, 10008888,,"COPPER PIPE 1/4"" X 50' X 0.061MM THK, MAKE: MAKSAL, ORIGIN: SOUTH AFRICA",MECHANICAL MATERIAL,2,82,4378M,164,Approved,802263,,
REQ2500013769,Goods, 10002482,,"COPPER PIPE 1/2"" X 50' X 0.71MM THK, MAKE: MAKSAL, ORIGIN: SA",MECHANICAL MATERIAL,2,196,4378M,392,Approved,802263,,
REQ2500013769,Goods, 10002851,,"CANVAS COATING GEE FIX 30/36 (EQUIVALENT TO FOSTER 30/36), PACKING: 20KG / DRUM, ORIGIN: UAE",MATERIALS LOCAL,3,33.5,4378M,100.5,Approved,802263,,
REQ2500013769,Goods, 10002373,,"CANVAS CLOTH 6 OZ, 36"" X 20 YARD / ROLL, MAKE: TAKA, ORIGIN: PAKISTAN",CIVIL MATERIAL,3,12.00796813,4378M,36.02390439,Approved,802263,,
REQ2500010052,Goods, 10000112,,"CONTACTOR 11KW 400V 25A (AC3), 40A (AC1), 3P 24V AC COIL, 1NO+1NC 50/60 HZ, PART NO. LC1D25B7, MAKE: SCHNIEDER ELECTRIC, ORIGIN: FRANCE",ELECTRICAL MATERIAL,50,92.66533888,4378M,4633.266944,Approved,PO2500007783,,
REQ2500014092,Goods, 10052211,,"COIL, LEVE-1, PART NO. E27622493, MODEL NO. PUHY-P250YHA, MAKE: MITSUBISHI",MECHANICAL MATERIAL,2,275,4378M,550,Approved,PO2500007801,,
REQ2500014130,Goods, 10051769,,"CAPACITOR 60+5 MFD, R/ALUM, MAKE: TIBCON, ORIGIN: INDIA",ELECTRICAL MATERIAL,50,12.5,4378M,625,Approved,PO2500007836,,
REQ2500014241,Goods, 10052279,,"ROUND MEETING TABLE 1200W X 1200D X 760H, WHITE, PRODUCT CODE: RL80011RMT12 WH, ORIGIN: UAE",OTHER EXPENSES,1,700,4378M,700,Approved,PO2500007879,,
REQ2500014241,Goods, 10052280,,"VISITOR CHAIR, BLACK PU, PRODUCT CODE: GDLZ3204VC BLV, ORIGIN: UAE",OTHER EXPENSES,4,280,4378M,1120,Approved,PO2500007879,,
REQ2500013806,Goods, 10000195,,"INSULATION TAPE 19MM X 10Y, Y/G, MAKE: 3M, ORIGIN: UK",ELECTRICAL MATERIAL,100,0.98,4378M,98,Approved,804261,,
REQ2500013806,Goods, 10002464,,"CAPACITOR 3.5 MFD SQUARE BLACK, PLASTIC, ORIGIN: INDIA",ELECTRICAL MATERIAL,50,3.31147541,4378M,165.5737705,Approved,804261,,
REQ2500013806,Goods, 10001975,,"FACE MASK DISPOSABLE, MEDICAL, 3 PLY WITH EAR LOOP BAND, PACKING: 50 PCS / BOX, ORIGIN: CHINA",OTHER EXPENSES,20,2.48,4378M,49.6,Approved,804261,,
REQ2500013806,Goods, 10002583,,"CAPACITOR 50 MFD, R/ALUM, ORIGIN: INDIA",MECHANICAL MATERIAL,50,8.25,4378M,412.5,Approved,804261,,
REQ2500013806,Goods, 10002983,,"TRANSFORMER 24V / 75VA, MAKE: PETROSS, ORIGIN: CHINA",ELECTRICAL MATERIAL,10,45,4378M,450,Approved,804261,,
REQ2500013806,Goods, 10002395,,"COPPER ELBOW 1/2"" X 90 DEG., MAKE: MUELLER, ORIGIN: USA",MECHANICAL MATERIAL,15,4.3,4378M,64.5,Approved,804261,,
REQ2500013806,Goods, 10002438,,"COPPER ELBOW 3/4"" X 90 DEG, MAKE: MUELLER, ORIGIN: USA",MECHANICAL MATERIAL,15,8.823529412,4378M,132.3529412,Approved,804261,,
REQ2500013806,Goods, 10001976,,"JUBILEE (BS55) 40-55MM ( 1/2""- 2 1/8""), MAKE: JUBILEE, ORIGIN: UK",MATERIALS LOCAL,20,2.52,4378M,50.4,Approved,804261,,
REQ2500013806,Goods, 10001761,,"DOTTED GLOVES 14 OZ - SINGLE SIDE DOTTED, MATERIAL: POLYSTER, COTTON & PVC DOTS, MODEL NO. 757, PART NO. 81GLOV-SSD, MAKE: RIGMAN",OTHER EXPENSES,200,0.95,4378M,190,Approved,804261,,
REQ2500013806,Goods, 10002287,,"SPRAY WD40, PACKING: 330ML, BRAND: WD40, ORIGIN: UK",MATERIALS LOCAL,20,11.09505338,4378M,221.9010676,Approved,804261,,
REQ2500013806,Goods, 10001769,,"TEFLON TAPE 1/2"" X 10YARD, ORIGIN: PRC",MATERIALS LOCAL,100,0.20059063,4378M,20.059063,Approved,804261,,
REQ2500013806,Goods, 10002770,,"CAPACITOR 4 MFD, ROUND METAL, ORIGIN: INDIA",ELECTRICAL MATERIAL,50,4.032142857,4378M,201.6071429,Approved,804261,,
REQ2500013806,Goods, 10001650,,"INSTANT ADHESIVE, SUPER GLUE 3GM, MAKE: FEVICOL",MATERIALS LOCAL,10,1.619354839,4378M,16.19354839,Approved,804261,,
REQ2500013806,Goods, 10000084,,"OVERLOAD RELAY TESYSD CL10A 12 -18A, PART NO. LRD21, MAKE: SCHNEIDER ELECTRIC, ORIGIN: FRANCE",ELECTRICAL MATERIAL,10,59.25,4378M,592.5,Approved,804261,,
REQ2500013806,Goods, 10000085,,"THERMAL OVERLOAD RELAY 23-32A TESYSD CL10A, PART NO. LRD32, MAKE: SCHNEIDER ELECTRIC, ORIGIN: FRANCE",ELECTRICAL MATERIAL,10,81,4378M,810,Approved,804261,,
REQ2500013806,Goods, 10002373,,"CANVAS CLOTH 6 OZ, 36"" X 20 YARD / ROLL, MAKE: TAKA, ORIGIN: PAKISTAN",CIVIL MATERIAL,10,12.00796813,4378M,120.0796813,Approved,804261,,
REQ2500013806,Goods, 10002851,,"CANVAS COATING GEE FIX 30/36 (EQUIVALENT TO FOSTER 30/36), PACKING: 20KG / DRUM, ORIGIN: UAE",MATERIALS LOCAL,3,33.5,4378M,100.5,Approved,804261,,
REQ2500013806,Goods, 10025305,,"BLACK TAPE 2"" X 60Ft, PVC, PACKING: 60 ROLL / BOX, PRODUCT CODE: IFT-0009, MAKE: INNERFIX",CIVIL MATERIAL,50,1.7,4378M,85,Approved,804261,,
REQ2500014241,Goods, 10052281,,"SOFA, THREE-SEATER, BEIGE, PRODUCT CODE: AJXP117 3S BGV, ORIGIN: UAE",OTHER EXPENSES,1,1595,4378M,1595,Approved,PO2500007879,,
REQ2500013197,Goods, 10036685,,"WEBBING SLING / LIFTING BELT 5 TON X 10 MTR POLYSTER WEBBING SLING, 2 PLY, WITH TPI CERTIFICATION, MAKE: GRIPTON",MECHANICAL MATERIAL,2,175,4378M,350,Approved,PO2500007895,,
REQ2500013197,Goods, 10008597,,"COTTON ROPE 8MM X 50 YARD, ORIGIN: CHINA",MATERIALS LOCAL,2,21.5,4378M,43,Approved,PO2500007895,,
REQ2500013197,Goods, 10042235,,"BOLT 8MM X 60MM, WITH LOCK NUT & WASHER, ORGIN: UAE",MATERIALS LOCAL,50,0.3,4378M,15,Approved,PO2500007895,,
REQ2500014289,Goods, 10007291,,"CAPACITOR 50MFD, ROUND METAL BODY, MAKE: SYSCAP, ORIGIN: INDIA",ELECTRICAL MATERIAL,50,11,4378M,550,Approved,PO2500007905,,
REQ2500014289,Goods, 10002711,,"CAPACITOR 45 MFD, MAKE: SYSCAP, ORIGIN: INDIA",ELECTRICAL MATERIAL,50,10.99315227,4378M,549.6576135,Approved,PO2500007905,,
REQ2500014130,Goods, 10017146,,"V BELT B-44, MAKE: PIX, ORIGIN: INDIA",MECHANICAL MATERIAL,30,8.5,4378M,255,Approved,PO2500007910,,
REQ2500014130,Goods, 10033998,,"V-BELT B-50, MAKE: PIX, ORIGIN: INDIA",MECHANICAL MATERIAL,20,9.7,4378M,194,Approved,PO2500007910,,
REQ2500014289,Goods, 10026594,,"BEARING UC208, MAKE: FYH",MECHANICAL MATERIAL,5,55,4378M,275,Approved,PO2500007912,,
REQ2500013940,Goods, 10006882,,"TEMPERATURE SENSOR MCS-T100-60, PRODUCT CODE: 64GX21191000 / 64CYST067000, MAKE: SKM",MECHANICAL MATERIAL,4,256.5,4378M,1026,Approved,PO2500007917,,
REQ2500014003,Goods, 10048517,,"PRESSURE TRANSDUCER, MODEL: MCS-500C-40, PRODUCT CODE: 64CYTP450000, MAKE: SKM",MECHANICAL MATERIAL,2,589,4378M,1178,Approved,PO2500007919,,
REQ2500014003,Goods, 10003034,,"PRESSURE TRANSDUCER MCS-200C-40, PART NO. 64CYTP420000, MAKE: SKM",MECHANICAL MATERIAL,2,589,4378M,1178,Approved,PO2500007919,,
REQ2500013824,Goods, 10048391,,"VARIABLE FREQUENCY DRIVE-VFD, ATV212-11KW, 400V, 3PH, PART NO. ATV212HD11N4, MAKE: SCHNEIDER",ELECTRICAL MATERIAL,1,2422.24,4378M,2422.24,Approved,PO2500007922,,
REQ2500013808,Goods, 10009421,,"V BELT B-44, MAKE: DUNLOP, ORIGIN: KOREA",MECHANICAL MATERIAL,15,16,4378M,240,Approved,PO2500007943,,
REQ2500013808,Goods, 10002712,,"CAPACITOR 60MFD, ROUND MEATAL BODY, MAKE: SYSCAP, ORIGIN: INDIA",ELECTRICAL MATERIAL,50,10.55,4378M,527.5,Approved,PO2500007945,,
REQ2500013808,Goods, 10002707,,"CAPACITOR 5 MFD, ROUND METAL, ORIGIN: INDIA",ELECTRICAL MATERIAL,50,4.95,4378M,247.5,Approved,PO2500007945,,
REQ2500013808,Goods, 10002540,,"CAPACITOR 55+5 MFD, ROUND METAL BODY, ORIGIN: INDIA",ELECTRICAL MATERIAL,50,13,4378M,650,Approved,PO2500007945,,
REQ2500013912,Goods, 10002271,,"GAS R22, PACKING: 13.6KGS (30LBS), DISPOSABLE CYLINDER, BRAND: FLORON, ORIGIN: INDIA",GAS,20,267.7791544,4378M,5355.583088,Approved,805263,,
REQ2500013912,Goods, 10001897,,"BLADE HACKSAW 12"" 18 TEETH, BRAND: STARRET",MATERIALS LOCAL,50,1.939994432,4378M,96.9997216,Approved,805263,,
REQ2500013912,Goods, 10001651,,"RIVET 3.2MM X 8MM, ALUMINIUM, PACKING: 1000PCS / PKT, MAKE: PATTA, ORIGIN: TAIWAN",MATERIALS LOCAL,2,18.5,4378M,37,Approved,805263,,
REQ2500013912,Goods, 10002781,,"ROOM TEMPERATURE SENSOR FOR CASSET TYPE SPLIT (INDOOR), MODEL: AUG36ABAS, CODE: 234H, MAKE: GENERAL",ELECTRICAL MATERIAL,1,100,4378M,100,Approved,805263,,
REQ2500013912,Goods, 10002780,,"COIL SENSOR FOR CASSET TYPE SPLIT (INDOOR), MODEL: AUG36ABAS, CODE: 235A, MAKE: GENERAL",MECHANICAL MATERIAL,1,100,4378M,100,Approved,805263,,
REQ2500013808,Goods, 10002744,,"UNIVERSAL PC BOARD FOR SPLIT UNITS, MODEL: SG-U02B, ORIGIN: CHINA",MECHANICAL MATERIAL,10,21.07407407,4378M,210.7407407,Approved,PO2500007946,,
REQ2500011937,Goods, 10023152,,"CAUSTIC SODA FLAKES, PACKING: 25KG/BAG, ORIGIN: UAE",MATERIALS LOCAL,2,105,4378M,210,Approved,PO2500008009,,
REQ2500013918,Goods, 10015001,,"V BELT B-80, MAKE: PIX, ORIGIN: INDIA",MECHANICAL MATERIAL,20,15,4378M,300,Approved,PO2500008012,,
REQ2500013918,Goods, 10036519,,"V BELT B-81, MAKE: DUNLOP, ORIGIN: KOREA",MECHANICAL MATERIAL,10,15,4378M,150,Approved,PO2500008012,,
REQ2500013918,Goods, 10014996,,"V BELT B-82, MAKE: PIX, ORIGIN: INDIA",MECHANICAL MATERIAL,10,15.75,4378M,157.5,Approved,PO2500008012,,
REQ2500013918,Goods, 10023778,,"V-BELT B-83, MAKE: PIX, ORIGIN: INDIA",MECHANICAL MATERIAL,10,15.75,4378M,157.5,Approved,PO2500008012,,
REQ2500013918,Goods, 10004464,,"V-BELT ,B-84 ,MAKE: PIX",MECHANICAL MATERIAL,10,15.75,4378M,157.5,Approved,PO2500008012,,
REQ2500013918,Goods, 10002781,,"ROOM TEMPERATURE SENSOR FOR CASSET TYPE SPLIT (INDOOR), MODEL: AUG36ABAS, CODE: 234H, MAKE: GENERAL",ELECTRICAL MATERIAL,10,100,4378M,1000,Approved,PO2500008020,,
REQ2500013918,Goods, 10002780,,"COIL SENSOR FOR CASSET TYPE SPLIT (INDOOR), MODEL: AUG36ABAS, CODE: 235A, MAKE: GENERAL",MECHANICAL MATERIAL,10,100,4378M,1000,Approved,PO2500008020,,
REQ2500014582,Goods, 10000245,,"MCCB 100A 3 POLE, 30KA, MODEL NO. EZC100H3100, MAKE: SCHNEIDER ELECTRIC",ELECTRICAL MATERIAL,2,125,4378M,250,Approved,PO2500008025,,
REQ2500014365,Goods, 10052328,,"PRESSURE RELIEF VALVE, P.SET 24,0 BAR 1/2"" NPT - 1/2"" GAS, SV2/44, WITH BRASS ADAPTOR 1/2"" NPT X 1/2"", MAKE: GMC REFRIGERAZIONE, ORIGIN: ITALY",MECHANICAL MATERIAL,2,198,4378M,396,Approved,PO2500008033,,
REQ2500014354,Goods, 10000083,,"OVERLOAD RELAY 2.5-4A, MODEL NO. LRD08, MAKE: SCHNEIDER ELECTRIC, ORIGIN: FRANCE",ELECTRICAL MATERIAL,10,54,4378M,540,Approved,PO2500008057,,
REQ2500013918,Goods, 10023214,,"MINIATURE RELAY, 24VAC 14PIN, PART NO. RXM4ABIB7, MAKE: SCHNEIDER",ELECTRICAL MATERIAL,20,12.25,4378M,245,Approved,PO2500008079,,
REQ2500014111,Goods, 10002344,,"BRAZING ROD BLUE 45% FLUX COATED (1 X 9 / PKT), BRAND: HARIS, ORIGIN: USA",MATERIALS LOCAL,60,21.04081633,4378M,1262.44898,Approved,806272,,
REQ2500014111,Goods, 10002257,,"POWER CONTACT CLEANER, PACKING: 500ML/CAN, MAKE: CRC, ORIGIN: BELGIUM",MATERIALS LOCAL,20,28.14285714,4378M,562.8571428,Approved,806272,,
REQ2500014111,Goods, 10002740,,"FLARE NUT 5/8"", BRASS, ORIGIN: INDIA",MATERIALS LOCAL,20,2.411764706,4378M,48.23529412,Approved,806272,,
REQ2500014111,Goods, 10002388,,"COPPER ELBOW 3/8"" X 90 DEG MAKE: MUELLER, ORIGIN: USA",MECHANICAL MATERIAL,20,4.3,4378M,86,Approved,806272,,
REQ2500014111,Goods, 10002701,,"GAS CHARGING VALVE 1/4"" X .35MM X 10CM, ORIGIN: INDIA",MECHANICAL MATERIAL,50,1.2,4378M,60,Approved,806272,,
REQ2500014111,Goods, 10002356,,"FLARE NUT BRASS 3/8"", ORIGIN: CHINA",MATERIALS LOCAL,20,1.427631579,4378M,28.55263158,Approved,806272,,
REQ2500014111,Goods, 10000225,,"SCREW DRIVER 6"" STAR WITH FIBRE HANDLE, MAKE: CLARKE",MATERIALS LOCAL,48,4,4378M,192,Approved,806272,,
REQ2500014111,Goods, 10000009,,"BATTERY AA, PACKING: 20 CARD / BOX, 2PCS / CARD, BRAND: ENERGIZER",BATTERY,40,2.43959855,4378M,97.583942,Approved,806272,,
REQ2500014111,Goods, 10002293,,"BRAZING ROD 0%, 1/8"" FLAT, 28STK/PKT, BRAND: HARIS, ORIGIN: USA",MATERIALS LOCAL,10,30.71362241,4378M,307.1362241,Approved,806272,,
REQ2500013918,Goods, 10048449,,"TERMINAL CLIP 2.5MM, FLAG TYPE NAKED, WINDOW AC TERMINAL CLIP, PART NO. FLDNY 2-250, MAKE: GIFFEX",ELECTRICAL MATERIAL,10,15.5,4378M,155,Approved,PO2500008080,,
REQ2500013808,Goods, 10009533,,"V BELT A-30, MAKE: PIX, ORIGIN: INDIA",MECHANICAL MATERIAL,15,4.5,4378M,67.5,Approved,PO2500008086,,
REQ2500013808,Goods, 10002699,,"V-BELT A-65, MAKE: OPTI, ORIGIN: EUROPE",MECHANICAL MATERIAL,15,36.5,4378M,547.5,Approved,PO2500008086,,
REQ2500013808,Goods, 10002690,,"V-BELT A-27, MAKE: OPTI, ORIGIN: EUROPE",MECHANICAL MATERIAL,20,21.95,4378M,439,Approved,PO2500008086,,
REQ2500014356,Goods, 10011170,,"SHORT GUN FOR PRESSURE PUMP, MODEL NO. 9/80, MAKE: KRANZLE, ORIGIN: GERMANY",MECHANICAL MATERIAL,6,360,4378M,2160,Approved,PO2500008142,,
REQ2500014786,Goods, 10007481,,"RED OXIDE PRIMER, PACKING: 18 LTR. / DRUM, MAKE: NATIONAL, ORIGIN: UAE",CIVIL MATERIAL,1,110.7,4378M,110.7,Approved,PO2500008161,,
REQ2500014786,Goods, 10007477,,"PAINT SYNTHETIC ENAMEL GLOSS 1, BLACK 890, PACKING: 18 LTR. / DRUM, MAKE: NATIONAL, ORIGIN: UAE ",CIVIL MATERIAL,1,196.8,4378M,196.8,Approved,PO2500008161,,
REQ2500014288,Goods, 10013932,,"MASKING TAPE 3"" X 30 YARD, PACKING: 16 PCS / CTN, MAKE: HI-STICK, ORIGIN: UAE",MATERIALS LOCAL,20,2.5,4378M,50,Approved,806295,,
REQ2500014288,Goods, 10004969,,"PAPER A4, 80GSM, WHITE, PACKING: 5 REEM / CTN, BRAND: DOUBLE A",STAIONERY,3,63.60576923,4378M,190.8173077,Approved,806295,,
REQ2500014288,Goods, 10004985,,"STAPLE, NO.35-1M, 26/6, MAKE: MAX",STAIONERY,3,1.0995006,4378M,3.2985018,Approved,806295,,
REQ2500014288,Goods, 10005058,,"MARKER PERMANENT BLUE, BRAND: DOLLAR, ORIGIN: PAKISTAN",STAIONERY,5,1.08,4378M,5.4,Approved,806295,,
REQ2500014288,Goods, 10004970,,"MARKER PERMANENT BLACK, BRAND: DOLLAR, ORIGIN: PAKISTAN",STAIONERY,10,1.08,4378M,10.8,Approved,806295,,
REQ2500014288,Goods, 10004975,,"MARKER PERMANENT RED, BRAND: DOLLAR, ORIGIN: PAKISTAN",STAIONERY,5,1.08,4378M,5.4,Approved,806295,,
REQ2500014288,Goods, 10005055,,"BOX FILE, NARROW FS, MODEL 1105, (1 X 48), MAKE: LEITZ, ORIGIN: POLAND",STAIONERY,20,8.095702159,4378M,161.9140432,Approved,806295,,
REQ2500014755,Goods, 10015833,,"TOOL BOX SET FOR HVAC, AS PER ANNEXURE",MATERIALS LOCAL,5,968.79,4378M,4843.95,Approved,PO2500008172,,
REQ2500014531,Goods, 10002283,,"V-BELT A-42, MAKE: OPTI, ORIGIN: EUROPE",MECHANICAL MATERIAL,15,23.75,4378M,356.25,Approved,PO2500008188,,
REQ2500012561,Goods, 10042298,,"SOCKET SET 8MM - 32MMM 1/2"" DRV, PART NO. SS10-32CL, MAKE: CLARKE",MECHANICAL MATERIAL,7,170,4378M,1190,Approved,PO2500008189,,
REQ2500014755,Goods, 10050263,,"HOSE 3/4"" X 50MTR, YELLOW, MAKE: EUROFLOW, ORIGIN: ITALY",MECHANICAL MATERIAL,5,90,4378M,450,Approved,PO2500008199,,
REQ2500014755,Goods, 10007930,,"THERMAL OVERLOAD RELAY 4A - 6A, PART NO. LRD10, MAKE: SCHNEIDER",ELECTRICAL MATERIAL,10,57.82,4378M,578.2,Approved,PO2500008202,,
REQ2500014755,Goods, 10000262,,"CABLE TRUNKING 100 X 100 X 1.2MM, (3 MTR LONG), MAKE: PSI",ELECTRICAL MATERIAL,10,47,4378M,470,Approved,PO2500008204,,
REQ2500014357,Goods, 10010126,,"SPLIT A/C 2 TON / 24000BTU, WALL MOUNTED R410, OLD MODEL NO. 323MST1AG-24CRN1H, NEW MODEL NO. MST1AG-24CRN1E, MAKE: MIDEA",AC,3,1885,4378M,5655,Approved,PO2500008209,,
REQ2500014881,Goods, 10010755,,"COMPRESSOR SCROLL 5TON 3PH 380-420V 50Hz, Model No. ZR72KC-TFD-522, MAKE: COPELAND, ORIGIN: THAILAND",COMPRESSORS AND MOTORS,1,1170,4378M,1170,Approved,PO2500008228,,
REQ2500014443,Goods, 10002698,,"CAPACITOR 45+5 MFD, ROUND METAL BODY, ORIGIN: INDIA",ELECTRICAL MATERIAL,5,9.001484589,4378M,45.00742295,Approved,808269,,
REQ2500014455,Goods, 10005086,,"DOCUMENT WALLET FOLDER FULL FLAP/COVER, F4 300GSM BLUE, PRODUCT CODE: MS329, MAKE: MODEST",STAIONERY,50,1.1,4378M,55,Approved,808273,,
REQ2500014463,Goods, 10046931,,"ISOLATOR 40A, 2P, GREY ENCL. SW, MODEL: KSE240DP-B, PART NO. CMA108203R1000, MAKE: ABB, ORIGIN: EUROPE",ELECTRICAL MATERIAL,3,126,4378M,378,Approved,811262,,
REQ2500014463,Goods, 10000314,,"FAN VENTILATION 6"" GLASS MOUNT + AUTO SHUTTER, PART NO. 15WHCT, MAKE: KDK",ELECTRICAL MATERIAL,3,164.5,4378M,493.5,Approved,811262,,
REQ2500014528,Goods, 10002271,,"GAS R22, PACKING: 13.6KGS (30LBS), DISPOSABLE CYLINDER, BRAND: FLORON, ORIGIN: INDIA",GAS,20,267.7791544,4378M,5355.583088,Approved,809285,,
REQ2500014528,Goods, 10002738,,"FREON GAS R410A X 25LBS / 11.3KG DISPOSIBLE CYLINDER, MAKE: FLORON",GAS,15,307.0277778,4378M,4605.416667,Approved,809285,,
REQ2500014528,Goods, 10002062,,"CYLINDER KEY 4 - WAY (TO OPEN NITROGEN CYLINDER), MAKE: BESTWELD",MATERIALS LOCAL,2,5.5,4378M,11,Approved,809285,,
REQ2500014528,Goods, 10002983,,"TRANSFORMER 24V / 75VA, MAKE: PETROSS, ORIGIN: CHINA",ELECTRICAL MATERIAL,10,45,4378M,450,Approved,809285,,
REQ2500014528,Goods, 10001861,,"BROWN TAPE 3"" X 50 YARD, BOPP, PACKING: 36 PCS/BOX, ORIGIN: UAE",OTHER EXPENSES,10,2.099307959,4378M,20.99307959,Approved,809285,,
REQ2500014528,Goods, 10001840,,"SPRAY PAINT 280GMS, GREY, PACKING 12PC / CTN, MAKE: DOLPHIN",MATERIALS LOCAL,20,2.519543955,4378M,50.3908791,Approved,809285,,
REQ2500014289,Goods, 10041367,,"CIRCUIT BREAKER, MPCB 3.5-5A S00, PRODUCT CODE: 65BF05005000, MAKE: SIEMENS",ELECTRICAL MATERIAL,10,133,4378M,1330,Approved,PO2500008257,,
REQ2500015033,Goods, 10051090,,"LADDER 16 STEPS 4 X 4, MULTIPURPOSE / FOLDING TYPE, ALUMINIUM, WITH 5 YEARS WARRANTY AGAINST MANUFACTURING DEFECTS AND WELDING, MAKE: TOPMAN",CIVIL MATERIAL,5,230,4378M,1150,Approved,PO2500008330,,
REQ2500014721,Goods, 10000354,,"JUNIOR SAW BLADE 71-132R, PACKING: 1 X 10 NOS. MAKE: ECLIPSE",ELECTRICAL MATERIAL,3,6,4378M,18,Approved,812270,,
REQ2500014754,Goods, 10005044,,"CORRECTION PEN, 12ML, 1 X 12, BRAND: PENTAL, ORIGIN: JAPAN",STAIONERY,5,6.75,4378M,33.75,Approved,812267,,
REQ2500014754,Goods, 10000085,,"THERMAL OVERLOAD RELAY 23-32A TESYSD CL10A, PART NO. LRD32, MAKE: SCHNEIDER ELECTRIC, ORIGIN: FRANCE",ELECTRICAL MATERIAL,10,81,4378M,810,Approved,812267,,
REQ2500014754,Goods, 10000084,,"OVERLOAD RELAY TESYSD CL10A 12 -18A, PART NO. LRD21, MAKE: SCHNEIDER ELECTRIC, ORIGIN: FRANCE",ELECTRICAL MATERIAL,3,59.25,4378M,177.75,Approved,812267,,
REQ2500014994,Goods, 10007899,,"ALUMINIUM FILTER MEDIA SHEETS 40"" X 64"" X 1"", BRAND: BINAIR, ORIGIN: UAE",MECHANICAL MATERIAL,10,111.55,4378M,1115.5,Approved,PO2500008332,,
REQ2500014994,Goods, 10009684,,"ISOLATOR 100A 3P, METALLIC, PART NO. KSE3100, MAKE: ABB",ELECTRICAL MATERIAL,2,570,4378M,1140,Approved,PO2500008335,,
REQ2500013780,Goods, 10051996,,"SUPPLY AND INSTALLATION OF COLD ROOM REFRIGERATION UNITS, AS PER ATTACHED ANNEXURE",SUB CONTRACT,1,35900,4378M,35900,Approved,PO2500008336,,
REQ2500014938,Goods, 10052829,,"FUSE 315A/500V, NH-2C MAKE: GIFFEX",ELECTRICAL MATERIAL,6,24,4378M,144,Approved,PO2500008355,,
REQ2500014994,Goods, 10001945,,"FOAM TAPE BLACK PE 3MM X 50MM X 7.5M SINGLE SIDE, PACKING: 30 ROLLS/BOX, PRODUCT CODE: IFT-0013, MAKE: INNERFIX",MATERIALS LOCAL,20,4.93,4378M,98.6,Approved,PO2500008382,,
REQ2500014130,Goods, 10035795,,"EMERY/SAND PAPER 120, ANTI CLOG, ORIGIN: UAE",MATERIALS LOCAL,100,0.85,4378M,85,Approved,PO2500008391,,
REQ2500013808,Goods, 10012524,,"CABLE LUG 2.5MM, FORK TYPE, MAKE: GIFFEX",ELECTRICAL MATERIAL,5,11,4378M,55,Approved,PO2500008425,,
REQ2500014837,Goods, 10000085,,"THERMAL OVERLOAD RELAY 23-32A TESYSD CL10A, PART NO. LRD32, MAKE: SCHNEIDER ELECTRIC, ORIGIN: FRANCE",ELECTRICAL MATERIAL,10,81,4378M,810,Approved,814260,,
REQ2500013808,Goods, 10027232,,"CABLE LUG 4MM, FEMALE, GX, ORIGIN: CHINA",ELECTRICAL MATERIAL,5,13,4378M,65,Approved,PO2500008425,,
REQ2500013808,Goods, 10000002,,"CABLE LUG 6MM X 6MM, ORIGIN: INDIA",ELECTRICAL MATERIAL,100,0.28,4378M,28,Approved,PO2500008425,,
REQ2500014950,Goods, 10000224,,"SCREW DRIVER STAR 8"" WITH RUBBER HANDLE, MAKE: CLARKE",MATERIALS LOCAL,30,4.5,4378M,135,Approved,819259,,
REQ2500014991,Goods, 10002062,,"CYLINDER KEY 4 - WAY (TO OPEN NITROGEN CYLINDER), MAKE: BESTWELD",MATERIALS LOCAL,5,5.5,4378M,27.5,Approved,817266,,
REQ2500014991,Goods, 10000181,,"EXTENSION REEL 4 GANG BS STANDARD SOCKETS WITH 25 MTR CABLE, MODEL NO. EBCR25MT, MAKE: RR, ORIGIN: INDIA",ELECTRICAL MATERIAL,5,110.1581028,4378M,550.790514,Approved,817266,,
REQ2500015338,Goods, 10009419,,"V BELT B-70, MAKE: DUNLOP, ORIGIN: KOREA",MECHANICAL MATERIAL,20,26,4378M,520,Approved,PO2500008461,,
REQ2500014786,Goods, 10007317,,"ANGLE 50MM X 50MM X 3MM, GI, 6 MTR/LENGTH, ORIGIN: UAE ",CIVIL MATERIAL,26,52,4378M,1352,Approved,PO2500008467,,
REQ2500010052,Goods, 10012709,,"RELAY 30A/40A 24V DC, 5PIN, ORIGIN: CHINA ",ELECTRICAL MATERIAL,20,24,4378M,480,Approved,PO2500008489,,
REQ2500015022,Goods, 10000157,,"ISOLATOR 32-40A, 3 POLE 220V, PART NO. KSE340TPN, W/P WITH METAL BODY, MAKE: ABB",ELECTRICAL MATERIAL,1,100,4378M,100,Approved,817267,,
REQ2500015023,Goods, 10001900,,"BUNK BED DOUBLE 190 X 90CM, METAL TYPE, HEAVY DUTY, HORIZONTAL THICK TUBE, GREY, WEIGHT: 35KG, MAKE: LOCAL, ORIGIN: UAE",LABOUR ACCOMMODATION EXPS,10,324.9466979,4378M,3249.466979,Approved,819258,,
REQ2500010052,Goods, 10013998,,"MOTOR PROTECTOR, 115-230V, MODEL NO. INT69-2, PART NO. 22A445 S80, MAKE: KRIWAN, ORIGIN: GERMANY",MECHANICAL MATERIAL,10,420,4378M,4200,Approved,PO2500008491,,
REQ2500015194,Goods, 10000157,,"ISOLATOR 32-40A, 3 POLE 220V, PART NO. KSE340TPN, W/P WITH METAL BODY, MAKE: ABB",ELECTRICAL MATERIAL,81,100,4378M,8100,Approved,PO2500008524,,
REQ2500015194,Goods, 10000262,,"CABLE TRUNKING 100 X 100 X 1.2MM, (3 MTR LONG), MAKE: PSI",ELECTRICAL MATERIAL,20,47,4378M,940,Approved,PO2500008525,,
REQ2500015194,Goods, 10014680,,"CABLE GLAND 20MM, PVC, MAKE: CHINA",ELECTRICAL MATERIAL,100,0.45,4378M,45,Approved,PO2500008525,,
REQ2500015194,Goods, 10014039,,"CABLE FLEXIBLE 4C X 4SQMM, FULL GAUGE, 100 YARD, MAKE: MESC",CABLES,10,590,4378M,5900,Approved,PO2500008530,,
REQ2500015064,Goods, 10001693,,"EMERY PAPER ROLL 120, 2"" X 50 YARD, ORIGIN: KOREA",MATERIALS LOCAL,11,59.92474916,4378M,659.1722408,Approved,817282,,
REQ2500015190,Goods, 10002386,,"COPPER PIPE 5/8"" X 50' X 0.028"" THICK, MAKE: MAKSAL, ORIGIN: SA",MECHANICAL MATERIAL,12,240,4378M,2880,Approved,822263,,
REQ2500015190,Goods, 10008888,,"COPPER PIPE 1/4"" X 50' X 0.061MM THK, MAKE: MAKSAL, ORIGIN: SOUTH AFRICA",MECHANICAL MATERIAL,12,82,4378M,984,Approved,822263,,
REQ2500015190,Goods, 10025305,,"BLACK TAPE 2"" X 60Ft, PVC, PACKING: 60 ROLL / BOX, PRODUCT CODE: IFT-0009, MAKE: INNERFIX",CIVIL MATERIAL,200,1.7,4378M,340,Approved,822263,,
REQ2500015190,Goods, 10000196,,"FLEXIBLE CONDUIT 20MM X 15 MTR. / ROL, BLACK PVC COVER, G.I COATED, BRAND: RELITE, ORIGIN: INDIA",ELECTRICAL MATERIAL,15,16.49631281,4378M,247.4446922,Approved,822263,,
REQ2500015190,Goods, 10002851,,"CANVAS COATING GEE FIX 30/36 (EQUIVALENT TO FOSTER 30/36), PACKING: 20KG / DRUM, ORIGIN: UAE",MATERIALS LOCAL,7,33.5,4378M,234.5,Approved,822263,,
REQ2500015190,Goods, 10002373,,"CANVAS CLOTH 6 OZ, 36"" X 20 YARD / ROLL, MAKE: TAKA, ORIGIN: PAKISTAN",CIVIL MATERIAL,7,12.00796813,4378M,84.05577691,Approved,822263,,
REQ2500015190,Goods, 10002414,,"RUBBER PIPE INSULATION 5/8"" DIA X 3/8"" THICK X1.8MTR / LTH, PACKING: 90TUBES / BOX, MAKE: WORLD FLEX BY GULF-O-FLEX, ORIGIN: UAE",MATERIALS LOCAL,100,1.33,4378M,133,Approved,822263,,
REQ2500015190,Goods, 10002777,,"RUBBER PIPE INSULATION 1/4"" X 1/2"" X 1.8MTR. LTH, PACKING: 90TUBES / BOX, MAKE: GULF'O'FLEX / WORLDFLEX, ORIGIN: UAE",MECHANICAL MATERIAL,100,1.33,4378M,133,Approved,822263,,
REQ2500015190,Goods, 10018474,,"DRILL BIT M20MM X 460MM, PART NO. 2608680291, MAKE: BOSCH",MATERIALS LOCAL,5,27.71941639,4378M,138.597082,Approved,822263,,
REQ2500015190,Goods, 10001825,,"DRILL BIT 6MM X 160 DIA, CONCRETE, PART NO. D00066 / D00452, MAKE: MAKITA",MATERIALS LOCAL,5,3.51,4378M,17.55,Approved,822263,,
REQ2500015190,Goods, 10001780,,"DRILL BIT 12MM X 160MM DIA, CONCRETE, PART NO. D00614, MAKE: MAKITA",MATERIALS LOCAL,5,4.002378242,4378M,20.01189121,Approved,822263,,
REQ2500015190,Goods, 10001781,,"DRILL BIT 14MM X 160 DIA, CONCRETE, SDS, PART NO. D00658, MAKE: MAKITA",MATERIALS LOCAL,5,5.3,4378M,26.5,Approved,822263,,
REQ2500015190,Goods, 10001849,,"DRILL BIT HSS 10 X 133MM, MODEL NO. D06579, PACKING: 10PCS/PKT, MAKE: MAKITA",MATERIALS LOCAL,5,9.45,4378M,47.25,Approved,822263,,
REQ2500015194,Goods, 10019516,,"FLEXIBLE CABLE 4C X 2.5SQMM, MAKE: MESC, ORIGIN: UAE",CABLES,10,392,4378M,3920,Approved,PO2500008530,,
REQ2500015406,Goods, 10001900,,"BUNK BED DOUBLE 190 X 90CM, METAL TYPE, HEAVY DUTY, HORIZONTAL THICK TUBE, GREY, WEIGHT: 35KG, MAKE: LOCAL, ORIGIN: UAE",LABOUR ACCOMMODATION EXPS,10,324.9466979,4378M,3249.466979,Approved,PO2500008531,,
REQ2500015194,Goods, 10025517,,"BRACKET SET FOR 2.5TON SPLIT AC OUTDOOR UNIT, ORIGIN: UAE",MECHANICAL MATERIAL,30,18.75,4378M,562.5,Approved,PO2500008535,,
REQ2500015194,Goods, 10001953,,"PIPE 1"" X 6MTR, PVC CLASS E, MAKE: POWER, ORIGIN: UAE",PIPES,40,11,4378M,440,Approved,PO2500008538,,
REQ2500015194,Goods, 10003988,,"PVC ELBOW 90DEG, SIZE: 1"", MAKE: KALISTER, ORIGIN: UAE",CIVIL MATERIAL,50,1.25,4378M,62.5,Approved,PO2500008538,,
REQ2500015194,Goods, 10004929,,"PVC SOCKET SIZE: 1"" MAKE : ATLAS",MATERIALS LOCAL,50,1.1,4378M,55,Approved,PO2500008538,,
REQ2500015194,Goods, 10001700,,"CONCRETE DRILL BIT 16MM X 160, MAKE: BOSCH",MATERIALS LOCAL,5,15,4378M,75,Approved,PO2500008538,,
REQ2500015194,Goods, 10020601,,"ANTI VIBRATION RUBBER PAD 9MM X 450MM X 450MM, ORIGIN: UAE",MECHANICAL MATERIAL,3,12,4378M,36,Approved,PO2500008538,,
REQ2500015031,Goods, 10015330,,"COOKER (STOVE) TABLE TYPE WITH 3 BURNER, MODEL NO. RV-310, MAKE: RINNAI",CIVIL MATERIAL,4,225,4378M,900,Approved,PO2500008546,,
REQ2500015031,Goods, 10015329,,"REFRIGERATOR 200LTR, DOUBLE DOOR, MODEL NO. WRN-2417/WRN2423 EI, MAKE: WESTPOINT",ELECTRICAL EQUIPMENT,4,820,4378M,3280,Approved,PO2500008546,,
REQ2500015031,Goods, 10006786,,"WASHING MACHINE SEMI AUTOMATIC TWIN TUB 12 KGS., MODEL: WTX-1217, MAKE: WESTPOINT",ELECTRICAL EQUIPMENT,4,550,4378M,2200,Approved,PO2500008546,,
REQ2500015335,Goods, 10000254,,"DIGITAL CLAMP METER 1000A WITH TEST CERTIFICATE, MODEL NO. 3280-10, MAKE: HIOKI, ORIGIN: JAPAN",ELECTRICAL MATERIAL,7,173.0184228,4378M,1211.12896,Approved,822284,,
REQ2500015335,Goods, 10000007,,"LINE TESTER, YELLOW, MAKE: TAPARIA, ORIGIN: INDIA",ELECTRICAL MATERIAL,20,3.75,4378M,75,Approved,822284,,
REQ2500015335,Goods, 10001676,,"WARNING TAPE 70MM X 100MTR./ROLL, COLOR: RED & WHITE, ORIGIN: CHINA",CIVIL MATERIAL,5,3.660964083,4378M,18.30482042,Approved,822284,,
REQ2500015335,Goods, 10001652,,"TRAFFIC CONES RED & WHITE, 1MTR X 5KGS, HEAVY DUTY, ORIGIN: CHINA",MATERIALS LOCAL,6,14.75,4378M,88.5,Approved,822284,,
REQ2500015031,Goods, 10045687,,"MICROWAVE OVEN 25LTR, MAKE: PANASONIC",ELECTRICAL MATERIAL,4,375,4378M,1500,Approved,PO2500008546,,
REQ2500011918,Goods, 10034804,,"FREEZER TEMPERATURE CONTROLER, 7524P/220 DIG CONTROL, ITEM CODE: SZ7524P-220, MAKE: SAB ZERO, ORIGIN: CHINA",MECHANICAL MATERIAL,10,125,4378M,1250,Approved,PO2500008550,,
REQ2500015444,Goods, 10011829,,"THERMOSTAT FCU 3 SPEEDS, SINGLE STAGE 220V ON/OFF, MODEL NO. T6373A1108, BRAND: HONEYWELL",MECHANICAL MATERIAL,10,52,4378M,520,Approved,PO2500008551,,
REQ2500015411,Goods, 10002386,,"COPPER PIPE 5/8"" X 50' X 0.028"" THICK, MAKE: MAKSAL, ORIGIN: SA",MECHANICAL MATERIAL,5,240,4378M,1200,Approved,822294,,
REQ2500015411,Goods, 10008887,,"COPPER PIPE 3/8"" X 50' X 0.061MM THK, MAKE: MAKSAL, ORIGIN: SOUTH AFRICA",MECHANICAL MATERIAL,5,130,4378M,650,Approved,822294,,
REQ2500015411,Goods, 10000196,,"FLEXIBLE CONDUIT 20MM X 15 MTR. / ROL, BLACK PVC COVER, G.I COATED, BRAND: RELITE, ORIGIN: INDIA",ELECTRICAL MATERIAL,5,16.49631281,4378M,82.48156405,Approved,822294,,
REQ2500015411,Goods, 10002851,,"CANVAS COATING GEE FIX 30/36 (EQUIVALENT TO FOSTER 30/36), PACKING: 20KG / DRUM, ORIGIN: UAE",MATERIALS LOCAL,3,33.5,4378M,100.5,Approved,822294,,
REQ2500015411,Goods, 10002373,,"CANVAS CLOTH 6 OZ, 36"" X 20 YARD / ROLL, MAKE: TAKA, ORIGIN: PAKISTAN",CIVIL MATERIAL,5,12.00796813,4378M,60.03984065,Approved,822294,,
REQ2500015411,Goods, 10002414,,"RUBBER PIPE INSULATION 5/8"" DIA X 3/8"" THICK X1.8MTR / LTH, PACKING: 90TUBES / BOX, MAKE: WORLD FLEX BY GULF-O-FLEX, ORIGIN: UAE",MATERIALS LOCAL,50,1.33,4378M,66.5,Approved,822294,,
REQ2500015411,Goods, 10002444,,"RUBBER PIPE INSULATION 3/8"" DIA X 3/8"" THICK X1.8MTR / LTH, PACKING: 130TUBES / BOX, MAKE: WORLDFLEX BY GULFOFLEX, ORIGIN: UAE",MECHANICAL MATERIAL,50,1,4378M,50,Approved,822294,,
REQ2500015411,Goods, 10001737,,"FOAM SPRAY 500ML, PACKING: 12PC / CTN, MAKE: ASMACO",CIVIL MATERIAL,20,6.759385094,4378M,135.1877019,Approved,822294,,
REQ2500015418,Goods, 10014039,,"CABLE FLEXIBLE 4C X 4SQMM, FULL GAUGE, 100 YARD, MAKE: MESC",CABLES,4,590,4378M,2360,Approved,PO2500008594,,
REQ2500015418,Goods, 10019516,,"FLEXIBLE CABLE 4C X 2.5SQMM, MAKE: MESC, ORIGIN: UAE",CABLES,4,392,4378M,1568,Approved,PO2500008594,,
REQ2500015418,Goods, 10000157,,"ISOLATOR 32-40A, 3 POLE 220V, PART NO. KSE340TPN, W/P WITH METAL BODY, MAKE: ABB",ELECTRICAL MATERIAL,20,100,4378M,2000,Approved,PO2500008595,,
REQ2500015418,Goods, 10001953,,"PIPE 1"" X 6MTR, PVC CLASS E, MAKE: POWER, ORIGIN: UAE",PIPES,10,11,4378M,110,Approved,PO2500008618,,
REQ2500015418,Goods, 10001898,,"TANGIT GLUE, ALL PRESSURE UPVC PIPE ADHESIVE, STANDARD ASTM D2564, COLOUR: PINK, PACKING: 500G/CAN, MAKE: HENKEL, ORIGIN: GERMANY",MATERIALS LOCAL,10,25.3110707,4378M,253.110707,Approved,PO2500008618,,
REQ2500015418,Goods, 10022630,,"FISHER PLUG 6MM, ORIGIN: CHINA",MATERIALS LOCAL,20,2,4378M,40,Approved,PO2500008618,,
REQ2500015418,Goods, 10000262,,"CABLE TRUNKING 100 X 100 X 1.2MM, (3 MTR LONG), MAKE: PSI",ELECTRICAL MATERIAL,10,47,4378M,470,Approved,PO2500008630,,
REQ2500015715,Goods, 10050182,,"WINDOW UNIT AC 2TON, R410 GAS, INVERTER TYPE, MODEL: 313MWT4WG-24CRN1, MAKE: MIDEA",AC,3,1650,4378M,4950,Approved,PO2500008668,,
REQ2500015670,Goods, 10048701,,"HUMVAC VACUUM PUMP 8CFM 220V/240, 50/60HZ, MAKE: UNIWELD",MECHANICAL MATERIAL,5,1100,4378M,5500,Approved,PO2500008681,,
REQ2500015924,Goods, 10013823,,"ANGLE 50 X 50 X 3MM X 6MTR LTH, MS, ORIGIN: CHINA",MECHANICAL MATERIAL,26,32,4378M,832,Approved,PO2500008755,,
REQ2500015639,Goods, 10002830,,"GAS ADAPTOR R410A, ORIGIN: THAILAND",MECHANICAL MATERIAL,15,4.1,4378M,61.5,Approved,827259,,
REQ2500015639,Goods, 10002767,,"FREON GAS R404A, PACKING: 10.9KG / CYL, MAKE: ECO FROST",GAS,4,201.7708333,4378M,807.0833332,Approved,827259,,
REQ2500015983,Goods, 10003057,,"SPLIT WALL 30000BTU R410A, SCROLL, PART NO. 120RASGA30-FU, MAKE: GENERAL, ORIGIN: THAILAND",AC,16,3765,4378M,60240,Approved,PO2500008798,,
REQ2500015684,Goods, 10002024,,"UNIFORM - DRY FIT VISCOSE POLO T SHIRT WITH LOGO FRONT & BACK, SIZE: S, MAKE: SAKET",QHSE AND PPE,2,27,4378M,54,Approved,827274,,
REQ2500015684,Goods, 10002025,,"UNIFORM - DRY FIT VISCOSE POLO T SHIRT WITH LOGO FRONT & BACK, SIZE: M, MAKE: SAKET",CIVIL MATERIAL,8,27,4378M,216,Approved,827274,,
REQ2500015684,Goods, 10002026,,"UNIFORM - DRY FIT VISCOSE POLO T SHIRT WITH LOGO FRONT & BACK, SIZE: L, MAKE: SAKET",QHSE AND PPE,12,27,4378M,324,Approved,827274,,
REQ2500015684,Goods, 10002027,,"UNIFORM - DRY FIT VISCOSE POLO T SHIRT WITH LOGO FRONT & BACK, SIZE: XL, MAKE: SAKET",CIVIL MATERIAL,10,27,4378M,270,Approved,827274,,
REQ2500015684,Goods, 10002028,,"UNIFORM - DRY FIT VISCOSE POLO T SHIRT WITH LOGO FRONT & BACK, SIZE: XXL, MAKE: SAKET",QHSE AND PPE,2,27,4378M,54,Approved,827274,,
REQ2500015684,Goods, 10002031,,"UNIFORM - COTTON VISCOSE CARGO TROUSER WITH INDUSTRIAL POCKETS & DESIGN GISCO LOGO EMBROIDERY ON RIGHT SIDE FLAP, SIZE: 28, MAKE: SAKET",QHSE AND PPE,2,52,4378M,104,Approved,827274,,
REQ2500015684,Goods, 10002033,,"UNIFORM - COTTON VISCOSE CARGO TROUSER WITH INDUSTRIAL POCKETS & DESIGN GISCO LOGO EMBROIDERY ON RIGHT SIDE FLAP, SIZE: 32, MAKE: SAKET",QHSE AND PPE,14,52,4378M,728,Approved,827274,,
REQ2500015684,Goods, 10002034,,"UNIFORM - COTTON VISCOSE CARGO TROUSER WITH INDUSTRIAL POCKETS & DESIGN GISCO LOGO EMBROIDERY ON RIGHT SIDE FLAP, SIZE: 34, MAKE: SAKET",QHSE AND PPE,8,52,4378M,416,Approved,827274,,
REQ2500015684,Goods, 10002035,,"UNIFORM - COTTON VISCOSE CARGO TROUSER WITH INDUSTRIAL POCKETS & DESIGN GISCO LOGO EMBROIDERY ON RIGHT SIDE FLAP, SIZE: 36, MAKE: SAKET",CIVIL MATERIAL,6,52,4378M,312,Approved,827274,,
REQ2500015684,Goods, 10002036,,"UNIFORM - COTTON VISCOSE CARGO TROUSER WITH INDUSTRIAL POCKETS & DESIGN GISCO LOGO EMBROIDERY ON RIGHT SIDE FLAP, SIZE: 38, MAKE: SAKET",QHSE AND PPE,4,52,4378M,208,Approved,827274,,
REQ2500015684,Goods, 10002058,,"SAFETY SHOE BLACK, STD S3 WRU SRC, MODEL NO. R16S3, PART NO. 81SR16-40, MAKE: RIGMAN",OTHER EXPENSES,5,50.75,4378M,253.75,Approved,827274,,
REQ2500015684,Goods, 10047548,,"SAFETY SHOE BLACK, HIGH ANKLE, S3, SRC, ESD, 200 JOULES IMPACT PROTECTION TOE-CAP, MODEL NO. 8103A, MAKE: B-MAX SAFETY, ORIGIN: CHINA",OTHER EXPENSES,12,48,4378M,576,Approved,827274,,
REQ2500015992,Goods, 10003057,,"SPLIT WALL 30000BTU R410A, SCROLL, PART NO. 120RASGA30-FU, MAKE: GENERAL, ORIGIN: THAILAND",AC,2,3765,4378M,7530,Approved,PO2500008801,,
REQ2500015992,Goods, 10002681,,"SPLIT WALL 24000BTU HI-EER R410, ROTARY, MODEL NO. 123RASGA24-FD, MAKE: GENERAL, ORIGIN: THAILAND",AC,4,2725,4378M,10900,Approved,PO2500008801,,
REQ2500015995,Goods, 10002681,,"SPLIT WALL 24000BTU HI-EER R410, ROTARY, MODEL NO. 123RASGA24-FD, MAKE: GENERAL, ORIGIN: THAILAND",AC,22,2725,4378M,59950,Approved,PO2500008803,,
REQ2500015811,Goods, 10005056,,"PEN 1.0MM, BLUE, TRI-MATE, MAKE: CELLO, ORIGIN: INDIA",STAIONERY,10,0.34,4378M,3.4,Approved,830266,,
REQ2500015991,Goods, 10002681,,"SPLIT WALL 24000BTU HI-EER R410, ROTARY, MODEL NO. 123RASGA24-FD, MAKE: GENERAL, ORIGIN: THAILAND",AC,12,2725,4378M,32700,Approved,PO2500008805,,
REQ2500015987,Goods, 10002681,,"SPLIT WALL 24000BTU HI-EER R410, ROTARY, MODEL NO. 123RASGA24-FD, MAKE: GENERAL, ORIGIN: THAILAND",AC,15,2725,4378M,40875,Approved,PO2500008807,,
REQ2500015933,Goods, 10003057,,"SPLIT WALL 30000BTU R410A, SCROLL, PART NO. 120RASGA30-FU, MAKE: GENERAL, ORIGIN: THAILAND",AC,1,3765,4378M,3765,Approved,PO2500008809,,
REQ2500015931,Goods, 10003057,,"SPLIT WALL 30000BTU R410A, SCROLL, PART NO. 120RASGA30-FU, MAKE: GENERAL, ORIGIN: THAILAND",AC,3,3765,4378M,11295,Approved,PO2500008811,,
REQ2500015929,Goods, 10003057,,"SPLIT WALL 30000BTU R410A, SCROLL, PART NO. 120RASGA30-FU, MAKE: GENERAL, ORIGIN: THAILAND",AC,5,3765,4378M,18825,Approved,PO2500008813,,
REQ2500015930,Goods, 10003057,,"SPLIT WALL 30000BTU R410A, SCROLL, PART NO. 120RASGA30-FU, MAKE: GENERAL, ORIGIN: THAILAND",AC,8,3765,4378M,30120,Approved,PO2500008816,,
REQ2500015927,Goods, 10003057,,"SPLIT WALL 30000BTU R410A, SCROLL, PART NO. 120RASGA30-FU, MAKE: GENERAL, ORIGIN: THAILAND",AC,20,3765,4378M,75300,Approved,PO2500008818,,
REQ2500015979,Goods, 10053759,,"WINDOW UNIT AC 2TON, ROTARY COMPRESSOR, MODEL NO. WM24CBYFA01-3, MAKE: BLUE STAR ",AC,3,1350,4378M,4050,Approved,PO2500008838,,
REQ2500016104,Goods, 10014039,,"CABLE FLEXIBLE 4C X 4SQMM, FULL GAUGE, 100 YARD, MAKE: MESC",CABLES,15,590,4378M,8850,Approved,PO2500008894,,
REQ2500016104,Goods, 10019516,,"FLEXIBLE CABLE 4C X 2.5SQMM, MAKE: MESC, ORIGIN: UAE",CABLES,15,392,4378M,5880,Approved,PO2500008894,,
REQ2500016104,Goods, 10000157,,"ISOLATOR 32-40A, 3 POLE 220V, PART NO. KSE340TPN, W/P WITH METAL BODY, MAKE: ABB",ELECTRICAL MATERIAL,75,100,4378M,7500,Approved,PO2500008895,,
REQ2500016104,Goods, 10025517,,"BRACKET SET FOR 2.5TON SPLIT AC OUTDOOR UNIT, ORIGIN: UAE",MECHANICAL MATERIAL,50,18.75,4378M,937.5,Approved,PO2500008897,,
REQ2500016104,Goods, 10001953,,"PIPE 1"" X 6MTR, PVC CLASS E, MAKE: POWER, ORIGIN: UAE",PIPES,40,11,4378M,440,Approved,PO2500008924,,
REQ2500016104,Goods, 10007824,,"TRUNKING 100MM X 100MM X 3Mtr., PVC WITH COVER, MAKE: GIFFEX, ORIGIN: INDIA",ELECTRICAL MATERIAL,30,21.75,4378M,652.5,Approved,PO2500008924,,
REQ2500016047,Goods, 10002058,,"SAFETY SHOE BLACK, STD S3 WRU SRC, MODEL NO. R16S3, PART NO. 81SR16-40, MAKE: RIGMAN",OTHER EXPENSES,9,50.75,4378M,456.75,Approved,829299,,
REQ2500016100,Goods, 10002386,,"COPPER PIPE 5/8"" X 50' X 0.028"" THICK, MAKE: MAKSAL, ORIGIN: SA",MECHANICAL MATERIAL,15,240,4378M,3600,Approved,830321,,
REQ2500016100,Goods, 10008888,,"COPPER PIPE 1/4"" X 50' X 0.061MM THK, MAKE: MAKSAL, ORIGIN: SOUTH AFRICA",MECHANICAL MATERIAL,15,82,4378M,1230,Approved,830321,,
REQ2500016100,Goods, 10000196,,"FLEXIBLE CONDUIT 20MM X 15 MTR. / ROL, BLACK PVC COVER, G.I COATED, BRAND: RELITE, ORIGIN: INDIA",ELECTRICAL MATERIAL,15,16.49631281,4378M,247.4446922,Approved,830321,,
REQ2500016100,Goods, 10002851,,"CANVAS COATING GEE FIX 30/36 (EQUIVALENT TO FOSTER 30/36), PACKING: 20KG / DRUM, ORIGIN: UAE",MATERIALS LOCAL,6,33.5,4378M,201,Approved,830321,,
REQ2500016100,Goods, 10002373,,"CANVAS CLOTH 6 OZ, 36"" X 20 YARD / ROLL, MAKE: TAKA, ORIGIN: PAKISTAN",CIVIL MATERIAL,10,12.00796813,4378M,120.0796813,Approved,830321,,
REQ2500016100,Goods, 10001737,,"FOAM SPRAY 500ML, PACKING: 12PC / CTN, MAKE: ASMACO",CIVIL MATERIAL,20,6.759385094,4378M,135.1877019,Approved,830321,,
REQ2500016100,Goods, 10025305,,"BLACK TAPE 2"" X 60Ft, PVC, PACKING: 60 ROLL / BOX, PRODUCT CODE: IFT-0009, MAKE: INNERFIX",CIVIL MATERIAL,100,1.7,4378M,170,Approved,830321,,
REQ2500016104,Goods, 10022630,,"FISHER PLUG 6MM, ORIGIN: CHINA",MATERIALS LOCAL,20,2,4378M,40,Approved,PO2500008924,,
REQ2500016104,Goods, 10003988,,"PVC ELBOW 90DEG, SIZE: 1"", MAKE: KALISTER, ORIGIN: UAE",CIVIL MATERIAL,50,1.25,4378M,62.5,Approved,PO2500008924,,
REQ2500016104,Goods, 10004928,,"PVC SOCKET SIZE: 1-1/2"" MAKE : ATLAS",MATERIALS LOCAL,50,2.2,4378M,110,Approved,PO2500008924,,
REQ2500016104,Goods, 10048555,,"SELF DRILLING SCREW 8 X 1"", WAFER HEAD, PACKING: 1000NOS/PKT, ORIGIN: CHINA",MATERIALS LOCAL,2,32,4378M,64,Approved,PO2500008924,,
REQ2500016104,Goods, 10038386,,"SELF DRILLING SCREW 8 X 1/2"", WAFER HEAD, PACKING: 1000 NOS/PKT, ORIGIN: CHINA",MATERIALS LOCAL,2,18,4378M,36,Approved,PO2500008924,,
REQ2500015806,Goods, 10002681,,"SPLIT WALL 24000BTU HI-EER R410, ROTARY, MODEL NO. 123RASGA24-FD, MAKE: GENERAL, ORIGIN: THAILAND",AC,30,2725,4378M,81750,Approved,PO2500009069,,
REQ2500015795,Goods, 10002681,,"SPLIT WALL 24000BTU HI-EER R410, ROTARY, MODEL NO. 123RASGA24-FD, MAKE: GENERAL, ORIGIN: THAILAND",AC,18,2725,4378M,49050,Approved,PO2500009070,,
REQ2500015401,Goods, 10026187,,"SPLIT AC 36000BTU SCROLL, R410, WALLMOUNTED, MODEL NO. 120RASGA36-FU, MAKE: GENERAL, ORIGIN: THAILAND",AC,20,4777,4378M,95540,Approved,PO2500009073,,
REQ2500016276,Goods, 10050065,,"V-BELT SPZ-1137, MAKE: DUNLOP, ORIGIN: KOREA",MECHANICAL MATERIAL,15,12,4378M,180,Approved,PO2500009105,,
REQ2500016276,Goods, 10023674,,"V-BELT SPZ-1180, MAKE: DUNLOP, ORIGIN: KOREA",MECHANICAL MATERIAL,15,12,4378M,180,Approved,PO2500009105,,
REQ2500016276,Goods, 10009418,,"V BELT B-56, MAKE: DUNLOP, ORIGIN: KOREA",MECHANICAL MATERIAL,15,20,4378M,300,Approved,PO2500009105,,
REQ2500016175,Goods, 10002271,,"GAS R22, PACKING: 13.6KGS (30LBS), DISPOSABLE CYLINDER, BRAND: FLORON, ORIGIN: INDIA",GAS,20,267.8439959,4378M,5356.879918,Approved,830329,,
REQ2500016175,Goods, 10001788,,"PAD LOCK 38MM, MAKE: TRICYCLE / HUNTER, ORIGIN: CHINA",MATERIALS LOCAL,10,2.942608908,4378M,29.42608908,Approved,830329,,
REQ2500016276,Goods, 10050069,,"V BELT B-57, MAKE: DUNLOP, ORIGIN: KOREA",MECHANICAL MATERIAL,15,20,4378M,300,Approved,PO2500009105,,
REQ2500016276,Goods, 10026220,,"V-BELT B-58, MAKE: DUNLOP, ORIGIN: KOREA",MECHANICAL MATERIAL,15,20,4378M,300,Approved,PO2500009105,,
REQ2500016276,Goods, 10050070,,"V BELT B-59, MAKE: DUNLOP, ORIGIN: KOREA",MECHANICAL MATERIAL,15,21,4378M,315,Approved,PO2500009105,,
REQ2500016276,Goods, 10009422,,"V BELT B-64, MAKE: DUNLOP, ORIGIN: KOREA",MECHANICAL MATERIAL,15,23,4378M,345,Approved,PO2500009105,,
REQ2500016179,Goods, 10001898,,"TANGIT GLUE, ALL PRESSURE UPVC PIPE ADHESIVE, STANDARD ASTM D2564, COLOUR: PINK, PACKING: 500G/CAN, MAKE: HENKEL, ORIGIN: GERMANY",MATERIALS LOCAL,10,26.24624009,4378M,262.4624009,Approved,830330,,
REQ2500016276,Goods, 10046386,,"V BELT B-54, MAKE: DUNLOP, ORIGIN: KOREA",MECHANICAL MATERIAL,15,19,4378M,285,Approved,PO2500009105,,
REQ2500016276,Goods, 10010415,,"V BELT B-55, BRAND: DUNLOP, ORIGIN: KOREA",MECHANICAL MATERIAL,15,20,4378M,300,Approved,PO2500009105,,
REQ2500016276,Goods, 10009436,,"V BELT A-40, MAKE: DUNLOP, ORIGIN: KOREA",MECHANICAL MATERIAL,15,10,4378M,150,Approved,PO2500009105,,
REQ2500016276,Goods, 10043745,,"V-BELT A-64, MAKE: DUNLOP, ORIGIN: KOREA",MECHANICAL MATERIAL,15,15,4378M,225,Approved,PO2500009105,,
REQ2500016276,Goods, 10050062,,"V-BELT SPA-1082, MAKE: DUNLOP, ORIGIN: KOREA",MECHANICAL MATERIAL,15,18,4378M,270,Approved,PO2500009105,,
REQ2500016276,Goods, 10044194,,"V BELT A-45, MAKE: DUNLOP, ORIGIN: KOREA",MECHANICAL MATERIAL,15,11,4378M,165,Approved,PO2500009105,,
REQ2500016276,Goods, 10010903,,"V BELT A-46, MAKE: DUNLOP, ORIGIN: KOREA",MECHANICAL MATERIAL,15,11,4378M,165,Approved,PO2500009105,,
REQ2500016178,Goods, 10040872,,"THERMOSTAT FCU DIGITAL 3 SPEED 220V ON/OFF HALO HORIZONTAL (BLUE), REMOTE SENSOR, MODEL NO. T6861H2WB-R, MAKE: HONEYWELL",MECHANICAL MATERIAL,30,110,4378M,3300,Approved,PO2500009153,,
REQ2500016178,Goods, 10011469,,"TIME DELAY TIMER 3 - 10MIN, PART NO. ICM102B, MAKE: ICM, ORIGIN: USA",ELECTRICAL MATERIAL,20,14,4378M,280,Approved,PO2500009156,,
REQ2500016178,Goods, 10028265,,"PILLOW BLOCK BEARING, ID: 30MM, UCP206J, MAKE: FYH, ORIGIN: JAPAN",MECHANICAL MATERIAL,10,45,4378M,450,Approved,PO2500009168,,
REQ2500016554,Goods, 10000085,,"THERMAL OVERLOAD RELAY 23-32A TESYSD CL10A, PART NO. LRD32, MAKE: SCHNEIDER ELECTRIC, ORIGIN: FRANCE",ELECTRICAL MATERIAL,20,81,4378M,1620,Approved,PO2500009183,,
REQ2500016554,Goods, 10010918,,"MINIATURE RELAY 4 CONTACTS 6A, 14PIN 230V AC, PART NO. RXM4AB1P7, MAKE: SCHNEIDER",ELECTRICAL MATERIAL,20,12.25,4378M,245,Approved,PO2500009183,,
REQ2500016554,Goods, 10023214,,"MINIATURE RELAY, 24VAC 14PIN, PART NO. RXM4ABIB7, MAKE: SCHNEIDER",ELECTRICAL MATERIAL,20,12.25,4378M,245,Approved,PO2500009183,,
REQ2500016178,Goods, 10010366,,"CONTACTOR 38A 3P 220V COIL, 1NO / 1 NC, PART NO. LC1D38M7, MAKE: SCHNEIDER",ELECTRICAL MATERIAL,20,149,4378M,2980,Approved,PO2500009186,,
REQ2500016554,Goods, 10012531,,"PRINTING OF LOG BOOK NCR 1 + 3, 3 COLOUR PRINTING, 50SET PER BOOK, SIZE: A4",MATERIALS LOCAL,30,22,4378M,660,Approved,PO2500009192,,
REQ2500016554,Goods, 10002116,,"SPRAY PAINT 400ML, DARK BLUE, PACKING: 12PC / CTN, MAKE: ASMACO",MATERIALS LOCAL,40,3.086666667,4378M,123.4666667,Approved,PO2500009193,,
REQ2500016554,Goods, 10049560,,"HOSE CLIP 11-16MM (1/2"" - 5/8""), M00, MAKE: JUBILEE",MATERIALS LOCAL,20,1.1,4378M,22,Approved,PO2500009193,,
REQ2500016522,Goods, 10002844,,"CAPACITOR 2.5 MFD (ROUND), PIN, PLASTIC, ORIGIN: INDIA",ELECTRICAL MATERIAL,50,2.9,4378M,145,Approved,831298,,
REQ2500016522,Goods, 10002458,,"THERMOSTAT FOR WINDOW A/C, MODEL: PFA 606S - 2 PIN, ORIGIN: CHINA",ELECTRICAL MATERIAL,50,4.595332494,4378M,229.7666247,Approved,831298,,
REQ2500016522,Goods, 10013883,,"ALUMINIUM PLAIN TAPE 2"" X 30 YARDS / ROLL, PACKING: 24 PCS/CTN, MAKE: HI-STICK, ORIGIN: UAE",MATERIALS LOCAL,50,2.62,4378M,131,Approved,831298,,
REQ2500016522,Goods, 10000068,,"THERMAL OVERLOAD RELAY 9-13A TESYSD CL10A, PART NO. LRD16, MAKE: SCHNEIDER ELECTRIC, ORIGIN: FRANCE",ELECTRICAL MATERIAL,20,53.75,4378M,1075,Approved,831298,,
REQ2500016522,Goods, 10002701,,"GAS CHARGING VALVE 1/4"" X .35MM X 10CM, ORIGIN: INDIA",MECHANICAL MATERIAL,100,1.2,4378M,120,Approved,831298,,
REQ2500016522,Goods, 10001680,,"PAINT BRUSH 2"", WHITE BRISTLESS, MODEL NO. PB2WC, MAKE: CLARKE",MATERIALS LOCAL,10,2.4,4378M,24,Approved,831298,,
REQ2500016522,Goods, 10002344,,"BRAZING ROD BLUE 45% FLUX COATED (1 X 9 / PKT), BRAND: HARIS, ORIGIN: USA",MATERIALS LOCAL,40,21.04081633,4378M,841.6326532,Approved,831298,,
REQ2500016522,Goods, 10000487,,"BATTERY AAA, PACKING: 20 CARD / BOX, 2PCS / CARD, BRAND: ENERGIZER",BATTERY,20,4.772343117,4378M,95.44686234,Approved,831298,,
REQ2500016522,Goods, 10036803,,"ORS SACHET 21.8GM [1L WATER], ORANGE / LEMON / PINEAPPLE / APPLE FLAVORS & MANGO, PACKING: 10 SACHETS / BOX, MAKE: SUPER LYTE, ORIGIN: INDIA",MATERIALS LOCAL,10,11,4378M,110,Approved,831298,,
REQ2500016522,Goods, 10001897,,"BLADE HACKSAW 12"" 18 TEETH, BRAND: STARRET",MATERIALS LOCAL,50,1.939994432,4378M,96.9997216,Approved,831298,,
REQ2500016554,Goods, 10034460,,"HACKSAW FRAME, BLUE, MAKE: GROZ",MATERIALS LOCAL,10,13,4378M,130,Approved,PO2500009193,,
REQ2500015637,Goods, 10048023,,"BRAND NEW NITROGEN EMPTY STEEL CYLINDER 40L/6CUM, W/P - 150 BAR B53 HAND WHEEL VALVE WITH SAFETY CAP",MECHANICAL MATERIAL,4,335,4378M,1340,Approved,PO2500009209,,
REQ2500015637,Goods, 10045767,,"REFILLING OF NITROGEN CYLINDER 240CFT / 6 CUM, 150BAR",SUB CONTRACT MECHANICAL,4,15,4378M,60,Approved,PO2500009209,,
REQ2500016554,Goods, 10045639,,"GAS R32, CAPACITY: 10KG, MAKE: FLORON, ORIGIN: INDIA",GAS,10,285,4378M,2850,Approved,PO2500009235,,
REQ2500016613,Goods, 10054233,,"SUPPLY AND INSTALLATION OF ADDITIONAL PARTS FOR DAIKIN CHILLER 1 & 2 AT IN AL HAIL MUSANDA, FUJAIRAH, SCOPE OF WORK AS PER ANNEXURE",SUB CONTRACT MECHANICAL,1,4950,4378M,4950,Approved,PO2500009237,,
REQ2500016616,Goods, 10054234,,"RECTIFICATION OF YORK CHILLER YCIV0930, SPECIFICATION AND SCOPE OF WORK AS PER ANNEXURE",OTHER EXPENSES,1,21000,4378M,21000,Approved,PO2500009240,,
REQ2500016700,Goods, 10049756,,"CHARGING HOSE RUBBER BUSH, ORIGIN: CHINA",MATERIALS LOCAL,100,0.3,4378M,30,Approved,PO2500009247,,
REQ2500016700,Goods, 10020820,,"ISOLATOR 36KA, XT1N 160 MCCB 125A 3P, PART NO: 1SDA070107R1, MAKE: ABB",ELECTRICAL MATERIAL,2,253,4378M,506,Approved,PO2500009286,,
REQ2500016315,Goods, 10052830,,"SCAFFOLDING MOBILE TOWER DOUBLE ALUMINUM 1.4MTR (W) X 2.5MTR(L) X ‘16MTR WORKING HEIGHT’, 15MTR TOWER HEIGHT, PLATFORM HEIGHT: 14MTR, SWL: 750 KG/TOWER, LOAD CAP: 250 KG/PLATFORM, WITH COMPLETE ACCESSORIES, MAKE: TOPMAN, ORIGIN: UAE",CIVIL MATERIAL,1,7000,4378M,7000,Approved,PO2500009310,,
REQ2500016780,Goods, 10054333,,"SUPPLY & INSTALLATION OF COLD ROOM REFRIGERATION UNITS AT TRAINING CENTRE CAMP-AREEF MESS, AS PER ATTACHED ANNEXURE",SUB CONTRACT,1,34600,4378M,34600,Approved,PO2500009349,,
REQ2500016663,Goods, 10002767,,"FREON GAS R404A, PACKING: 10.9KG / CYL, MAKE: ECO FROST",GAS,10,201.7708333,4378M,2017.708333,Approved,830411,,
REQ2500016663,Goods, 10008887,,"COPPER PIPE 3/8"" X 50' X 0.061MM THK, MAKE: MAKSAL, ORIGIN: SOUTH AFRICA",MECHANICAL MATERIAL,10,130,4378M,1300,Approved,830411,,
REQ2500016663,Goods, 10001989,,"CLEANING MOPE COTTON, PLASTIC CLIP 350G WITH WOODEN HANDLE 120CM, CM08-BH01, ORIGIN: PAKISTAN",MATERIALS LOCAL,3,4.5,4378M,13.5,Approved,830411,,
REQ2500016663,Goods, 10001668,,"BROOM 12"" SOFT 103 WITH STICK, PRODUCT CODE: SB02-BH01, MAKE: AKC, ORIGIN: CHINA",CIVIL MATERIAL,10,4,4378M,40,Approved,830411,,
REQ2500016663,Goods, 10001645,,"BROOM 12"" HARD 6 LINE WITH STICK, PRODUCT CODE: HB03-BH01, MAKE: AKC, ORIGIN: SRI LANKA",CIVIL MATERIAL,3,4.75,4378M,14.25,Approved,830411,,
REQ2500016851,Goods, 10013491,,"THERMOSTAT DIGITAL 3 SPEED 24VAC MODULATING 0-10VDC REMOTE SENSOR HALO (BLUE), MODEL: T6865H2WB-R, MAKE: HONEYWELL HOME",MECHANICAL MATERIAL,10,146,4378M,1460,Approved,PO2500009377,,
REQ2500016851,Goods, 10000138,,"CONTACTOR 50A(AC3) 80A(AC1) 3P + 1NO/1NC 220V AC COIL, 22 KW 400V 50/60HZ, PART NO. LC1D50AM7, MAKE: SCHNEIDER ELECTRIC",ELECTRICAL MATERIAL,20,198.5,4378M,3970,Approved,PO2500009378,,
REQ2500017070,Goods, 10035171,,"EXPANSION VALVE R404A, MODEL NO. TE-2, PART NO. 068Z3403, MAKE: DANFOSS",MECHANICAL MATERIAL,3,140,4378M,420,Approved,PO2500009513,,
REQ2500016850,Goods, 10002731,,"OIL 3GS 3.78LTR GAL, BRAND: SUNISE, ORIGIN: INDIA",OIL AND FILTERS,5,43,4378M,215,Approved,834263,,
REQ2500016850,Goods, 10002737,,"OIL 4GS 4LTR GAL, BRAND: SUNISO, ORIGIN: BELGIUM",OIL AND FILTERS,5,59,4378M,295,Approved,834263,,
REQ2500016850,Goods, 10002766,,"OIL 5GS 3.78LTR GAL, BRAND: SUNISE, ORIGIN: INDIA",OIL AND FILTERS,5,41.858125,4378M,209.290625,Approved,834263,,
REQ2500016850,Goods, 10007630,,"OIL FOR VACCUM PUMP, PACKING: 1LTR/CAN, MODEL NO. VPOQ12, MAKE: CPS, ORIGIN: USA",MECHANICAL MATERIAL,9,26.6875,4378M,240.1875,Approved,834263,,
REQ2500016850,Goods, 10000009,,"BATTERY AA, PACKING: 20 CARD / BOX, 2PCS / CARD, BRAND: ENERGIZER",BATTERY,20,2.43828473,4378M,48.7656946,Approved,834263,,
REQ2500016850,Goods, 10002458,,"THERMOSTAT FOR WINDOW A/C, MODEL: PFA 606S - 2 PIN, ORIGIN: CHINA",ELECTRICAL MATERIAL,10,4.595332494,4378M,45.95332494,Approved,834263,,
REQ2500016276,Goods, 10014774,,"V BELT A-29, MAKE: PIX, ORIGIN: INDIA",MECHANICAL MATERIAL,15,5,4378M,75,Approved,PO2500009570,,
REQ2500016276,Goods, 10014811,,"V BELT SPZ-1060, MAKE: PIX, ORIGIN: INDIA",MECHANICAL MATERIAL,15,7,4378M,105,Approved,PO2500009570,,
REQ2500017194,Goods, 10054588,,"EXPANSION VALVE, MODEL NO. SVE-8-CP100, MAKE: SPORLAN",MECHANICAL MATERIAL,3,420,4378M,1260,Approved,PO2500009620,,
REQ2500016920,Goods, 10036547,,"MAP GAS 750ML, MAKE: ECOFROST",GAS,12,13,4378M,156,Approved,833267,,
REQ2500016851,Goods, 10028359,,"AIR FILTER FOR WINDOW AC, MODEL NO. 51GVR187M-0H, PART NO. 0327002140B, MAKE: CARRIER",OIL AND FILTERS,100,18,4378M,1800,Approved,PO2500009649,,
REQ2500017361,Goods, 10054720,,"RECTIFICATION OF RTAC 200 CHILLER NO.1 IN STORY BUILDING BLOCK NO.3 AT MANAMA CAMP, TRAINING CENTER, AS PER ATTACHED ANNEXURE",SUB CONTRACT MECHANICAL,1,2000,4378M,2000,Approved,PO2500009654,,
REQ2500017361,Goods, 10054721,,"RECTIFICATION OF RTAC 200 CHILLER NO.2 IN STORY BUILDING BLOCK NO.3 AT MANAMA CAMP, TRAINING CENTER, AS PER ATTACHED ANNEXURE",SUB CONTRACT MECHANICAL,1,12600,4378M,12600,Approved,PO2500009654,,
REQ2500016942,Goods, 10002590,,"COMPRESSOR 1.5TON / 3LEG, 1PH / 220-240V / 50HZ, MODEL: PH31VNET / PH31VSET, BRAND: MITSUBISHI ELECTRIC",COMPRESSORS AND MOTORS,3,600,4378M,1800,Approved,PO2500009670,,
REQ2500016942,Goods, 10008891,,"COMPRESSOR 1.5 TON, 1PH, 220 - 240V, 50 - 60HZ, 4 LEG SHORT, MODEL NO. CK24K3-PFZ-201, MAKE: COPELAND",COMPRESSORS AND MOTORS,3,580,4378M,1740,Approved,PO2500009671,,
REQ2500016942,Goods, 10008889,,"COMPRESSOR 2.5 TON 1PH, 220 - 240V, 50HZ, 4 LEG BIG, MODEL NO. CK36K3 - PFZ-101, MAKE: COPELAND",COMPRESSORS AND MOTORS,3,3,4378M,9,Approved,PO2500009671,,
REQ2500017193,Goods, 10002410,,"DRIER CORE D48, MAKE: EMERSON, ORIGIN: MEXICO",MECHANICAL MATERIAL,20,28.86947146,4378M,577.3894292,Approved,838281,,
REQ2500016942,Goods, 10009460,,"COMPRESSOR ROTARY 2.5TON 1PH 220-240V 50HZ, 4LEG, MODEL NO. NH52VNHT, MAKE: MITSUBISHI, ORIGIN: THAILAND",COMPRESSORS AND MOTORS,3,740,4378M,2220,Approved,PO2500009672,,
REQ2500017331,Goods, 10002738,,"FREON GAS R410A X 25LBS / 11.3KG DISPOSIBLE CYLINDER, MAKE: FLORON",GAS,15,290.1218979,4378M,4351.828469,Approved,838293,,
REQ2500017331,Goods, 10002698,,"CAPACITOR 45+5 MFD, ROUND METAL BODY, ORIGIN: INDIA",ELECTRICAL MATERIAL,20,9.001484589,4378M,180.0296918,Approved,838293,,
REQ2500017331,Goods, 10002700,,"CAPACITOR 7.5 MFD 370 VAC, ROUND METAL, ORIGIN: INDIA",ELECTRICAL MATERIAL,20,4.626619796,4378M,92.53239592,Approved,838293,,
REQ2500017331,Goods, 10008887,,"COPPER PIPE 3/8"" X 50' X 0.061MM THK, MAKE: MAKSAL, ORIGIN: SOUTH AFRICA",MECHANICAL MATERIAL,15,130,4378M,1950,Approved,838293,,
REQ2500016942,Goods, 10004437,,"COMPRESSOR RECIPROCATING 2TON/220V/1PH/50HZ, MODEL: CK32K3-PFZ-101, MAKE: COPELAND",COMPRESSORS AND MOTORS,3,620,4378M,1860,Approved,PO2500009673,,
REQ2500016026,Goods, 10053794,,"HIRING CHARGES OF PICKUP 3TON, WITH DRIVER / WITH FUEL WITH 3FOR SHIFTING MATERIAL FROM AL DHAFRA TO SAJJA SHARJAH",VEHICLE HIRE,1,850,4378M,850,Approved,PO2500009693,,
REQ2500017435,Goods, 10007477,,"PAINT SYNTHETIC ENAMEL GLOSS 1, BLACK 890, PACKING: 18 LTR. / DRUM, MAKE: NATIONAL, ORIGIN: UAE ",CIVIL MATERIAL,1,196.8,4378M,196.8,Approved,PO2500009733,,
REQ2500017435,Goods, 10001669,,"PAINT SYNTHETIC ENAMEL GLOSS 1, 296 DARK GRAY, PACKING 3.6LTR / GAL, MAKE: NATIONAL, ORIGIN: UAE",CIVIL MATERIAL,5,42.64,4378M,213.2,Approved,PO2500009733,,
REQ2500017435,Goods, 10022563,,"PAINT SYNTHETIC ENAMEL GLOSS 1, SILVER GREY 293, PACKING: 18 LTR / DRUM, MAKE: NATIONAL, ORIGIN: UAE",CIVIL MATERIAL,1,196.8,4378M,196.8,Approved,PO2500009733,,
REQ2500017435,Goods, 10001876,,"HOSE 1/2"" X 50MTR, REINFORCED, FLEXIBLE, YELLOW, HEAVY DUTY, MAKE: MERMAID, ORIGIN: UAE",MECHANICAL MATERIAL,6,62,4378M,372,Approved,PO2500009734,,
REQ2500017647,Goods, 10054988,,SUPPLY OF YCIV RECONDITIONED COOLING FAN ,MECHANICAL MATERIAL,1,1000,4378M,1000,Approved,PO2500009898,,
REQ2500017810,Goods, 10000113,,"CONTACTOR 15KW 400V 32A (AC3) 50A (AC1) 3P 24V AC COIL, 1NO/1NC, PART NO. LC1D32B7, MAKE: SCHNEIDER, ORIGIN: FRANCE",ELECTRICAL MATERIAL,15,117,4378M,1755,Approved,PO2500009987,,
REQ2500017810,Goods, 10007824,,"TRUNKING 100MM X 100MM X 3Mtr., PVC WITH COVER, MAKE: GIFFEX, ORIGIN: INDIA",ELECTRICAL MATERIAL,15,21.75,4378M,326.25,Approved,PO2500009987,,
REQ2500017810,Goods, 10015702,,"RCCB 40A 4P 100MA AC, ACTI 9 Iid, PART NO. A9R12440, MAKE: SCHNEIDER",ELECTRICAL MATERIAL,5,107,4378M,535,Approved,PO2500009987,,
REQ2500017810,Goods, 10015130,,"THERMOSTAT DX DIGITAL 24V 2 STAGE, HEAT/COOL FOCUSPRO 5000 NON-PROGRAMMABLE, MODEL NO. TH5220D1029, MAKE: HONEYWELL",MECHANICAL MATERIAL,20,190,4378M,3800,Approved,PO2500009991,,
REQ2500017810,Goods, 10011469,,"TIME DELAY TIMER 3 - 10MIN, PART NO. ICM102B, MAKE: ICM, ORIGIN: USA",ELECTRICAL MATERIAL,20,14,4378M,280,Approved,PO2500009991,,
REQ2500017810,Goods, 10020896,,"V BELT B-60, MAKE: PIX, ORIGIN: INDIA",MECHANICAL MATERIAL,15,10.75,4378M,161.25,Approved,PO2500009992,,
REQ2500017336,Goods, 10002582,,"CAPACITOR 50+5 MFD, R/ALUM, MAKE: TIBCON, ORIGIN: INDIA",ELECTRICAL MATERIAL,30,7.25,4378M,217.5,Approved,PO2500010114,,
REQ2500017435,Goods, 10015702,,"RCCB 40A 4P 100MA AC, ACTI 9 Iid, PART NO. A9R12440, MAKE: SCHNEIDER",ELECTRICAL MATERIAL,10,107,4378M,1070,Approved,PO2500010119,,
REQ2500025261,Goods, 10007930,,"THERMAL OVERLOAD RELAY 4A - 6A, PART NO. LRD10, MAKE: SCHNEIDER",ELECTRICAL MATERIAL,10,57.82,4378M,578.2,Approved,PO2500010184,,
REQ2500018257,Goods, 10045182,,"COMPRESSOR R32, 220-240V 50HZ LRA 40/44, PART NO. RVT220VBBMT, MAKE: MITSUBISHI ELECTRIC",MECHANICAL MATERIAL,1,710,4378M,710,Approved,PO2500010211,,
REQ2500017581,Goods, 10002758,,"GAS R134A, PACKING: 13.6KG / CYL., BRAND: CHEMOURS / DUPONT, ORIGIN: USA",GAS,3,470,4378M,1410,Approved,PO2500010243,,
REQ2500017581,Goods, 10010529,,"FREON GAS R410A, CAPACITY: 11.3KG / CYL, MAKE: HONEYWELL, ORIGIN: USA",GAS,3,3,4378M,9,Approved,PO2500010243,,
REQ2500017581,Goods, 10010372,,"FREON GAS R32, CAPACITY: 9.5KG, MAKE: AMETRON, ORIGIN: USA",GAS,3,3,4378M,9,Approved,PO2500010243,,
REQ2500017581,Goods, 10050761,,"FREON GAS R407C, PACKING: 11.3 KGS / CYL, MAKE: AMETRON, ORIGIN: USA",GAS,3,3,4378M,9,Approved,PO2500010243,,
REQ2500017581,Goods, 10043339,,"CAPACITOR 3.5 MFD (SCREW TYPE), PLASTIC, MAKE: CE, ORIGIN: ITALY",MECHANICAL MATERIAL,10,10,4378M,100,Approved,PO2500010243,,
REQ2500017581,Goods, 10010786,,"GAS R22, Packing: 13.6Kg / Cyl, BRAND: CHEMOURS / DUPONT, ORIGIN: USA",GAS,3,385,4378M,1155,Approved,PO2500010245,,
REQ2500017829,Goods, 10002810,,"COIL CLEANER 1GAL, COLOUR: PINK, MAKE: AC-BRITE, ORIGIN: UAE",MECHANICAL MATERIAL,10,16,4378M,160,Approved,PO2500010248,,
REQ2500018255,Goods, 10055501,,"CORROSION INHIBITOR, NITRITE BASED, MODEL NO. ACCEPTA-2337, PACKING: 25KGS / DRUM, MAKE: ACCEPTA, ORIGIN: UK",CHEMICAL AND FERTILIZERS,10,275,4378M,2750,Approved,PO2500010329,,
REQ2500018255,Goods, 10055502,,"MICROBIOCIDE, MODEL NO. ACCEPTA-2886, PACKING: 25 KGS / DRUM, MAKE: ACCEPTA, ORIGIN: UK",CHEMICAL AND FERTILIZERS,4,300,4378M,1200,Approved,PO2500010329,,
REQ2500017806,Goods, 10002700,,"CAPACITOR 7.5 MFD 370 VAC, ROUND METAL, ORIGIN: INDIA",ELECTRICAL MATERIAL,20,4.626619796,4378M,92.53239592,Approved,840306,,
REQ2500017806,Goods, 10033190,,"TERMINAL CONNECTOR 16MM, PVC WHITE, PACKING: 10 STRIP / PKT; 10PCS / STRIP, MAKE: KEDBROOKE, ORIGIN: INDIA ",ELECTRICAL MATERIAL,5,33.5,4378M,167.5,Approved,840306,,
REQ2500017806,Goods, 10000053,,"CABLE TIES 300 X 3.6MM, WHITE, NYLON, MAKE: BULLTTE",ELECTRICAL MATERIAL,5,3.98,4378M,19.9,Approved,840306,,
REQ2500018230,Goods, 10055281,,"EMPTY RECOVERY CYLINDER, 40LTR, MAKE: ROTHENBERGER",MATERIALS LOCAL,3,625,4378M,1875,Approved,PO2500010585,,
REQ2500018230,Goods, 10007931,,"MECHANICAL TUBE BENDER SET 7-IN-1, 404L 1/4 TO 7/8"", MAKE: P&M, ORIGIN: TAIWAN",MECHANICAL MATERIAL,2,240,4378M,480,Approved,PO2500010588,,
REQ2500018230,Goods, 10015363,,"CABLE GLAND + LOCK NUT 25MM, TSP, BLACK, PART NO. 25TSP2TN, MAKE: CMP",ELECTRICAL MATERIAL,100,5.5,4378M,550,Approved,PO2500010589,,
REQ2500018282,Goods, 10055531,,"HOLEX EXTERNAL MICROMETER, 0.01MM, MAKE: HOFFMANN, ORIGIN: GERMANY \ RPC",MECHANICAL MATERIAL,1,105.36,4378M,105.36,Approved,PO2500010593,,
REQ2500018282,Goods, 10055532,,"HOLEX H/D, SS, PART NO. 769250200, MAKE: HOFFMANN, ORIGIN: GERMANY \ TAIWAN",MECHANICAL MATERIAL,1,35.44,4378M,35.44,Approved,PO2500010593,,
REQ2500018282,Goods, 10055533,,"GARANT COMB. WRENCH FLEXIBLE, PART NO. 614812 8, MAKE: HOFFMANN, ORIGIN: GERMANY \ TAIWAN",MECHANICAL MATERIAL,1,46.76,4378M,46.76,Approved,PO2500010593,,
REQ2500018282,Goods, 10055534,,"GARANT COMB. WRENCH FLEXIBLE, PART NO. 614812 9, MAKE: HOFFMANN, ORIGIN: GERMANY \ TAIWAN",MECHANICAL MATERIAL,1,47.96,4378M,47.96,Approved,PO2500010593,,
REQ2500017856,Goods, 10052303,,"FREON GAS R134A, PACKING: 13.6 KGS (30LBS) / CYL, MAKE: YORK",GAS,10,368,4378M,3680,Approved,844282,,
REQ2500018084,Goods, 10000058,,"SWITCHED SOCKET DOUBLE 13A, VX1500, MAKE: VOLEX, ORIGIN: UK",ELECTRICAL MATERIAL,10,10.2617614,4378M,102.617614,Approved,845307,,
REQ2500018084,Goods, 10002271,,"GAS R22, PACKING: 13.6KGS (30LBS), DISPOSABLE CYLINDER, BRAND: FLORON, ORIGIN: INDIA",GAS,20,267.8873304,4378M,5357.746608,Approved,845307,,
REQ2500018084,Goods, 10002445,,"GARBAGE BAG THICK 80 X 110 X 100 MICRON, RECYCLED, BLACK, PACKING: 18KG / BDL, ORIGIN: UAE",MATERIALS LOCAL,2,82,4378M,164,Approved,845307,,
REQ2500018084,Goods, 10000030,,"EXHAUST FAN 6"", 123CFM, CAT. REF. 15WUD, MAKE: KDK, ORIGIN: THAILAND",ELECTRICAL MATERIAL,2,64.27350427,4378M,128.5470085,Approved,845307,,
REQ2500018282,Goods, 10055536,,"GARANT COMB. WRENCH FLEXIBLE, PART NO. 614812 10, MAKE: HOFFMANN, ORIGIN: GERMANY \ TAIWAN",MECHANICAL MATERIAL,1,49.28,4378M,49.28,Approved,PO2500010593,,
REQ2500018282,Goods, 10055540,,"GARANT COMB. WRENCH FLEXIBLE, PART NO. 614812 11, MAKE: HOFFMANN, ORIGIN: GERMANY \ TAIWAN",MECHANICAL MATERIAL,1,50.92,4378M,50.92,Approved,PO2500010593,,
REQ2500018155,Goods, 10002271,,"GAS R22, PACKING: 13.6KGS (30LBS), DISPOSABLE CYLINDER, BRAND: FLORON, ORIGIN: INDIA",GAS,20,267.8873304,4378M,5357.746608,Approved,845329,,
REQ2500018282,Goods, 10055541,,"GARANT COMB. WRENCH FLEXIBLE, PART NO. 614812 12, MAKE: HOFFMANN, ORIGIN: GERMANY \ TAIWAN",MECHANICAL MATERIAL,1,53.2,4378M,53.2,Approved,PO2500010593,,
REQ2500018282,Goods, 10055542,,"GARANT COMB. WRENCH FLEXIBLE, PART NO. 614812 13, MAKE: HOFFMANN, ORIGIN: GERMANY \ TAIWAN",MECHANICAL MATERIAL,1,54.6,4378M,54.6,Approved,PO2500010593,,
REQ2500018282,Goods, 10055543,,"GARANT COMB. WRENCH FLEXIBLE, PART NO. 614812 14, MAKE: HOFFMANN, ORIGIN: GERMANY \ TAIWAN",MECHANICAL MATERIAL,1,56.68,4378M,56.68,Approved,PO2500010593,,
REQ2500018282,Goods, 10055544,,"GARANT COMB. WRENCH FLEXIBLE, PART NO. 614812 15, MAKE: HOFFMANN, ORIGIN: GERMANY \ TAIWAN",MECHANICAL MATERIAL,1,59.64,4378M,59.64,Approved,PO2500010593,,
REQ2500018282,Goods, 10055546,,"RUBBER MALLET, PART NO. 755500 A400, MAKE: HOFFMANN, ORIGIN: GERMANY \ RPC",MECHANICAL MATERIAL,1,32.56,4378M,32.56,Approved,PO2500010593,,
REQ2500018282,Goods, 10055547,,"ENGINEERS HUMMER, PART NO. 750125 300, MAKE: HOFFMANN, ORIGIN: GERMANY \ INDIA",MECHANICAL MATERIAL,1,21.08,4378M,21.08,Approved,PO2500010593,,
REQ2500018282,Goods, 10055548,,"ENGINEERS HUMMER, PART NO. 750125 500, MAKE: HOFFMANN, ORIGIN: GERMANY \ IND",MECHANICAL MATERIAL,1,27.4,4378M,27.4,Approved,PO2500010593,,
REQ2500018282,Goods, 10055549,,"ENGINEERS HUMMER, PART NO. 750125 1000, MAKE: HOFFMANN, ORIGIN: GERMANY \ INDIA",MECHANICAL MATERIAL,1,37.8,4378M,37.8,Approved,PO2500010593,,
REQ2500018282,Goods, 10055550,,"UNIVERSAL GRIP WRENCH, JAW DOUBLE VEE, PART NO. 708105 250, MAKE: HOFFMANN, ORIGIN: GERMANY \ TAIWAN",MECHANICAL MATERIAL,1,39.2,4378M,39.2,Approved,PO2500010593,,
REQ2500018413,Goods, 10027955,,"COMPRESSOR, MODEL NO. PH360G2C-4KTS1, MAKE: TOSHIBA",COMPRESSORS AND MOTORS,1,400,4378M,400,Approved,PO2500010597,,
REQ2500018731,Goods, 10012279,,"REFRIGERANT RECOVERY MACHINE WITH OUT CYLINDER, PART NO. RG5410A-E, MAKE: ROBINAIR, ORIGIN: USA",MECHANICAL EQUIPMENT,1,3825,4378M,3825,Approved,PO2500010659,,
REQ2500018556,Goods, 10009423,,"V BELT B-72, MAKE: DUNLOP, ORIGIN: KOREA",MECHANICAL MATERIAL,15,26,4378M,390,Approved,PO2500010681,,
REQ2500018934,Goods, 10014567,,"V BELT AX-46, MAKE: OPTI, ORIGIN: EUROPE",MECHANICAL MATERIAL,10,48.8,4378M,488,Approved,PO2500010696,,
REQ2500018920,Goods, 10055977,,"NOISE FILTER BOARD, PART NO. R61015293, MODEL NO. PUHY-P350YHA, MAKE: MITSUBISHI",ELECTRICAL MATERIAL,1,1480,4378M,1480,Approved,PO2500010702,,
REQ2500018780,Goods, 10004467,,"(L) OIL , PART NO: 011-00592-000, PKG:5 GAL/PAIL, MAKE: YORK",MATERIALS LOCAL,1,5600,4378M,5600,Approved,PO2500010703,,
REQ2500018621,Goods, 10055856,,CHARGES FOR REPAIRING EATON VARIABLE FREQUENCY DRIVER ,REPAIR AND MAINT EQUIPMENT,1,900,4378M,900,Approved,PO2500010720,,
REQ2500018980,Goods, 10010584,,"FLOW SENSOR FOR CHILLED WATER, MODEL NO. SC0505, MAKE: CARRIER",MECHANICAL MATERIAL,2,790,4378M,1580,Approved,PO2500010724,,
REQ2500017567,Goods, 10002658,,"V-BELT A-26, MAKE: OPTI, ORIGIN: EUROPE",MECHANICAL MATERIAL,3,20.7,4378M,62.1,Approved,PO2500010725,,
REQ2500017567,Goods, 10002690,,"V-BELT A-27, MAKE: OPTI, ORIGIN: EUROPE",MECHANICAL MATERIAL,3,21.95,4378M,65.85,Approved,PO2500010725,,
REQ2500017567,Goods, 10013843,,"V BELT A-28, MAKE: OPTI, ORIGIN: EUROPE",MECHANICAL MATERIAL,3,20.7,4378M,62.1,Approved,PO2500010725,,
REQ2500017567,Goods, 10010764,,"V BELT A-29, MAKE: OPTI, ORIGIN: EUROPE",MECHANICAL MATERIAL,3,20.7,4378M,62.1,Approved,PO2500010725,,
REQ2500017567,Goods, 10008898,,"V BELT A-30, MAKE: OPTI, ORIGIN: EUROPE",MECHANICAL MATERIAL,3,21.85,4378M,65.55,Approved,PO2500010725,,
REQ2500017567,Goods, 10047003,,"V-BELT A-33, MAKE: OPTI, ORIGIN: EUROPE",MECHANICAL MATERIAL,3,24.15,4378M,72.45,Approved,PO2500010725,,
REQ2500017567,Goods, 10024123,,"V-BELT A-35, MAKE: OPTI, ORIGIN: GERMANY",MECHANICAL MATERIAL,3,24.15,4378M,72.45,Approved,PO2500010725,,
REQ2500017567,Goods, 10047004,,"V-BELT A-36, MAKE: OPTI, ORIGIN: EUROPE",MECHANICAL MATERIAL,3,24.15,4378M,72.45,Approved,PO2500010725,,
REQ2500017567,Goods, 10002282,,"V-BELT A-40, MAKE: OPTI, ORIGIN: EUROPE",MECHANICAL MATERIAL,3,23.75,4378M,71.25,Approved,PO2500010725,,
REQ2500017567,Goods, 10002628,,"V BELT A-41, MAKE: OPTI, ORIGIN: EUROPE",MECHANICAL MATERIAL,3,24.15,4378M,72.45,Approved,PO2500010725,,
REQ2500018744,Goods, 10054153,,"CONTACTOR 50A, 24V AC COIL, 3P, PART NO. LC1D50AB7, MAKE: SCHNEIDER ELECTRIC",ELECTRICAL MATERIAL,5,205,4378M,1025,Approved,PO2500010736,,
REQ2500018087,Goods, 10003988,,"PVC ELBOW 90DEG, SIZE: 1"", MAKE: KALISTER, ORIGIN: UAE",CIVIL MATERIAL,100,1.25,4378M,125,Approved,PO2500010746,,
REQ2500018554,Goods, 10002540,,"CAPACITOR 55+5 MFD, ROUND METAL BODY, ORIGIN: INDIA",ELECTRICAL MATERIAL,30,9.96013597,4378M,298.8040791,Approved,852279,,
REQ2500018554,Goods, 10002698,,"CAPACITOR 45+5 MFD, ROUND METAL BODY, ORIGIN: INDIA",ELECTRICAL MATERIAL,30,9.001484589,4378M,270.0445377,Approved,852279,,
REQ2500018554,Goods, 10002293,,"BRAZING ROD 0%, 1/8"" FLAT, 28STK/PKT, BRAND: HARIS, ORIGIN: USA",MATERIALS LOCAL,5,30.71362241,4378M,153.5681121,Approved,852279,,
REQ2500018554,Goods, 10002444,,"RUBBER PIPE INSULATION 3/8"" DIA X 3/8"" THICK X1.8MTR / LTH, PACKING: 130TUBES / BOX, MAKE: WORLDFLEX BY GULFOFLEX, ORIGIN: UAE",MECHANICAL MATERIAL,100,1,4378M,100,Approved,852279,,
REQ2500018554,Goods, 10001769,,"TEFLON TAPE 1/2"" X 10YARD, ORIGIN: PRC",MATERIALS LOCAL,100,0.20059063,4378M,20.059063,Approved,852279,,
REQ2500018554,Goods, 10000487,,"BATTERY AAA, PACKING: 20 CARD / BOX, 2PCS / CARD, BRAND: ENERGIZER",BATTERY,20,4.772343117,4378M,95.44686234,Approved,852279,,
REQ2500018554,Goods, 10000009,,"BATTERY AA, PACKING: 20 CARD / BOX, 2PCS / CARD, BRAND: ENERGIZER",BATTERY,20,2.43828473,4378M,48.7656946,Approved,852279,,
REQ2500018554,Goods, 10001672,,"FABRIC VEST WITH HIGH VISIBILITY 2 VERTICAL & HORIZONTAL REFLECTIVE TAPE, WEIGHT OF PER PCS - 113 GSM, 100% POLYESTER KNITTED FLUORESCENT FABRIC, COLOUR: YELLOW, SIZE: S - 5XL, MODEL NO. SAJ, MAKE: VAULTEX",MATERIALS LOCAL,15,3.228252788,4378M,48.42379182,Approved,852279,,
REQ2500019124,Goods, 10027955,,"COMPRESSOR, MODEL NO. PH360G2C-4KTS1, MAKE: TOSHIBA",COMPRESSORS AND MOTORS,1,400,4378M,400,Approved,PO2500010791,,
REQ2500019057,Goods, 10007824,,"TRUNKING 100MM X 100MM X 3Mtr., PVC WITH COVER, MAKE: GIFFEX, ORIGIN: INDIA",ELECTRICAL MATERIAL,50,21.75,4378M,1087.5,Approved,PO2500010802,,
REQ2500018934,Goods, 10004662,,"RUBBER PIPE INSULATION 1/2"" X 3/4"" THK (19 X 012) LTH X 2 MTR, MAKE: ARMAFLEX",MATERIALS LOCAL,30,4,4378M,120,Approved,PO2500010888,,
REQ2500019351,Goods, 10030535,,"V BELT B-53, MAKE: BLACK BELT, ORIGIN: KOREA",MECHANICAL MATERIAL,3,11.69,4378M,35.07,Approved,PO2500010918,,
REQ2500019351,Goods, 10032914,,"V BELT B-82, MAKE: BLACK BELT, ORIGIN: KOREA",MECHANICAL MATERIAL,3,3,4378M,9,Approved,PO2500010918,,
REQ2500019351,Goods, 10056170,,"V-BELT SPA-1407, MAKE: BLACK BELT",MECHANICAL MATERIAL,3,7,4378M,21,Approved,PO2500010918,,
REQ2500019351,Goods, 10056171,,"V-BELT SPZ-1887, MAKE: BLACK BELT",MECHANICAL MATERIAL,3,7,4378M,21,Approved,PO2500010918,,
REQ2500018282,Goods, 10055518,,"BEARING PULLER 8"", 3LEG, MAKE: GRIPON",MECHANICAL MATERIAL,1,55,4378M,55,Approved,PO2500010947,,
REQ2500018282,Goods, 10055519,,"BEARING PULLER 12"", 3LEG, MAKE: GRI",MECHANICAL MATERIAL,1,1,4378M,1,Approved,PO2500010947,,
REQ2500018282,Goods, 10055521,,"DIGITAL CLAMP METER, MAKE: KYORITSU",MECHANICAL MATERIAL,1,374,4378M,374,Approved,PO2500010947,,
REQ2500018282,Goods, 10050257,,"HEAT GUN 1500W, 220V, MODEL NO. HG6030K, MAKE: MAKITA",ELECTRICAL MATERIAL,1,220,4378M,220,Approved,PO2500010948,,
REQ2500018282,Goods, 10055517,,"BOX SPANNER 1/2"", DRIVE 8-32MM, MAKE: CLARKE",MATERIALS LOCAL,1,2,4378M,2,Approved,PO2500010948,,
REQ2500018282,Goods, 10035196,,"INSULATION TESTER DIGITAL, 5 RANGES, MODEL NO. IR4056-20, MAKE: HIOKI, ORIGIN: JAPAN",ELECTRICAL EQUIPMENT,1,705,4378M,705,Approved,PO2500010948,,
REQ2500018928,Goods, 10047407,,"FILTER DRIER 1/2"" FLARE DCL 164, PART NO. 023Z50091, BRAND: DANFOSS",MECHANICAL MATERIAL,20,32,4378M,640,Approved,852286,,
REQ2500018928,Goods, 10008887,,"COPPER PIPE 3/8"" X 50' X 0.061MM THK, MAKE: MAKSAL, ORIGIN: SOUTH AFRICA",MECHANICAL MATERIAL,10,130,4378M,1300,Approved,852286,,
REQ2500018928,Goods, 10013884,,"SILICON SEALANT ANTI-FUNGAL 320ML, WHITE, PACKING: 24PCS / CTN, MAKE: DOLPHIN, ORIGIN: UAE",MATERIALS LOCAL,10,4.75,4378M,47.5,Approved,852286,,
REQ2500018928,Goods, 10001737,,"FOAM SPRAY 500ML, PACKING: 12PC / CTN, MAKE: ASMACO",CIVIL MATERIAL,20,6.750432699,4378M,135.008654,Approved,852286,,
REQ2500018928,Goods, 10025305,,"BLACK TAPE 2"" X 60Ft, PVC, PACKING: 60 ROLL / BOX, PRODUCT CODE: IFT-0009, MAKE: INNERFIX",CIVIL MATERIAL,50,1.7,4378M,85,Approved,852286,,
REQ2500018928,Goods, 10002584,,"FLARE NUT 1/4"", BRASS, ORIGIN: INDIA",MATERIALS LOCAL,20,0.957127903,4378M,19.14255806,Approved,852286,,
REQ2500018928,Goods, 10036547,,"MAP GAS 750ML, MAKE: ECOFROST",GAS,20,13,4378M,260,Approved,852286,,
REQ2500018928,Goods, 10002265,,"COPPER ELBOW 5/8"" X 90 DEG, MAKE: MUELLER, ORIGIN: USA",MECHANICAL MATERIAL,20,2.729850746,4378M,54.59701492,Approved,852286,,
REQ2500018928,Goods, 10000196,,"FLEXIBLE CONDUIT 20MM X 15 MTR. / ROL, BLACK PVC COVER, G.I COATED, BRAND: RELITE, ORIGIN: INDIA",ELECTRICAL MATERIAL,10,16.49631281,4378M,164.9631281,Approved,852286,,
REQ2500018928,Goods, 10002414,,"RUBBER PIPE INSULATION 5/8"" DIA X 3/8"" THICK X1.8MTR / LTH, PACKING: 90TUBES / BOX, MAKE: WORLD FLEX BY GULF-O-FLEX, ORIGIN: UAE",MATERIALS LOCAL,50,1.304162679,4378M,65.20813395,Approved,852286,,
REQ2500018928,Goods, 10002444,,"RUBBER PIPE INSULATION 3/8"" DIA X 3/8"" THICK X1.8MTR / LTH, PACKING: 130TUBES / BOX, MAKE: WORLDFLEX BY GULFOFLEX, ORIGIN: UAE",MECHANICAL MATERIAL,50,1,4378M,50,Approved,852286,,
REQ2500018928,Goods, 10002777,,"RUBBER PIPE INSULATION 1/4"" X 1/2"" X 1.8MTR. LTH, PACKING: 90TUBES / BOX, MAKE: GULF'O'FLEX / WORLDFLEX, ORIGIN: UAE",MECHANICAL MATERIAL,50,1.308108108,4378M,65.4054054,Approved,852286,,
REQ2500018928,Goods, 10000061,,"INSULATION TAPE 19MM X 10Y, RED, MAKE: 3M, ORIGIN: UK",ELECTRICAL MATERIAL,100,0.850517598,4378M,85.0517598,Approved,852286,,
REQ2500018928,Goods, 10002731,,"OIL 3GS 3.78LTR GAL, BRAND: SUNISE, ORIGIN: INDIA",OIL AND FILTERS,5,43,4378M,215,Approved,852286,,
REQ2500018282,Goods, 10055520,,"MICROMETER, RANGE: 0-25MM, MAKE: MITUTOYO",MECHANICAL MATERIAL,1,152,4378M,152,Approved,PO2500010948,,
REQ2500019161,Goods, 10015669,,"CONTACTOR 116A 3P 1NO+1NC 100-250V AC/DC, MODEL NO. AF116-30-11-13, PART NO. 1SFL427001R1311, MAKE: ABB ",ELECTRICAL MATERIAL,3,445,4378M,1335,Approved,PO2500010984,,
REQ2500018779,Goods, 10055874,,"THERMOSTATIC EXPANSION VALVE, TFES10HC, R22, MAKE: EMERSON",MECHANICAL MATERIAL,1,390,4378M,390,Approved,PO2500011011,,
REQ2500019412,Goods, 10045181,,"COMPRESSOR R32, 220-240V 50HZ LRA 37/40, PART NO. RVT167VGIMT, MAKE: MITSUBISHI ELECTRIC",COMPRESSORS AND MOTORS,1,700,4378M,700,Approved,PO2500011016,,
REQ2500017581,Goods, 10033532,,"CONDENSER FAN MOTOR, 230V, 50/60HZ, 130/190W, 1400/1540RPM, 4 MFD, 400VDB, PART NO. S4E350-AP06-30, MAKE: EBM PAPST, ORIGIN: GERMANY",COMPRESSORS AND MOTORS,10,827,4378M,8270,Approved,PO2500011157,,
REQ2500019318,Goods, 10001840,,"SPRAY PAINT 280GMS, GREY, PACKING 12PC / CTN, MAKE: DOLPHIN",MATERIALS LOCAL,36,2.519543955,4378M,90.70358238,Approved,PO2500011161,,
REQ2500019318,Goods, 10013887,,"SPRAY PAINT 300GMS, DARK BLUE, PACKING: 12PC / CTN, MAKE: DOLPHIN",MATERIALS LOCAL,24,2.75,4378M,66,Approved,PO2500011161,,
REQ2500018556,Goods, 10011469,,"TIME DELAY TIMER 3 - 10MIN, PART NO. ICM102B, MAKE: ICM, ORIGIN: USA",ELECTRICAL MATERIAL,10,14,4378M,140,Approved,PO2500011202,,
REQ2500019076,Goods, 10052303,,"FREON GAS R134A, PACKING: 13.6 KGS (30LBS) / CYL, MAKE: YORK",GAS,25,368,4378M,9200,Approved,856293,,
REQ2500018556,Goods, 10015130,,"THERMOSTAT DX DIGITAL 24V 2 STAGE, HEAT/COOL FOCUSPRO 5000 NON-PROGRAMMABLE, MODEL NO. TH5220D1029, MAKE: HONEYWELL",MECHANICAL MATERIAL,20,190,4378M,3800,Approved,PO2500011202,,
REQ2500018556,Goods, 10003988,,"PVC ELBOW 90DEG, SIZE: 1"", MAKE: KALISTER, ORIGIN: UAE",CIVIL MATERIAL,100,1.25,4378M,125,Approved,PO2500011205,,
REQ2500019840,Goods, 10056353,,"COMPRESSOR, MODEL NO. MTZ125-4VM, MAKE: DANFOSS",COMPRESSORS AND MOTORS,3,3900,4378M,11700,Approved,PO2500011247,,
REQ2500019434,Goods, 10027955,,"COMPRESSOR, MODEL NO. PH360G2C-4KTS1, MAKE: TOSHIBA",COMPRESSORS AND MOTORS,2,400,4378M,800,Approved,PO2500011344,,
REQ2500019320,Goods, 10005061,,"KEYBOARD, USB TYPE, PART NO. QY776AA, MAKE: HP",STAIONERY,1,55,4378M,55,Approved,861283,,
REQ2500019320,Goods, 10002373,,"CANVAS CLOTH 6 OZ, 36"" X 20 YARD / ROLL, MAKE: TAKA, ORIGIN: PAKISTAN",CIVIL MATERIAL,15,12.00796813,4378M,180.119522,Approved,861283,,
REQ2500018556,Goods, 10041928,,"MCB 10A 1P 10KA, MAKE: ABB",ELECTRICAL MATERIAL,15,13,4378M,195,Approved,PO2500011533,,
REQ2500018556,Goods, 10000138,,"CONTACTOR 50A(AC3) 80A(AC1) 3P + 1NO/1NC 220V AC COIL, 22 KW 400V 50/60HZ, PART NO. LC1D50AM7, MAKE: SCHNEIDER ELECTRIC",ELECTRICAL MATERIAL,20,198.5,4378M,3970,Approved,PO2500011539,,
REQ2500018556,Goods, 10015702,,"RCCB 40A 4P 100MA AC, ACTI 9 Iid, PART NO. A9R12440, MAKE: SCHNEIDER",ELECTRICAL MATERIAL,10,107,4378M,1070,Approved,PO2500011540,,
REQ2500020768,Goods, 10007320,,"FILTER DRIER 5/8"" FLARE DCL 165, MODEL NO: 023Z50109, MAKE: DANFOSS, ORIGIN: INDIA ",MECHANICAL MATERIAL,20,28.37,4378M,567.4,Approved,PO2500011568,,
REQ2500020768,Goods, 10050146,,"FILTER DRIER 3/8"" F, 16C, DCL 163, MODEL NO: 023Z500891, MAKE: DANFOSS, ORIGIN: INDIA",MECHANICAL MATERIAL,20,8,4378M,160,Approved,PO2500011568,,
REQ2500020769,Goods, 10007320,,"FILTER DRIER 5/8"" FLARE DCL 165, MODEL NO: 023Z50109, MAKE: DANFOSS, ORIGIN: INDIA ",MECHANICAL MATERIAL,20,28.37,4378M,567.4,Approved,PO2500011568,,
REQ2500019467,Goods, 10004969,,"PAPER A4, 80GSM, WHITE, PACKING: 5 REEM / CTN, BRAND: DOUBLE A",STAIONERY,4,63.60576923,4378M,254.4230769,Approved,862280,,
REQ2500019467,Goods, 10005012,,"POST IT PAD 1 1/2"" X 2"", MODEL 653, MAKE: 3M",STAIONERY,2,7.437582586,4378M,14.87516517,Approved,862280,,
REQ2500019467,Goods, 10004984,,"STAPLER HEAVY DUTY, MODEL: HD50DF, MAKE: MAX CO, ORIGIN: JAPAN",STAIONERY,1,38.49233253,4378M,38.49233253,Approved,862280,,
REQ2500019467,Goods, 10005044,,"CORRECTION PEN, 12ML, 1 X 12, BRAND: PENTAL, ORIGIN: JAPAN",STAIONERY,5,6.75,4378M,33.75,Approved,862280,,
REQ2500020769,Goods, 10050146,,"FILTER DRIER 3/8"" F, 16C, DCL 163, MODEL NO: 023Z500891, MAKE: DANFOSS, ORIGIN: INDIA",MECHANICAL MATERIAL,20,8,4378M,160,Approved,PO2500011568,,
REQ2500020016,Goods, 10002551,,"PRESSURE SWITCH 6 BAR, PART NO. XMPA06B2131, MAKE: SCHNEIDER ELECTRIC, ORIGIN: FRANCE",MECHANICAL MATERIAL,5,63.08333333,4378M,315.4166667,Approved,864369,,
REQ2500020034,Goods, 10001737,,"FOAM SPRAY 500ML, PACKING: 12PC / CTN, MAKE: ASMACO",CIVIL MATERIAL,2,6.750432699,4378M,13.5008654,Approved,865407,,
REQ2500020034,Goods, 10000053,,"CABLE TIES 300 X 3.6MM, WHITE, NYLON, MAKE: BULLTTE",ELECTRICAL MATERIAL,5,3.98,4378M,19.9,Approved,865407,,
REQ2500020034,Goods, 10002388,,"COPPER ELBOW 3/8"" X 90 DEG MAKE: MUELLER, ORIGIN: USA",MECHANICAL MATERIAL,20,4.359210526,4378M,87.18421052,Approved,865407,,
REQ2500020034,Goods, 10002438,,"COPPER ELBOW 3/4"" X 90 DEG, MAKE: MUELLER, ORIGIN: USA",MECHANICAL MATERIAL,20,8.838758805,4378M,176.7751761,Approved,865407,,
REQ2500020034,Goods, 10000009,,"BATTERY AA, PACKING: 20 CARD / BOX, 2PCS / CARD, BRAND: ENERGIZER",BATTERY,15,2.43828473,4378M,36.57427095,Approved,865407,,
REQ2500020034,Goods, 10000487,,"BATTERY AAA, PACKING: 20 CARD / BOX, 2PCS / CARD, BRAND: ENERGIZER",BATTERY,15,4.772343117,4378M,71.58514676,Approved,865407,,
REQ2500020034,Goods, 10000033,,"PLUG TOP 15A, PART NO. VX0042, MAKE: VOLEX, ORIGIN: UK",ELECTRICAL MATERIAL,30,4.25123448,4378M,127.5370344,Approved,865407,,
REQ2500020034,Goods, 10000007,,"LINE TESTER, YELLOW, MAKE: TAPARIA, ORIGIN: INDIA",ELECTRICAL MATERIAL,6,3.75,4378M,22.5,Approved,865407,,
REQ2500020034,Goods, 10002540,,"CAPACITOR 55+5 MFD, ROUND METAL BODY, ORIGIN: INDIA",ELECTRICAL MATERIAL,50,9.96013597,4378M,498.0067985,Approved,865407,,
REQ2500020034,Goods, 10003015,,"CAPACITOR 60+5 MFD ALUMINIUM BODY, ORIGIN: INDIA",ELECTRICAL MATERIAL,30,9.970149985,4378M,299.1044996,Approved,865407,,
REQ2500020034,Goods, 10002844,,"CAPACITOR 2.5 MFD (ROUND), PIN, PLASTIC, ORIGIN: INDIA",ELECTRICAL MATERIAL,20,2.9,4378M,58,Approved,865407,,
REQ2500020034,Goods, 10013932,,"MASKING TAPE 3"" X 30 YARD, PACKING: 16 PCS / CTN, MAKE: HI-STICK, ORIGIN: UAE",MATERIALS LOCAL,20,2.5,4378M,50,Approved,865407,,
REQ2500020034,Goods, 10002706,,"CAPACITOR 1.5 MFD, SQUARE, MAKE: TIBCON, ORIGIN: INDIA",ELECTRICAL MATERIAL,30,3.247384828,4378M,97.42154484,Approved,865407,,
REQ2500020767,Goods, 10011450,,"SOLENOID COIL 240V, MODEL NO. 018F6832, MAKE: DANFOSS ",MECHANICAL MATERIAL,10,100,4378M,1000,Approved,PO2500011604,,
REQ2500020035,Goods, 10049560,,"HOSE CLIP 11-16MM (1/2"" - 5/8""), M00, MAKE: JUBILEE",MATERIALS LOCAL,50,1.1,4378M,55,Approved,PO2500011614,,
REQ2500020035,Goods, 10018263,,"RELAY 24V 14PIN WITH BASE, PART NO. RXZE2M114M, MAKE: SCHNEIDER",ELECTRICAL MATERIAL,20,9,4378M,180,Approved,PO2500011616,,
REQ2500020035,Goods, 10011543,,"CONTACTOR 40A 24VAC 2P 50/60 HZ, PART NO. MC40P2, MAKE: DACO, ORIGIN: KOREA",ELECTRICAL MATERIAL,20,45,4378M,900,Approved,PO2500011618,,
REQ2500020035,Goods, 10011829,,"THERMOSTAT FCU 3 SPEEDS, SINGLE STAGE 220V ON/OFF, MODEL NO. T6373A1108, BRAND: HONEYWELL",MECHANICAL MATERIAL,20,52,4378M,1040,Approved,PO2500011619,,
REQ2500020035,Goods, 10002293,,"BRAZING ROD 0%, 1/8"" FLAT, 28STK/PKT, BRAND: HARIS, ORIGIN: USA",MATERIALS LOCAL,5,30.33587786,4378M,151.6793893,Approved,PO2500011620,,
REQ2500020035,Goods, 10002374,,"COPPER ELBOW 1 1/8"" X 90Â°, MAKE: MUELLER, ORIGIN: USA",MECHANICAL MATERIAL,20,10.5,4378M,210,Approved,PO2500011620,,
REQ2500020035,Goods, 10000100,,"SWITCH SOCKET BOX 6"" X 3"" WITH CONDUIT KNOCK OUT, PVC, MAKE: PRECISION, ORIGIN: INDIA",ELECTRICAL MATERIAL,20,1.393493761,4378M,27.86987522,Approved,PO2500011620,,
REQ2500018104,Goods, 10044370,,"THERMOSTAT COVER WITH LOCK 167 H X 150 W X 85D, ORIGIN: CHINA",MECHANICAL MATERIAL,6,30,4378M,180,Approved,PO2500011726,,
REQ2500020319,Goods, 10005057,,"PAPER A3, 80GSM, PACKING: 5 REEM / CTN, BRAND: DOUBLE A",STAIONERY,3,26,4378M,78,Approved,867355,,
REQ2500020319,Goods, 10005085,,"PLASTIC POCKET A4, CLEAR CKP A4, MODEL NO. 12265, PACKING: 100NOS/BOX, MAKE: REXEL",STAIONERY,100,0.270675121,4378M,27.0675121,Approved,867355,,
REQ2500020319,Goods, 10005094,,"ENVELOPE A4 - 12 X 10, BROWN 120GSM, PRODUCT CODE: MX-120BR12X10, PACKING: 50 NOS/PKT, MAKE: MAXI",STAIONERY,100,0.22,4378M,22,Approved,867355,,
REQ2500020319,Goods, 10005086,,"DOCUMENT WALLET FOLDER FULL FLAP/COVER, F4 300GSM BLUE, PRODUCT CODE: MS329, MAKE: MODEST",STAIONERY,100,1.1,4378M,110,Approved,867355,,
REQ2500021230,Goods, 10001662,,"PAINT ENAMEL GLOSS 1 ROYAL BLUE 440, PACKING: 3.6LTR. / GALLON, BRAND: NATIONAL, ORIGIN: UAE",CIVIL MATERIAL,5,42.64,4378M,213.2,Approved,PO2500011736,,
REQ2500021495,Goods, 10002451,,"TIME DELAY RELAY 10 - 1000 SEC, 24V AC, PART NO. HMVR24A2X1000, MODEL NO. ICM104/24VAC, MAKE: ICM, ORIGIN: USA",ELECTRICAL MATERIAL,10,113,4378M,1130,Approved,PO2500011884,,
REQ2500021501,Goods, 10003057,,"SPLIT WALL 30000BTU R410A, SCROLL, PART NO. 120RASGA30-FU, MAKE: GENERAL, ORIGIN: THAILAND",AC,6,3765,4378M,22590,Approved,PO2500011890,,
REQ2500021501,Goods, 10002681,,"SPLIT WALL 24000BTU HI-EER R410, ROTARY, MODEL NO. 123RASGA24-FD, MAKE: GENERAL, ORIGIN: THAILAND",AC,6,2725,4378M,16350,Approved,PO2500011890,,
REQ2500020850,Goods, 10002428,,"COMPRESSOR OIL SW220, PART NO. P9032301, PACKING: 5LTR / GALLON, MAKE: TOTALINE",MECHANICAL MATERIAL,3,430,4378M,1290,Approved,PO2500011937,,
REQ2500020851,Goods, 10012301,,"COMPRESSOR OIL, MODEL NO. RL68H, PACKING: 5LTR / CAN, BRAND: EMKARATE",OIL AND FILTERS,2,225,4378M,450,Approved,PO2500011938,,
REQ2500020851,Goods, 10004653,,"FILTER FOR COMPRESSOR OIL, PART NO. FLR03434, MODEL: RTAC35, MAKE: TRANE",OIL AND FILTERS,2,450,4378M,900,Approved,PO2500011939,,
REQ2500021200,Goods, 10056784,,"AXIAL FAN 630MM, 3PH, MODEL NO. 4D630S, MAKE: ENERGY",MECHANICAL MATERIAL,1,290,4378M,290,Approved,PO2500011944,,
REQ2500021571,Goods, 10007320,,"FILTER DRIER 5/8"" FLARE DCL 165, MODEL NO: 023Z50109, MAKE: DANFOSS, ORIGIN: INDIA ",MECHANICAL MATERIAL,15,28.37,4378M,425.55,Approved,PO2500011945,,
REQ2500021571,Goods, 10050146,,"FILTER DRIER 3/8"" F, 16C, DCL 163, MODEL NO: 023Z500891, MAKE: DANFOSS, ORIGIN: INDIA",MECHANICAL MATERIAL,15,8,4378M,120,Approved,PO2500011945,,
REQ2500021571,Goods, 10002732,,"V-BELT B-62, MAKE: DUNLOP, ORIGIN: KOREA",MECHANICAL MATERIAL,10,23,4378M,230,Approved,PO2500011965,,
REQ2500020928,Goods, 10042554,,"FREON GAS R407C, PACKING: 11.3 KGS / CYL, MAKE: FLORON",GAS,15,285,4378M,4275,Approved,867506,,
REQ2500021057,Goods, 10005088,,"CLEAR BAG A4, CLEAR, PRODUCT CODE: PT-309, MAKE: PARTNER",STAIONERY,20,0.671362337,4378M,13.42724674,Approved,867504,,
REQ2500021571,Goods, 10002732,,"V-BELT B-62, MAKE: DUNLOP, ORIGIN: KOREA",MECHANICAL MATERIAL,10,23,4378M,230,Approved,PO2500011965,,
REQ2500021226,Goods, 10002771,,"BEARING 6206.ZZCM, MAKE: NSK, ORIGIN: POLAND",MECHANICAL MATERIAL,4,10.4,4378M,41.6,Approved,868282,,
REQ2500021226,Goods, 10003184,,"BEARING 6208.2ZRC3, BRAND: NSK, ORIGIN: JAPAN",MECHANICAL MATERIAL,4,22.13571429,4378M,88.54285716,Approved,868282,,
REQ2500021226,Goods, 10001851,,"PAINT RADIATOR / ROLLERS 4"" WITH HANDLE, MAKE: CLARKE",CIVIL MATERIAL,20,2.04221768,4378M,40.8443536,Approved,868282,,
REQ2500021571,Goods, 10009424,,"V BELT, A-32, MAKE: DUNLOP, ORIGIN: KOREA",MECHANICAL MATERIAL,10,8,4378M,80,Approved,PO2500011965,,
REQ2500021571,Goods, 10043741,,"V BELT B-47, MAKE: DUNLOP, ORIGIN: KOREA",MECHANICAL MATERIAL,10,17,4378M,170,Approved,PO2500011965,,
REQ2500021307,Goods, 10001851,,"PAINT RADIATOR / ROLLERS 4"" WITH HANDLE, MAKE: CLARKE",CIVIL MATERIAL,4,2.04221768,4378M,8.16887072,Approved,868299,,
REQ2500021571,Goods, 10043743,,"V-BELT B-50, MAKE: DUNLOP, ORIGIN: KOREA",MECHANICAL MATERIAL,10,19,4378M,190,Approved,PO2500011965,,
REQ2500021410,Goods, 10002271,,"GAS R22, PACKING: 13.6KGS (30LBS), DISPOSABLE CYLINDER, BRAND: FLORON, ORIGIN: INDIA",GAS,15,258.1938692,4378M,3872.908038,Approved,869301,,
REQ2500021571,Goods, 10043745,,"V-BELT A-64, MAKE: DUNLOP, ORIGIN: KOREA",MECHANICAL MATERIAL,10,15,4378M,150,Approved,PO2500011965,,
REQ2500021571,Goods, 10050070,,"V BELT B-59, MAKE: DUNLOP, ORIGIN: KOREA",MECHANICAL MATERIAL,10,21,4378M,210,Approved,PO2500011965,,
REQ2500021571,Goods, 10054153,,"CONTACTOR 50A, 24V AC COIL, 3P, PART NO. LC1D50AB7, MAKE: SCHNEIDER ELECTRIC",ELECTRICAL MATERIAL,10,205,4378M,2050,Approved,PO2500011980,,
REQ2500021571,Goods, 10009511,,"CONTACTOR 150A 3P 110V, PART NO. LC1D150F7, MAKE: SCHNEIDER ELECTRIC, ORIGIN: FRANCE",ELECTRICAL MATERIAL,2,590,4378M,1180,Approved,PO2500011980,,
REQ2500021599,Goods, 10000084,,"OVERLOAD RELAY TESYSD CL10A 12 -18A, PART NO. LRD21, MAKE: SCHNEIDER ELECTRIC, ORIGIN: FRANCE",ELECTRICAL MATERIAL,10,59.25,4378M,592.5,Approved,PO2500011980,,
REQ2500021230,Goods, 10001987,,"PAINT HARDTOP XP, COLOUR: SILVER, PACKING: 5LTR. / GALLON, MAKE: JOTUN, ORIGIN: UAE",CIVIL MATERIAL,2,215,4378M,430,Approved,PO2500012010,,
REQ2500021571,Goods, 10002497,,"STRAINER 3/8"" X 3 CAPILLARY, ORIGIN: CHINA",MECHANICAL MATERIAL,20,1.5984431,4378M,31.968862,Approved,PO2500012026,,
REQ2500021571,Goods, 10020601,,"ANTI VIBRATION RUBBER PAD 9MM X 450MM X 450MM, ORIGIN: UAE",MECHANICAL MATERIAL,3,12,4378M,36,Approved,PO2500012026,,
REQ2500021571,Goods, 10002283,,"V-BELT A-42, MAKE: OPTI, ORIGIN: EUROPE",MECHANICAL MATERIAL,10,23.75,4378M,237.5,Approved,PO2500012049,,
REQ2500021571,Goods, 10002284,,"V-BELT A-43, BRAND: OPTI, ORIGIN: GERMANY",MECHANICAL MATERIAL,10,26.75,4378M,267.5,Approved,PO2500012049,,
REQ2500021731,Goods, 10006415,,"CHILLED WATER ANALYSIS AND REPORT, LOCATION AS PER ANNEXURE ",CHEMICAL AND LAB TEST,12,125,4378M,1500,Approved,PO2500012085,,
REQ2500021501,Goods, 10000157,,"ISOLATOR 32-40A, 3 POLE 220V, PART NO. KSE340TPN, W/P WITH METAL BODY, MAKE: ABB",ELECTRICAL MATERIAL,12,100,4378M,1200,Approved,PO2500012101,,
REQ2500021655,Goods, 10056784,,"AXIAL FAN 630MM, 3PH, MODEL NO. 4D630S, MAKE: ENERGY",MECHANICAL MATERIAL,2,290,4378M,580,Approved,PO2500012112,,
REQ2500021396,Goods, 10036175,,"THERMOSTAT FOR WINDOW A/C, WITH BLUB, MODEL: 604, ORIGIN: CHINA",ELECTRICAL MATERIAL,30,14,4378M,420,Approved,PO2500012209,,
REQ2500021779,Goods, 10013823,,"ANGLE 50 X 50 X 3MM X 6MTR LTH, MS, ORIGIN: CHINA",MECHANICAL MATERIAL,26,32,4378M,832,Approved,PO2500012260,,
REQ2500022054,Goods, 10057178,,"PROPELLER FAN, D800, 6 LEAF, PRC-32MEA, MODEL NO. F03019010464, MAKE: MITSUBISHI, ORIGIN: MALAYSIA",MECHANICAL MATERIAL,1,880,4378M,880,Approved,PO2500012296,,
REQ2500021521,Goods, 10001642,,"STEEL PUTTY 500GM, MAKE: DEVCON, ORIGIN: USA",MATERIALS LOCAL,2,70.234375,4378M,140.46875,Approved,869436,,
REQ2500021547,Goods, 10000151,,"CONTACTOR 9A 3P 240V AC, 1NO+1NC, 50/60HZ., PART NO. LC1D09U7, MAKE: SCHNEIDER ELECTRIC",ELECTRICAL MATERIAL,15,43.5,4378M,652.5,Approved,869434,,
REQ2500022046,Goods, 10048001,,"CONTACTOR 6A, 440V AC3 TP 230VAC, MAGNETIC, PART NO. LC1K0610P7, MAKE: SCHNEIDER",ELECTRICAL MATERIAL,5,45,4378M,225,Approved,PO2500012328,,
REQ2500022046,Goods, 10049262,,"MOTOR CIRCUIT BRAEKER 2.5-4A, THERMAL / MAGNETIC, PART NO. GV2ME08, MAKE: SCHNEIDER",ELECTRICAL MATERIAL,5,103,4378M,515,Approved,PO2500012328,,
REQ2500020652,Goods, 10023883,,"V-BELT B-66, MAKE: DUNLOP, ORIGIN: KOREA",MECHANICAL MATERIAL,15,20,4378M,300,Approved,PO2500012349,,
REQ2500020652,Goods, 10002732,,"V-BELT B-62, MAKE: DUNLOP, ORIGIN: KOREA",MECHANICAL MATERIAL,15,23,4378M,345,Approved,PO2500012349,,
REQ2500020652,Goods, 10009424,,"V BELT, A-32, MAKE: DUNLOP, ORIGIN: KOREA",MECHANICAL MATERIAL,15,8,4378M,120,Approved,PO2500012349,,
REQ2500021721,Goods, 10008895,,"RUBBER COUPLING, MODEL NO. HRC 130, MAKE: FENNER, ORIGIN: EUROPE",MECHANICAL MATERIAL,3,40,4378M,120,Approved,PO2500012355,,
REQ2500022379,Goods, 10015669,,"CONTACTOR 116A 3P 1NO+1NC 100-250V AC/DC, MODEL NO. AF116-30-11-13, PART NO. 1SFL427001R1311, MAKE: ABB ",ELECTRICAL MATERIAL,3,445,4378M,1335,Approved,PO2500012503,,
REQ2500018934,Goods, 10023214,,"MINIATURE RELAY, 24VAC 14PIN, PART NO. RXM4ABIB7, MAKE: SCHNEIDER",ELECTRICAL MATERIAL,20,12.25,4378M,245,Approved,PO2500012523,,
REQ2500018934,Goods, 10041537,,"RELAY 14PIN 240VAC, WITH BASE, PART NO. RXM4AB1U7, MAKE: SCHNEIDER",ELECTRICAL MATERIAL,20,17,4378M,340,Approved,PO2500012523,,
REQ2500018934,Goods, 10000132,,"PHASE FAILURE RELAY 3 PHASE, PART NO. RM17TG20, MAKE: SCHNEIDER ELECTRIC, ORIGIN: INDIA",ELECTRICAL MATERIAL,20,93.04,4378M,1860.8,Approved,PO2500012523,,
REQ2500018934,Goods, 10020820,,"ISOLATOR 36KA, XT1N 160 MCCB 125A 3P, PART NO: 1SDA070107R1, MAKE: ABB",ELECTRICAL MATERIAL,5,253,4378M,1265,Approved,PO2500012576,,
REQ2500022503,Goods, 10051517,,"CONTROL BOARD, PART NO. E27622450, MODEL NO. PUHY-P350YHA, MAKE: MITSUBISHI",ELECTRICAL MATERIAL,1,2210,4378M,2210,Approved,PO2500012578,,
REQ2500022458,Goods, 10057420,,"CONTROL TRANSFORMER 100VA 230V/24V, PART NO. HBK00100E9, MAKE: HIMEL",ELECTRICAL MATERIAL,10,62,4378M,620,Approved,PO2500012634,,
REQ2500022572,Goods, 10054955,,"GREASE GUN, PART NO. GGCL, MAKE: CLARKE",MATERIALS LOCAL,5,32,4378M,160,Approved,PO2500012673,,
REQ2500022572,Goods, 10001670,,"PAINT SYNTHETIC ENAMEL GLOSS 1, BLACK 890, PACKING 3.6LTR / GAL, MAKE: NATIONAL, ORIGIN: UAE",CIVIL MATERIAL,5,42.64,4378M,213.2,Approved,PO2500012674,,
REQ2500022572,Goods, 10050357,,"PAINT SYNTHETIC ENAMEL GLOSS 1, OFF WHITE 801, PACKING 3.6LTR / GAL, MAKE: NATIONAL, ORIGIN: UAE",CIVIL MATERIAL,1,42.64,4378M,42.64,Approved,PO2500012674,,
REQ2500022579,Goods, 10002851,,"CANVAS COATING GEE FIX 30/36 (EQUIVALENT TO FOSTER 30/36), PACKING: 20KG / DRUM, ORIGIN: UAE",MATERIALS LOCAL,6,33.5,4378M,201,Approved,PO2500012676,,
REQ2500022568,Goods, 10014763,,"MAP GAS HAND TORCH WITH HOSE, MAKE: ECOFROST",MECHANICAL MATERIAL,5,65,4378M,325,Approved,PO2500012713,,
REQ2500021637,Goods, 10007626,,"BEARING 6308 ZZ, MAKE: NSK, ORIGIN: POLAND",MECHANICAL MATERIAL,8,30.5,4378M,244,Approved,870307,,
REQ2500021637,Goods, 10002994,,"BEARING 6002-2ZC3E, MAKE: NSK, ORIGIN: POLAND",MECHANICAL MATERIAL,6,4.4,4378M,26.4,Approved,870307,,
REQ2500021637,Goods, 10002621,,"BEARING 6202 ZZ, MAKE: NSK, ORIGIN: POLAND",MECHANICAL MATERIAL,20,4.283828068,4378M,85.67656136,Approved,870307,,
REQ2500021637,Goods, 10002609,,"BEARING 6203-2Z, MAKE: NSK, ORIGIN:POLAND",MECHANICAL MATERIAL,20,4.985570788,4378M,99.71141576,Approved,870307,,
REQ2500021637,Goods, 10002741,,"BEARING 6204-2ZC3E, MAKE:NSK, ORIGIN: POLAND / JAPAN",MECHANICAL MATERIAL,20,6.159313709,4378M,123.1862742,Approved,870307,,
REQ2500021637,Goods, 10002375,,"BEARING 6205-2Z, BRAND: NSK, ORIGIN: JAPAN",MECHANICAL MATERIAL,20,8.054820416,4378M,161.0964083,Approved,870307,,
REQ2500021637,Goods, 10002771,,"BEARING 6206.ZZCM, MAKE: NSK, ORIGIN: POLAND",MECHANICAL MATERIAL,20,10.4,4378M,208,Approved,870307,,
REQ2500021637,Goods, 10002599,,"BEARING, PART NO. 608ZZ1MC3E, BRAND: NSK, ORIGIN: INDONESIA",MECHANICAL MATERIAL,20,2.125193641,4378M,42.50387282,Approved,870307,,
REQ2500021637,Goods, 10003186,,"BEARING 6302.2ZRC3, BRAND: TIMKEN, ORIGIN: JAPAN",MECHANICAL MATERIAL,20,7,4378M,140,Approved,870307,,
REQ2500021637,Goods, 10003187,,"BEARING 6303.2ZR, MAKE: TIMKEN, ORIGIN: JAPAN",MECHANICAL MATERIAL,20,7,4378M,140,Approved,870307,,
REQ2500021637,Goods, 10002742,,"BEARING 6304 ZZ, MAKE: NTN, ORIGIN: JAPAN",MECHANICAL MATERIAL,7,11.0086111,4378M,77.0602777,Approved,870307,,
REQ2500021637,Goods, 10003188,,"BEARING 6305.2ZR, MAKE: TIMKEN, ORIGIN: JAPAN",MECHANICAL MATERIAL,20,13.4,4378M,268,Approved,870307,,
REQ2500022579,Goods, 10009424,,"V BELT, A-32, MAKE: DUNLOP, ORIGIN: KOREA",MECHANICAL MATERIAL,10,8,4378M,80,Approved,PO2500012719,,
REQ2500021685,Goods, 10002016,,"HOSE CLIP 13-20MM (1/2"" - 3/4""), PACKING: 10 PCS / PKT, BS20, SS, MAKE: CLARKE",MATERIALS LOCAL,2,2.829790728,4378M,5.659581456,Approved,871289,,
REQ2500021698,Goods, 10002301,,"WINDING WIRE 0.375MM, MAKE: RR/SHRAMIK, ORIGIN: INDIA",MECHANICAL MATERIAL,12.125,45.00004985,4378M,545.6256044,Approved,870308,,
REQ2500021698,Goods, 10002303,,"WINDING WIRE 0.670MM, MAKE: RR/SHRAMIK, ORIGIN: INDIA",MECHANICAL MATERIAL,11.67,45,4378M,525.15,Approved,870308,,
REQ2500021698,Goods, 10002306,,"WINDING WIRE 0.710MM, MAKE: RR/SHRAMIK, ORIGIN: INDIA",MECHANICAL MATERIAL,11.91,45.00004107,4378M,535.9504891,Approved,870308,,
REQ2500021698,Goods, 10002505,,"WINDING WIRE 0.530MM, MAKE: RR/SHRAMIK, ORIGIN: INDIA",MECHANICAL MATERIAL,6.535,45.00008533,4378M,294.0755576,Approved,870308,,
REQ2500021698,Goods, 10002644,,"WINDING WIRE 0.265MM, MAKE: RR SHRAMIK, ORIGIN: INDIA",MECHANICAL MATERIAL,3.045,43,4378M,130.935,Approved,870308,,
REQ2500021698,Goods, 10002648,,"WINDING WIRE 0.335MM, MAKE: RR/SHRAMIK, ORIGIN: INDIA",MECHANICAL MATERIAL,5.54,45,4378M,249.3,Approved,870308,,
REQ2500021698,Goods, 10002674,,"WINDING WIRE 0.950MM, MAKE: RR/SHRAMIK, ORIGIN: INDIA",MECHANICAL MATERIAL,13.98,45,4378M,629.1,Approved,870308,,
REQ2500021698,Goods, 10002860,,"WINDING WIRE 1.060MM, MAKE: RR/SHRAMIK, ORIGIN: INDIA",MECHANICAL MATERIAL,12.89,42.31307697,4378M,545.4155621,Approved,870308,,
REQ2500021698,Goods, 10003485,,"WINDING WIRE 0.900MM, MAKE: RR/SHRAMIK, ORIGIN: INDIA",MECHANICAL MATERIAL,13.055,44.74475878,4378M,584.1428259,Approved,870308,,
REQ2500021698,Goods, 10013604,,"WINDING WIRE 0.425MM, MAKE: RR / SHRAMIK, ORIGIN: INDIA",MECHANICAL MATERIAL,12.161,45,4378M,547.245,Approved,870308,,
REQ2500021698,Goods, 10019467,,"WINDING WIRE 0.250MM, MAKE: RR / SHRAMIK, ORIGIN: INDIA",MECHANICAL MATERIAL,6.764,45,4378M,304.38,Approved,870308,,
REQ2500022579,Goods, 10039605,,"V-BELT B-46, MAKE: DUNLOP, ORIGIN: KOREA",MECHANICAL MATERIAL,10,17,4378M,170,Approved,PO2500012719,,
REQ2500022579,Goods, 10009639,,"V BELT SPA-1300, MAKE: DUNLOP, ORIGIN: KOREA",MECHANICAL MATERIAL,10,10,4378M,100,Approved,PO2500012719,,
REQ2500022579,Goods, 10002732,,"V-BELT B-62, MAKE: DUNLOP, ORIGIN: KOREA",MECHANICAL MATERIAL,10,23,4378M,230,Approved,PO2500012719,,
REQ2500022579,Goods, 10035207,,"V-BELT B-37, MAKE: DUNLOP, ORIGIN: KOREA",MECHANICAL MATERIAL,10,14,4378M,140,Approved,PO2500012719,,
REQ2500022579,Goods, 10043741,,"V BELT B-47, MAKE: DUNLOP, ORIGIN: KOREA",MECHANICAL MATERIAL,10,17,4378M,170,Approved,PO2500012719,,
REQ2500022503,Goods, 10016530,,"OIL CHARGING PUMP, TLOP, MAKE: CPS, ORIGIN: USA",MECHANICAL EQUIPMENT,2,325,4378M,650,Approved,PO2500012750,,
REQ2500022579,Goods, 10007625,,"BEARING 6306ZZ, MAKE: NSK, ORIGIN: JAPAN",MECHANICAL MATERIAL,16,15,4378M,240,Approved,PO2500012754,,
REQ2500022579,Goods, 10007626,,"BEARING 6308 ZZ, MAKE: NSK, ORIGIN: POLAND",MECHANICAL MATERIAL,10,30.5,4378M,305,Approved,PO2500012754,,
REQ2500022579,Goods, 10023778,,"V-BELT B-83, MAKE: PIX, ORIGIN: INDIA",MECHANICAL MATERIAL,10,15.75,4378M,157.5,Approved,PO2500012756,,
REQ2500022501,Goods, 10001680,,"PAINT BRUSH 2"", WHITE BRISTLESS, MODEL NO. PB2WC, MAKE: CLARKE",CIVIL MATERIAL,20,2.4,4378M,48,Approved,871404,,
REQ2500022501,Goods, 10000057,,"DIN RAIL 35MM X 2MTR., ORIGIN: INDIA",ELECTRICAL MATERIAL,5,6.056603774,4378M,30.28301887,Approved,871404,,
REQ2500021517,Goods, 10056925,,"CLEANING & DEGREASING OF EXHAUST HOOD, EXHAUST FILTER, EXHAUST DUCT & EXHAUST FAN, 2 NOS EXHUST SYSTEMS (OFFICER MESS/JUNDY MESS), AT REGIMENT-43, AL HAIL, FUJAIRAH",SUB CONTRACT,3,1900,4378M,5700,Approved,PO2500012780,,
REQ2500021517,Goods, 10056926,,"CLEANING & DEGREASING OF EXHAUST HOOD, EXHAUST FILTER, EXHAUST DUCT & EXHAUST FAN, 2 NOS EXHUST SYSTEMS (JUNDY MESS), AT REGIMENT 73, AL HAIL, FUJAIRAH",SUB CONTRACT,3,1900,4378M,5700,Approved,PO2500012780,,
REQ2500021517,Goods, 10056927,,"CLEANING & DEGREASING OF EXHAUST HOOD, EXHAUST FILTER, EXHAUST DUCT & EXHAUST FAN, 2 NOS EXHUST SYSTEMS (MESS), AT MUSANADA, AL HAIL, FUJAIRAH",SUB CONTRACT,3,1900,4378M,5700,Approved,PO2500012780,,
REQ2500021517,Goods, 10056928,,"CLEANING & DEGREASING OF EXHAUST HOOD, EXHAUST FILTER, EXHAUST DUCT & EXHAUST FAN, 3 NOS EXHUST SYSTEMS (JUNDY MESS / OFFICER MESS / SEARGENT MESS), AT SEIH AL BANA, RAK",SUB CONTRACT,3,2850,4378M,8550,Approved,PO2500012780,,
REQ2500021517,Goods, 10056929,,"CLEANING & DEGREASING OF EXHAUST HOOD, EXHAUST FILTER, EXHAUST DUCT & EXHAUST FAN, 7 NOS EXHUST SYSTEMS (OFFICER MESS/SEARGENT MESS/AREEF MESS/JUNDY MESS), AT TRAINING CENTER, MANAMAH, AJMAN",SUB CONTRACT,3,3800,4378M,11400,Approved,PO2500012780,,
REQ2500021517,Goods, 10056930,,"CLEANING & DEGREASING OF EXHAUST HOOD, EXHAUST FILTER, EXHAUST DUCT & EXHAUST FAN, 2 NOS EXHUST SYSTEMS (COMBINE KITCHEN), AT REGIMENT 32, MANAMAH, AJMAN",SUB CONTRACT,3,950,4378M,2850,Approved,PO2500012780,,
REQ2500021517,Goods, 10056932,,"CLEANING & DEGREASING OF EXHAUST HOOD, EXHAUST FILTER, EXHAUST DUCT & EXHAUST FAN, 2 NOS EXHUST SYSTEMS (STUDENT MESS), AT THOBAN TRAINING CENTRE ",SUB CONTRACT,3,1900,4378M,5700,Approved,PO2500012780,,
REQ2500021517,Goods, 10056933,,"CLEANING & DEGREASING OF EXHAUST HOOD, EXHAUST FILTER, EXHAUST DUCT & EXHAUST FAN, 1 NOS EXHUST SYSTEMS (MESS), NEW CAMP ADVENTURE TRAINING CENTER - AL JAZEERA AL HAMRA ",SUB CONTRACT,3,950,4378M,2850,Approved,PO2500012780,,
REQ2500021517,Goods, 10056934,,"CLEANING & DEGREASING OF EXHAUST HOOD, EXHAUST FILTER, EXHAUST DUCT & EXHAUST FAN, 1 NOS EXHUST SYSTEMS (JUNDY MESS), AT AROOB ZARBA ",SUB CONTRACT,3,950,4378M,2850,Approved,PO2500012780,,
REQ2500021517,Goods, 10056935,,"CLEANING & DEGREASING OF EXHAUST HOOD, EXHAUST FILTER, EXHAUST DUCT & EXHAUST FAN, 1 NOS EXHUST SYSTEMS (MESS), AT SEAH AL BANH MUSANDA, RAK",SUB CONTRACT,3,950,4378M,2850,Approved,PO2500012780,,
REQ2500021517,Goods, 10056936,,"CLEANING & DEGREASING OF EXHAUST HOOD, EXHAUST FILTER, EXHAUST DUCT & EXHAUST FAN, 2 NOS EXHUST SYSTEMS (MESS), AT FUJAIRAH NAVY ",SUB CONTRACT,3,2850,4378M,8550,Approved,PO2500012780,,
REQ2500021517,Goods, 10056937,,"CLEANING & DEGREASING OF EXHAUST HOOD, EXHAUST FILTER, EXHAUST DUCT & EXHAUST FAN, 1 NOS EXHUST SYSTEMS (MESS), AT FUJAIRAH RADAR",SUB CONTRACT,3,950,4378M,2850,Approved,PO2500012780,,
REQ2500020318,Goods, 10056491,,"V-BELT A-71, MAKE: BLACK BELT",MECHANICAL MATERIAL,15,10.39,4378M,155.85,Approved,PO2500012813,,
REQ2500020318,Goods, 10056490,,"V-BELT A-76, MAKE: BLACK BELT",MECHANICAL MATERIAL,15,10.88,4378M,163.2,Approved,PO2500012813,,
REQ2500022901,Goods, 10034244,,"PRESSURE GAUGE 4"", DIAL 0-10BAR, 150PSI, 1/2"" MALE NPT, SS316, PART CODE: PG 4"" NPT (M)10BAR, MAKE: PROTECH, ORIGIN: INDIA",MECHANICAL MATERIAL,10,60,4378M,600,Approved,PO2500012940,,
REQ2500022803,Goods, 10006882,,"TEMPERATURE SENSOR MCS-T100-60, PRODUCT CODE: 64GX21191000 / 64CYST067000, MAKE: SKM",MECHANICAL MATERIAL,4,256.5,4378M,1026,Approved,PO2500012957,,
REQ2500022806,Goods, 10049044,,"BAG FILTER 592MM X 287MM X 360MM, 6 P, THICKNESS -:20MM, MAKE: BINAIR, ORIGIN: UAE",MECHANICAL MATERIAL,10,77,4378M,770,Approved,PO2500012958,,
REQ2500022806,Goods, 10018130,,"WIRE CRIMPING TOOL 0.5MM - 6MM, ORIGIN: CHINA",MECHANICAL MATERIAL,3,28,4378M,84,Approved,PO2500012962,,
REQ2500023085,Goods, 10026454,,"THERMOSTATIC EXPANSION VALVE, 11 TR, TGE, R22/R407C, PART NO. 067N2304, MAKE: DANFOSS ",MECHANICAL MATERIAL,2,285,4378M,570,Approved,PO2500013061,,
REQ2500022598,Goods, 10002731,,"OIL 3GS 3.78LTR GAL, BRAND: SUNISE, ORIGIN: INDIA",OIL AND FILTERS,8,43,4378M,344,Approved,875280,,
REQ2500022598,Goods, 10002287,,"SPRAY WD40, PACKING: 330ML, BRAND: WD40, ORIGIN: UK",MATERIALS LOCAL,24,11.09122141,4378M,266.1893138,Approved,875280,,
REQ2500022598,Goods, 10000487,,"BATTERY AAA, PACKING: 20 CARD / BOX, 2PCS / CARD, BRAND: ENERGIZER",BATTERY,20,4.772343117,4378M,95.44686234,Approved,875280,,
REQ2500022658,Goods, 10002731,,"OIL 3GS 3.78LTR GAL, BRAND: SUNISE, ORIGIN: INDIA",OIL AND FILTERS,8,43,4378M,344,Approved,875280,,
REQ2500022658,Goods, 10002287,,"SPRAY WD40, PACKING: 330ML, BRAND: WD40, ORIGIN: UK",MATERIALS LOCAL,24,11.09122141,4378M,266.1893138,Approved,875280,,
REQ2500022658,Goods, 10000487,,"BATTERY AAA, PACKING: 20 CARD / BOX, 2PCS / CARD, BRAND: ENERGIZER",BATTERY,20,4.772343117,4378M,95.44686234,Approved,875280,,
REQ2500023095,Goods, 10057703,,"PACKAGE AIR CONDITION UNIT 8TON, MODEL NO. APMR52010AM, MAKE: SKM, ORIGIN: UAE",AC,1,20409,4378M,20409,Approved,PO2500013176,,
REQ2500023095,Goods, 10057704,,"PACKAGE AIR CONDITION UNIT 10 TON, MODEL NO. APMR52010AM, MAKE: SKM, ORIGIN: UAE",AC,5,20409,4378M,102045,Approved,PO2500013176,,
REQ2500023095,Goods, 10057705,,"PACKAGE AIR CONDITION UNIT 15 TON, MODEL NO. APMR52015AM, MAKE: SKM, ORIGIN: UAE",AC,1,27361.2,4378M,27361.2,Approved,PO2500013176,,
REQ2500023095,Goods, 10057709,,"PACKAGE AIR CONDITION UNIT 25 TON, MODEL NO. APMR52025AM, MAKE: SKM, ORIGIN: UAE",AC,7,36728.14,4378M,257096.98,Approved,PO2500013176,,
REQ2500023095,Goods, 10057165,,"PACKAGE AIR CONDITION UNIT 20TON, MODEL NO. APMR52020AM, AMBIENT TEMPERATURER: 115 °F, MAKE: SKM ",MECHANICAL MATERIAL,1,31002.5,4378M,31002.5,Approved,PO2500013176,,
REQ2500022991,Goods, 10002271,,"GAS R22, PACKING: 13.6KGS (30LBS), DISPOSABLE CYLINDER, BRAND: FLORON, ORIGIN: INDIA",GAS,15,258.0447391,4378M,3870.671087,Approved,875340,,
REQ2500022991,Goods, 10002830,,"GAS ADAPTOR R410A, ORIGIN: THAILAND",MECHANICAL MATERIAL,15,4.1,4378M,61.5,Approved,875340,,
REQ2500023095,Goods, 10057823,,"PACKAGE AIR CONDITION UNIT 12 TON, MODEL NO. APMR52012AM, MAKE: SKM, ORIGIN: UAE",AC,2,22482,4378M,44964,Approved,PO2500013176,,
REQ2500023084,Goods, 10057725,,"RECTIFICATION OF TRANE CHILLER RTAF 250 (NO.3) SYSTEM ‘A’ AT GISCO SITE FUJAIRAH AIRPORT, SCOPE OF WORK AS PER ANNEXURE",SUB CONTRACT MECHANICAL,1,6610,4378M,6610,Approved,PO2500013190,,
REQ2500023084,Goods, 10057726,,"RECTIFICATION OF TRANE CHILLER RTAF 250 (NO.1) SYSTEM ‘A & B’ AT GISCO SITE FUJAIRAH AIRPORT, SCOPE OF WORK AS PER ANNEXURE",SUB CONTRACT MECHANICAL,1,18320,4378M,18320,Approved,PO2500013190,,
REQ2500023084,Goods, 10057727,,"RECTIFICATION OF TRANE CHILLER RTAF 250 (NO.2) SYSTEM ‘B’ AT GISCO SITE FUJAIRAH AIRPORT, SCOPE OF WORK AS PER ANNEXURE",SUB CONTRACT MECHANICAL,1,8010,4378M,8010,Approved,PO2500013190,,
REQ2500022579,Goods, 10021250,,"THERMOMETER 6"" X 2"" AL 1/2"" NPTBTM 0-115C/F, TAG SERIES, MODEL NO. TAG132AG6, MAKE: WINTERS, ORIGIN: USA",MECHANICAL MATERIAL,10,146.28,4378M,1462.8,Approved,PO2500013239,,
REQ2500022992,Goods, 10045639,,"GAS R32, CAPACITY: 10KG, MAKE: FLORON, ORIGIN: INDIA",GAS,10,285,4378M,2850,Approved,PO2500013247,,
REQ2500023476,Goods, 10002851,,"CANVAS COATING GEE FIX 30/36 (EQUIVALENT TO FOSTER 30/36), PACKING: 20KG / DRUM, ORIGIN: UAE",MATERIALS LOCAL,6,33.5,4378M,201,Approved,PO2500013284,,
REQ2500023332,Goods, 10056335,,"HIGH PRESSURE SWITCH, WIRE TYPE 300-425PSI, ORIGIN: CHINA",ELECTRICAL MATERIAL,10,15.5,4378M,155,Approved,PO2500013304,,
REQ2500023332,Goods, 10049220,,"HIGH PRESSURE SWITCH / CARTRIDGE PRESSURE SWITCH, ACB, 44.8 BAR, 34.5 BAR PRODUCT CODE: 061F6469, MAKE: DANFOSS",MECHANICAL MATERIAL,5,76,4378M,380,Approved,PO2500013304,,
REQ2500023332,Goods, 10056193,,"LOW PRESSURE SWITCH(LP), FOR R410A, LPS-R410A, ORIGIN: UAE",ELECTRICAL MATERIAL,10,21.5,4378M,215,Approved,PO2500013304,,
REQ2500023332,Goods, 10034108,,"HIGH PRESSURE SWITCH, HPS R-410A M/R CI: 480 CO: 610, PART NO. 58GA12104780, MAKE: SKM",MECHANICAL MATERIAL,5,66.5,4378M,332.5,Approved,PO2500013305,,
REQ2500023332,Goods, 10014714,,"LOW PRESSURE SWITCH - LPS R134A A/R CI: 29 C0: 14.5, PART NO. 58GA41200140, MAKE: SKM",MECHANICAL MATERIAL,5,66.5,4378M,332.5,Approved,PO2500013305,,
REQ2500023332,Goods, 10034109,,"LOW PRESSURE SWITCH, LPS R-410A -43 -58, PART NO. 58GX70010100, MAKE: SKM",MECHANICAL MATERIAL,5,66.5,4378M,332.5,Approved,PO2500013305,,
REQ2500023332,Goods, 10002825,,"LOW PRESSURE SWITCH, RANGE: 0.20 - 7.5 BAR, AUTO RESET, PART NO. KP1, MAKE: DANFOSS",MECHANICAL MATERIAL,10,115,4378M,1150,Approved,PO2500013306,,
REQ2500023332,Goods, 10033281,,"LOW PRESSURE SWITCH 2-14BARG, SWITCH TYPE: KP 36, RANGE: 2-14BAR, MAKE: DANFOSS, ORIGIN: DENMARK",MECHANICAL MATERIAL,5,140,4378M,700,Approved,PO2500013307,,
REQ2500023111,Goods, 10002599,,"BEARING, PART NO. 608ZZ1MC3E, BRAND: NSK, ORIGIN: INDONESIA",MECHANICAL MATERIAL,50,2.125193641,4378M,106.2596821,Approved,876330,,
REQ2500023111,Goods, 10014064,,"CHISEL 12"" POINTED WITH GUARD, CPG12C, MAKE: CLARKE",MATERIALS LOCAL,2,9.9,4378M,19.8,Approved,876330,,
REQ2500023115,Goods, 10002638,,"WINDING SLEEVE 5MM, ORIGIN: INDIA",MECHANICAL MATERIAL,50,1.5,4378M,75,Approved,875368,,
REQ2500023115,Goods, 10002519,,"WINDING SLEEVE 4MM, ORIGIN: INDIA",MECHANICAL MATERIAL,50,1,4378M,50,Approved,875368,,
REQ2500023121,Goods, 10001724,,"GLOVES LEATHER, HEAVY DUTY, FT-PROTECTIVE LINE, PACKING: 12 PAIR PER POLYBAG / 120 PAIR PER CTN, ARTICLE NO. HG-1101SP, MAKE: AVES",MATERIALS LOCAL,1,2.75,4378M,2.75,Approved,875366,,
REQ2500023256,Goods, 10001670,,"PAINT SYNTHETIC ENAMEL GLOSS 1, BLACK 890, PACKING 3.6LTR / GAL, MAKE: NATIONAL, ORIGIN: UAE",CIVIL MATERIAL,5,42.64,4378M,213.2,Approved,PO2500013318,,
REQ2500023129,Goods, 10001801,,"WELDING GLOVES 16"", LEATHER GREEN, ""CE"", ART: RG-02, PART NO. 81GLOV-G, MAKE: RIGMAN",MATERIALS LOCAL,1,9.039225019,4378M,9.039225019,Approved,876328,,
REQ2500023130,Goods, 10002738,,"FREON GAS R410A X 25LBS / 11.3KG DISPOSIBLE CYLINDER, MAKE: FLORON",GAS,15,290.020989,4378M,4350.314835,Approved,876326,,
REQ2500023130,Goods, 10002586,,"FAN BLADE, FOR PACKAGE UNIT, PART NO. LA01EW040, MAKE: CARRIER",MECHANICAL MATERIAL,1,360,4378M,360,Approved,876326,,
REQ2500023583,Goods, 10006415,,"CHILLED WATER ANALYSIS AND REPORT, LOCATION AS PER ANNEXURE ",CHEMICAL AND LAB TEST,5,125,4378M,625,Approved,PO2500013326,,
REQ2500023255,Goods, 10002298,,"SOCKET 1 1/8"" COPPER, MAKE: MUELLER, ORIIGN: USA",MECHANICAL MATERIAL,7,4.918093557,4378M,34.4266549,Approved,875385,,
REQ2500023255,Goods, 10002257,,"POWER CONTACT CLEANER, PACKING: 500ML/CAN, MAKE: CRC, ORIGIN: BELGIUM",MATERIALS LOCAL,15,25.93983148,4378M,389.0974722,Approved,875385,,
REQ2500023255,Goods, 10001646,,"GREASE, MULTI-PURPOSE, MODEL NO.3, PACKING: 1 KG/PKT, MAKE: LUBRIMATE",OIL AND FILTERS,15,11.79946524,4378M,176.9919786,Approved,875385,,
REQ2500023255,Goods, 10000061,,"INSULATION TAPE 19MM X 10Y, RED, MAKE: 3M, ORIGIN: UK",ELECTRICAL MATERIAL,15,0.850517598,4378M,12.75776397,Approved,875385,,
REQ2500023255,Goods, 10000062,,"INSULATION TAPE 19MM X 10Y, YELLOW, MAKE: 3M, ORIGIN: UK",ELECTRICAL MATERIAL,15,0.850675292,4378M,12.76012938,Approved,875385,,
REQ2500023255,Goods, 10000064,,"INSULATION TAPE 19MM X 10Y, BLACK, MAKE: 3M, ORIGIN: UK",ELECTRICAL MATERIAL,15,0.850574933,4378M,12.758624,Approved,875385,,
REQ2500023255,Goods, 10000195,,"INSULATION TAPE 19MM X 10Y, Y/G, MAKE: 3M, ORIGIN: UK",ELECTRICAL MATERIAL,5,0.98,4378M,4.9,Approved,875385,,
REQ2500023255,Goods, 10002540,,"CAPACITOR 55+5 MFD, ROUND METAL BODY, ORIGIN: INDIA",ELECTRICAL MATERIAL,50,9.963663761,4378M,498.1831881,Approved,875385,,
REQ2500023231,Goods, 10055418,,"V-BELT, B-58, MAKE: BLACK BELT, ORIGIN: KOREA",MECHANICAL MATERIAL,10,12.6,4378M,126,Approved,PO2500013327,,
REQ2500023653,Goods, 10008849,,"COMPRESSOR SCROLL 3PH 380 - 420V 50Hz, R407C / R22 / R134A, MODEL NO. ZR125KCE-TFD-522, MAKE: COPELAND, ORIGIN: THAILAND",COMPRESSORS AND MOTORS,1,2220,4378M,2220,Approved,PO2500013461,,
REQ2500023653,Goods, 10009518,,"COMPRESSOR SCROLL 3 PH, MODEL NO. ZR94KC-TFD-522 (R22), MAKE: COPELAND ",COMPRESSORS AND MOTORS,1,2105,4378M,2105,Approved,PO2500013461,,
REQ2500023653,Goods, 10010436,,"COMPRESSOR SCROLL 3PH 380-420V/460V 50Hz, R22, MODEL NO. ZR125KC-TFD-522-T, MAKE: COPELAND",COMPRESSORS AND MOTORS,1,2160,4378M,2160,Approved,PO2500013461,,
REQ2500023653,Goods, 10010233,,"COMPRESSOR SCROLL 3PH R22 175LRA, BRAZING TYPE, MODEL NO. SM185S4CC, MAKE: DANFOSS",COMPRESSORS AND MOTORS,1,4800,4378M,4800,Approved,PO2500013463,,
REQ2500023690,Goods, 10045633,,"INDICATOR 24V LED, BLUE, PART NO. XB5AVB6, MAKE: SCHNEIDER",ELECTRICAL MATERIAL,10,20.47,4378M,204.7,Approved,PO2500013505,,
REQ2500023690,Goods, 10057471,,"PANEL INDICATOR WHITE 220VAC/DC, COLOUR: GREEN, PART NO. AD22-22DS, MAKE: GIFFEX",ELECTRICAL MATERIAL,10,4,4378M,40,Approved,PO2500013508,,
REQ2500023690,Goods, 10057477,,"PANEL INDICATOR WHITE 220VAC/DC, COLOUR: RED, PART NO. AD22-22DS, MAKE: GIFFEX",ELECTRICAL MATERIAL,10,4,4378M,40,Approved,PO2500013508,,
REQ2500023690,Goods, 10057478,,"PANEL INDICATOR WHITE 220VAC/DC, COLOUR: BLUE, PART NO. AD22-22DS, MAKE: GIFFEX",ELECTRICAL MATERIAL,10,4,4378M,40,Approved,PO2500013508,,
REQ2500023856,Goods, 10001670,,"PAINT SYNTHETIC ENAMEL GLOSS 1, BLACK 890, PACKING 3.6LTR / GAL, MAKE: NATIONAL, ORIGIN: UAE",CIVIL MATERIAL,10,42.64,4378M,426.4,Approved,PO2500013511,,
REQ2500023856,Goods, 10013120,,"ALUMINIUM PAINT 400 DC DHS, 3.6LTR / GAL, MAKE: NATIONAL, ORIGIN: UAE",CIVIL MATERIAL,10,10,4378M,100,Approved,PO2500013511,,
REQ2500023856,Goods, 10002851,,"CANVAS COATING GEE FIX 30/36 (EQUIVALENT TO FOSTER 30/36), PACKING: 20KG / DRUM, ORIGIN: UAE",MATERIALS LOCAL,10,33.5,4378M,335,Approved,PO2500013513,,
REQ2500023256,Goods, 10044196,,"V BELT B-67, MAKE: DUNLOP, ORIGIN: KOREA",MECHANICAL MATERIAL,10,24,4378M,240,Approved,PO2500013531,,
REQ2500023256,Goods, 10043743,,"V-BELT B-50, MAKE: DUNLOP, ORIGIN: KOREA",MECHANICAL MATERIAL,10,19,4378M,190,Approved,PO2500013531,,
REQ2500024282,Goods, 10058450,,"MILNEX PAPER 5 MIL (0.13MM) WIDTH 1000MM, ORIGIN: UAE / INDIA",MECHANICAL MATERIAL,7,6.5,4378M,45.5,Approved,PO2500013548,,
REQ2500024282,Goods, 10058453,,"BLUE PAPER 0.24MM, ORIGIN: INDIA / UAE",MECHANICAL MATERIAL,15,15,4378M,225,Approved,PO2500013548,,
REQ2500024282,Goods, 10058455,,"BINDING LACE 2MM, RTA-4, (500 GM), ORIGIN: UAE / INDIA",MECHANICAL MATERIAL,1,1,4378M,1,Approved,PO2500013548,,
REQ2500023417,Goods, 10003179,,"BEARING 6202-1/22RS, MAKE: RSDAK",MECHANICAL MATERIAL,20,4.476190476,4378M,89.52380952,Approved,875418,,
REQ2500023256,Goods, 10004929,,"PVC SOCKET SIZE: 1"" MAKE : ATLAS",MATERIALS LOCAL,10,1.1,4378M,11,Approved,PO2500013562,,
REQ2500023555,Goods, 10005055,,"BOX FILE, NARROW FS, MODEL 1105, (1 X 48), MAKE: LEITZ, ORIGIN: POLAND",STAIONERY,15,8.095702159,4378M,121.4355324,Approved,877334,,
REQ2500023555,Goods, 10005035,,"GLUE STICK, 21GRM, MAKE: UHU",STAIONERY,3,3.1970166,4378M,9.5910498,Approved,877334,,
REQ2500023555,Goods, 10005056,,"PEN 1.0MM, BLUE, TRI-MATE, MAKE: CELLO, ORIGIN: INDIA",STAIONERY,10,0.34,4378M,3.4,Approved,877334,,
REQ2500023256,Goods, 10003988,,"PVC ELBOW 90DEG, SIZE: 1"", MAKE: KALISTER, ORIGIN: UAE",CIVIL MATERIAL,100,1.25,4378M,125,Approved,PO2500013562,,
REQ2500023958,Goods, 10021653,,"FLEXIBLE CABLE 5C X 1.5SQMM, 100 YARD/ROLL, WHITE, MAKE: MESC, ORIGIN: UAE",CABLES,2,340,4378M,680,Approved,PO2500013625,,
REQ2500023125,Goods, 10008834,,"MINI CONTACTOR 6A 3P, PRODUCT CODE. LC1K0610F7, MAKE: SCHNEIDER",ELECTRICAL MATERIAL,5,48,4378M,240,Approved,PO2500013628,,
REQ2500024133,Goods, 10036379,,"EXPANSION JOINT UNION 1 1/4” NPT, GI PN16, FLEXIBLE CONNECTOR, RUBBER, ORIGIN: CANADA",MECHANICAL MATERIAL,5,75,4378M,375,Approved,PO2500013743,,
REQ2500024282,Goods, 10058449,,"MILNEX PAPER 7 MIL (0.19MM) WIDTH 1000MM, ORIGIN: UAE / INDIA",MECHANICAL MATERIAL,7,5.95,4378M,41.65,Approved,PO2500013793,,
REQ2500024282,Goods, 10058457,,"WINDING SLEEVE 1MM, FIBER, ORIGIN: INDIA",MECHANICAL MATERIAL,100,0.47,4378M,47,Approved,PO2500013793,,
REQ2500024282,Goods, 10058458,,"WINDING SLEEVE 2MM, FIBER, ORIGIN: INDIA",MECHANICAL MATERIAL,100,0.55,4378M,55,Approved,PO2500013793,,
REQ2500024282,Goods, 10058459,,"WINDING SLEEVE 3MM, FIBER, ORIGIN: INDIA",MECHANICAL MATERIAL,100,0.76,4378M,76,Approved,PO2500013793,,
REQ2500024282,Goods, 10058460,,"COTTON TAPE 1” X 40MTR, ORIGIN: UAE",MATERIALS LOCAL,2,2,4378M,4,Approved,PO2500013793,,
REQ2500024282,Goods, 10058452,,"BLUE PAPER 0.20MM, ORIGIN: INDIA / UAE",MECHANICAL MATERIAL,15,8,4378M,120,Approved,PO2500013794,,
REQ2500023758,Goods, 10000106,,"DP SWITCH 20A WITH NEON, MODEL: VX1060, MAKE: VOLEX, ORIGIN: UK",ELECTRICAL MATERIAL,20,9.9,4378M,198,Approved,877366,,
REQ2500023855,Goods, 10002771,,"BEARING 6206.ZZCM, MAKE: NSK, ORIGIN: POLAND",MECHANICAL MATERIAL,20,10.4,4378M,208,Approved,877388,,
REQ2500023855,Goods, 10002810,,"COIL CLEANER 1GAL, COLOUR: PINK, MAKE: AC-BRITE, ORIGIN: UAE",MECHANICAL MATERIAL,10,16,4378M,160,Approved,877388,,
REQ2500023855,Goods, 10015677,,"CABLE 1C X 1.5SQMM, Y/G, MAKE: MESC",CABLES,3,59.40909091,4378M,178.2272727,Approved,877388,,
REQ2500023855,Goods, 10002373,,"CANVAS CLOTH 6 OZ, 36"" X 20 YARD / ROLL, MAKE: TAKA, ORIGIN: PAKISTAN",CIVIL MATERIAL,15,10.43460932,4378M,156.5191398,Approved,877388,,
REQ2500023855,Goods, 10001852,,"PAINT RADIATOR / ROLLER REFILLS 4"" (REFILLS ONLY), MAKE: CLARKE",CIVIL MATERIAL,1,0.65,4378M,0.65,Approved,877388,,
REQ2500024282,Goods, 10058454,,"ELMO LUFT 1A-FD -4KGS ELANTAS, MAKE: DRBECK",MECHANICAL MATERIAL,2,4,4378M,8,Approved,PO2500013794,,
REQ2500024282,Goods, 10058456,,"WIRE GAUGE ROUND SS, ORIGIN: UAE / INDIA",MECHANICAL MATERIAL,2,60,4378M,120,Approved,PO2500013794,,
REQ2500024224,Goods, 10015891,,"AUXILIARY CONTACT BLOCK, 1NO - 1NC, TESYS D, PART NO. LADN11, MAKE: SCHNEIDER",ELECTRICAL MATERIAL,15,18.2,4378M,273,Approved,PO2500013812,,
REQ2500023956,Goods, 10000104,,"CONTACTOR 9A 1NO+1NC 24V COIL, 50/60HZ, MODEL NO. LC1D09B7, MAKE: SCHNEIDER ELECTRIC",ELECTRICAL MATERIAL,20,42.5,4378M,850,Approved,877399,,
REQ2500023956,Goods, 10000151,,"CONTACTOR 9A 3P 240V AC, 1NO+1NC, 50/60HZ., PART NO. LC1D09U7, MAKE: SCHNEIDER ELECTRIC",ELECTRICAL MATERIAL,20,43.5,4378M,870,Approved,877399,,
REQ2500023956,Goods, 10000238,,"CONTACTOR 18A 3P 1NO+1NC 24V AC COIL, PART NO. LC1D18B7, MAKE: SCHNEIDER ELECTRIC, ORIGIN: FRANCE",ELECTRICAL MATERIAL,20,59.4912892,4378M,1189.825784,Approved,877399,,
REQ2500023956,Goods, 10002393,,"CONTACTOR 7.5KW 400V 18A (AC3) 32A (AC1) 3P 1NO+1NC 240V AC COIL, 50/60HZ., PART NO. LC1D18U7, MAKE: SCHNEIDER ELECTRIC, ORIGIN: FRANCE",ELECTRICAL MATERIAL,20,62,4378M,1240,Approved,877399,,
REQ2500024224,Goods, 10001669,,"PAINT SYNTHETIC ENAMEL GLOSS 1, 296 DARK GRAY, PACKING 3.6LTR / GAL, MAKE: NATIONAL, ORIGIN: UAE",CIVIL MATERIAL,5,42.64,4378M,213.2,Approved,PO2500013813,,
REQ2500023974,Goods, 10000068,,"THERMAL OVERLOAD RELAY 9-13A TESYSD CL10A, PART NO. LRD16, MAKE: SCHNEIDER ELECTRIC, ORIGIN: FRANCE",ELECTRICAL MATERIAL,10,51,4378M,510,Approved,877410,,
REQ2500024224,Goods, 10001670,,"PAINT SYNTHETIC ENAMEL GLOSS 1, BLACK 890, PACKING 3.6LTR / GAL, MAKE: NATIONAL, ORIGIN: UAE",CIVIL MATERIAL,5,42.64,4378M,213.2,Approved,PO2500013813,,
REQ2500023256,Goods, 10027232,,"CABLE LUG 4MM, FEMALE, GX, ORIGIN: CHINA",ELECTRICAL MATERIAL,5,13,4378M,65,Approved,PO2500013820,,
REQ2500023256,Goods, 10030534,,"V BELT B-59, MAKE: BLACK BELT, ORIGIN: KOREA",MECHANICAL MATERIAL,10,12.4,4378M,124,Approved,PO2500013821,,
REQ2500023256,Goods, 10010381,,"V BELT SPZ-1850, MAKE: OPTI, ORIGIN: EUROPE",MECHANICAL MATERIAL,10,3,4378M,30,Approved,PO2500013821,,
REQ2500024103,Goods, 10042554,,"FREON GAS R407C, PACKING: 11.3 KGS / CYL, MAKE: FLORON",GAS,10,290,4378M,2900,Approved,877425,,
REQ2500023256,Goods, 10004605,,"V-BELT SPA-1000, MAKE: PIX, ORIGIN: INDIA",MECHANICAL MATERIAL,10,1,4378M,10,Approved,PO2500013821,,
REQ2500024177,Goods, 10003025,,"SPLIT WALL 18000BTU F R410 HI-EER, ROTARY, MODEL NO. 123RASGA18-FD, MAKE: GENERAL, ORIGIN: THAILAND",AC,1,2335,4378M,2335,Approved,PO2500013833,,
REQ2500024495,Goods, 10002851,,"CANVAS COATING GEE FIX 30/36 (EQUIVALENT TO FOSTER 30/36), PACKING: 20KG / DRUM, ORIGIN: UAE",MATERIALS LOCAL,20,33.5,4378M,670,Approved,PO2500013879,,
REQ2500024495,Goods, 10001662,,"PAINT ENAMEL GLOSS 1 ROYAL BLUE 440, PACKING: 3.6LTR. / GALLON, BRAND: NATIONAL, ORIGIN: UAE",CIVIL MATERIAL,5,42.64,4378M,213.2,Approved,PO2500013891,,
REQ2500024495,Goods, 10050357,,"PAINT SYNTHETIC ENAMEL GLOSS 1, OFF WHITE 801, PACKING 3.6LTR / GAL, MAKE: NATIONAL, ORIGIN: UAE",CIVIL MATERIAL,5,42.64,4378M,213.2,Approved,PO2500013891,,
REQ2500024429,Goods, 10058506,,"BAG FILTER 590 (W) X 890 (H) X 390MM (D), 6P, ULTRA PAC, EFF-F7/85%, FRAME: GI/20MM, EXCELAIR, ORIGIN: UAE",OIL AND FILTERS,30,45.6,4378M,1368,Approved,PO2500013900,,
REQ2500024429,Goods, 10058507,,"BAG FILTER 287 (W) X 592 (H) X 300MM (D), 6P, ULTRA PAC, EFF-F7/85%, FRAME: GI/20MM, EXCELAIR, ORIGIN: UAE",OIL AND FILTERS,30,24.7,4378M,741,Approved,PO2500013900,,
REQ2500024429,Goods, 10058508,,"BAG FILTER 592 (W) X 592 (H) X 300MM (D), 6P, ULTRA PAC, EFF-F7/85%, FRAME: GI/20MM, EXCELAIR, ORIGIN: UAE",OIL AND FILTERS,50,23.75,4378M,1187.5,Approved,PO2500013900,,
REQ2500024429,Goods, 10058510,,"BAG FILTER 490 (W) X 592 (H) X 390MM (D), 6P, ULTRA PAC, EFF-F7/85%, FRAME: GI/20MM, EXCELAIR, ORIGIN: UAE",OIL AND FILTERS,30,27.55,4378M,826.5,Approved,PO2500013900,,
REQ2500024264,Goods, 10008829,,"CONTACTOR 35A 2P 220V, Model No. MC35P2, MAKE: DACO, ORIGIN: KOREA",ELECTRICAL MATERIAL,50,40,4378M,2000,Approved,877442,,
REQ2500024264,Goods, 10013653,,"CABLE TIE 250 X 3.6MM NYLON, BLACK, MAKE: RELITE",ELECTRICAL MATERIAL,10,3,4378M,30,Approved,877442,,
REQ2500024264,Goods, 10002438,,"COPPER ELBOW 3/4"" X 90 DEG, MAKE: MUELLER, ORIGIN: USA",MECHANICAL MATERIAL,10,8.838758805,4378M,88.38758805,Approved,877442,,
REQ2500024429,Goods, 10058511,,"BAG FILTER 590 (W) X 290 (H) X 360MM (D), 6P, ULTRA PAC, EFF-F7/85%, FRAME: GI/20MM, EXCELAIR, ORIGIN: UAE",MECHANICAL MATERIAL,20,22.8,4378M,456,Approved,PO2500013900,,
REQ2500024429,Goods, 10013723,,"ALUMINIUM FILTER 600MM (W) X 1095MM (H) X 20MM (T), GRADE: G2, FRAME: GI, MODEL NO. CAFG12, MAKE: EXCELAIR, ORIGIN: UAE",MECHANICAL MATERIAL,20,81.7,4378M,1634,Approved,PO2500013900,,
REQ2500024342,Goods, 10019117,,"COMPRESSOR ROTARY, 2TR, 220V 50HZ R410A, MODEL NO. PA291X3CS / PA290G2CS-4MU1, MAKE: GMCC",COMPRESSORS AND MOTORS,1,420,4378M,420,Approved,PO2500013902,,
REQ2500024342,Goods, 10002751,,"BEARING 6201 2ZCM, BRAND: NSK, ORIGIN: POLAND",MECHANICAL MATERIAL,20,4.4,4378M,88,Approved,PO2500013903,,
REQ2500023977,Goods, 10002680,,"V-BELT A-37, BRAND: DUNLOP, ORIGIN: KOREA",MECHANICAL MATERIAL,10,10,4378M,100,Approved,PO2500013925,,
REQ2500023977,Goods, 10010422,,"V BELT B-71, MAKE: DUNLOP, ORIGIN: KOREA",MECHANICAL MATERIAL,10,26,4378M,260,Approved,PO2500013925,,
REQ2500023977,Goods, 10017114,,"V BELT B-73, MAKE: PIX, ORIGIN: INDIA",MECHANICAL MATERIAL,10,13.75,4378M,137.5,Approved,PO2500013927,,
REQ2500024456,Goods, 10058502,,"V BELT A-65, MAKE: BLACK BELT, ORIGIN: KOREA",MECHANICAL MATERIAL,10,9.65,4378M,96.5,Approved,PO2500013946,,
REQ2500024495,Goods, 10002680,,"V-BELT A-37, BRAND: DUNLOP, ORIGIN: KOREA",MECHANICAL MATERIAL,10,10,4378M,100,Approved,PO2500013948,,
REQ2500024495,Goods, 10009434,,"V BELT B-48, MAKE: DUNLOP, ORIGIN: KOREA",MECHANICAL MATERIAL,10,18,4378M,180,Approved,PO2500013948,,
REQ2500024104,Goods, 10010422,,"V BELT B-71, MAKE: DUNLOP, ORIGIN: KOREA",MECHANICAL MATERIAL,20,26,4378M,520,Approved,PO2500013952,,
REQ2500024364,Goods, 10016942,,"RUBBER COUPLING, SW-225, MAKE: RATHI, ORIGIN: INDIA",MECHANICAL MATERIAL,5,75,4378M,375,Approved,PO2500013965,,
REQ2500024165,Goods, 10001627,,"THINNER, PACKING: 5 LTR./CAN, MAKE: JOTUN, ORIGIN:UAE",CIVIL MATERIAL,4,60,4378M,240,Approved,PO2500013975,,
REQ2500024224,Goods, 10002116,,"SPRAY PAINT 400ML, DARK BLUE, PACKING: 12PC / CTN, MAKE: ASMACO",MATERIALS LOCAL,20,3.086666667,4378M,61.73333334,Approved,PO2500013977,,
REQ2500024045,Goods, 10002116,,"SPRAY PAINT 400ML, DARK BLUE, PACKING: 12PC / CTN, MAKE: ASMACO",MATERIALS LOCAL,12,3.086666667,4378M,37.04,Approved,PO2500013980,,
REQ2500024600,Goods, 10043148,,"THERMOSTAT, BUTTON TYPE, MODEL NO. PAR 21MAA, MAKE: MITSUBISHI",ELECTRICAL MATERIAL,5,658.5,4378M,3292.5,Approved,PO2500014010,,
REQ2500024679,Goods, 10057397,,"ALUMINIUM FILTER 490 X 490 X 20MM (W X H X T), GRADE: G2, FRAME: GI, MODEL: CAFG12, MAKE: EXCELAIR",MECHANICAL MATERIAL,20,43,4378M,860,Approved,PO2500014024,,
REQ2500024679,Goods, 10057396,,"ALUMINIUM FILTER 590 X 490 X 20MM (W X H X T), GRADE: G2, FRAME: GI, MODEL: CAFG12, MAKE: EXCELAIR",MECHANICAL MATERIAL,10,46,4378M,460,Approved,PO2500014024,,
REQ2500024648,Goods, 10016393,,"BOLT 8MM X 1 1/2, WITH NUT AND WASHER, ORIGIN: CHINA",MATERIALS LOCAL,200,0.21,4378M,42,Approved,PO2500014069,,
REQ2500023101,Goods, 10002787,,"COPPER CAPILLARY TUBE, 1/8"" X 50FT/ROL,MAKE: MUELLER, ORIGIN: USA",MECHANICAL MATERIAL,1,70,4378M,70,Approved,PO2500014109,,
REQ2500023101,Goods, 10049452,,"PTC SENSOR (POSITIVE TEMPERATURE COEFFICIENT SENSOR) 120°C WITH CONNECTING CABLE, PART NO. 347032-03, MAKE: BITZER",MECHANICAL MATERIAL,5,470,4378M,2350,Approved,PO2500014109,,
REQ2500024488,Goods, 10001737,,"FOAM SPRAY 500ML, PACKING: 12PC / CTN, MAKE: ASMACO",CIVIL MATERIAL,12,6.765941952,4378M,81.19130342,Approved,882326,,
REQ2500024488,Goods, 10001679,,"PAINT BRUSH 1"", BLACK, MAKE: CLARKE",MATERIALS LOCAL,20,1.260692482,4378M,25.21384964,Approved,882326,,
REQ2500023101,Goods, 10051113,,"TIME DELAY FUSE 30A 600V, MODEL: ATDR30, MAKE: YORK",MECHANICAL MATERIAL,5,50,4378M,250,Approved,PO2500014112,,
REQ2500023101,Goods, 10018627,,"FUSE CARTRIDGE, 2A 400V, TYPE GG, PRODUCT CODE: 65FL14000200, MAKE: SKM",ELECTRICAL MATERIAL,10,12,4378M,120,Approved,PO2500014113,,
REQ2500024858,Goods, 10004455,,"COPPER PIPE 1-1/8"" ,STRAIGHT, MAKE: MAKSAL, ORIGIN: SA",MATERIALS LOCAL,1,370,4378M,370,Approved,PO2500014161,,
REQ2500024858,Goods, 10002298,,"SOCKET 1 1/8"" COPPER, MAKE: MUELLER, ORIIGN: USA",MECHANICAL MATERIAL,10,4.918093557,4378M,49.18093557,Approved,PO2500014161,,
REQ2500024858,Goods, 10025707,,"ELBOW 1 1/8"" X 90DEG, COPPER, MAKE: MAKSAL, ORIGIN: RSA",MECHANICAL MATERIAL,10,1,4378M,10,Approved,PO2500014161,,
REQ2500024858,Goods, 10025710,,"ELBOW 1 1/8"" X 45DEG, COPPER, MAKE: MAKSAL, ORIGIN: RSA",MECHANICAL MATERIAL,10,1,4378M,10,Approved,PO2500014161,,
REQ2500024634,Goods, 10001852,,"PAINT RADIATOR / ROLLER REFILLS 4"" (REFILLS ONLY), MAKE: CLARKE",CIVIL MATERIAL,30,0.65,4378M,19.5,Approved,883331,,
REQ2500024638,Goods, 10000068,,"THERMAL OVERLOAD RELAY 9-13A TESYSD CL10A, PART NO. LRD16, MAKE: SCHNEIDER ELECTRIC, ORIGIN: FRANCE",ELECTRICAL MATERIAL,8,51,4378M,408,Approved,882351,,
REQ2500024858,Goods, 10007366,,"COPPER REDUCING SOCKET 7/8"" X 3/4"", ORIGIN: CHINA",MECHANICAL MATERIAL,10,3.25,4378M,32.5,Approved,PO2500014161,,
REQ2500024923,Goods, 10010200,,"REDUCER COUPLING 1-3/8"" X 1-1/8"", COPPER, MAKE: MUELLER, ORIGIN: U.S.A",MECHANICAL MATERIAL,10,5,4378M,50,Approved,PO2500014161,,
REQ2500024933,Goods, 10041607,,"CAPACITOR, 7.5UF 400VAC, ROUND TYPE, MAKE: SEIKA, ORIGIN: TAIWAN",ELECTRICAL MATERIAL,10,10.62,4378M,106.2,Approved,PO2500014164,,
REQ2500024933,Goods, 10058678,,"CAPACITOR 40+5MFD, MAKE: SEIKA, ORIGIN: TAIWAN",ELECTRICAL MATERIAL,10,25,4378M,250,Approved,PO2500014164,,
REQ2500024933,Goods, 10058679,,"CAPACITOR 60+5MFD, MAKE: SEIKA, ORIGIN: TAIWAN",ELECTRICAL MATERIAL,10,50,4378M,500,Approved,PO2500014164,,
REQ2500024933,Goods, 10058680,,"CAPACITOR 50MFD, MAKE: SEIKA, ORIGIN: TAIWAN",ELECTRICAL MATERIAL,10,28,4378M,280,Approved,PO2500014164,,
REQ2500024857,Goods, 10001680,,"PAINT BRUSH 2"", WHITE BRISTLESS, MODEL NO. PB2WC, MAKE: CLARKE",CIVIL MATERIAL,20,2.4,4378M,48,Approved,882379,,
REQ2500024933,Goods, 10058681,,"CAPACITOR 50+5MFD, MAKE: SEIKA, ORIGIN: TAIWAN",ELECTRICAL MATERIAL,10,42,4378M,420,Approved,PO2500014164,,
REQ2500024933,Goods, 10058682,,"CAPACITOR 40MFD, MAKE: SEIKA, ORIGIN: TAIWAN",ELECTRICAL MATERIAL,10,21,4378M,210,Approved,PO2500014164,,
REQ2500024933,Goods, 10058683,,"CAPACITOR 60MFD, MAKE: SEIKA, ORIGIN: TAIWAN",ELECTRICAL MATERIAL,10,37,4378M,370,Approved,PO2500014164,,
REQ2500024933,Goods, 10058684,,"CAPACITOR 2.5MFD, MAKE: SEIKA, ORIGIN: TAIWAN",ELECTRICAL MATERIAL,10,4,4378M,40,Approved,PO2500014164,,
REQ2500024933,Goods, 10058685,,"CAPACITOR 10MFD, MAKE: SEIKA, ORIGIN: TAIWAN",ELECTRICAL MATERIAL,10,9,4378M,90,Approved,PO2500014164,,
REQ2500024933,Goods, 10058686,,"CAPACITOR 5.5MFD, MAKE: SEIKA, ORIGIN: TAIWAN",ELECTRICAL MATERIAL,10,5,4378M,50,Approved,PO2500014164,,
REQ2500024858,Goods, 10050565,,"V-BELT B-60, MAKE: DUNLOP, ORIGIN: KOREA",MECHANICAL MATERIAL,15,21,4378M,315,Approved,PO2500014168,,
REQ2500024858,Goods, 10044192,,"V BELT B-61, MAKE: DUNLOP, ORIGIN: KOREA",MECHANICAL MATERIAL,15,15,4378M,225,Approved,PO2500014168,,
REQ2500024858,Goods, 10008394,,"V-BELT A-28, BRAND: DUNLOP, ORIGIN: KOREA",MECHANICAL MATERIAL,15,8,4378M,120,Approved,PO2500014168,,
REQ2500025077,Goods, 10022563,,"PAINT SYNTHETIC ENAMEL GLOSS 1, SILVER GREY 293, PACKING: 18 LTR / DRUM, MAKE: NATIONAL, ORIGIN: UAE",CIVIL MATERIAL,10,196.8,4378M,1968,Approved,PO2500014320,,
REQ2500023608,Goods, 10004648,,"FLEXIBLE DUCT CONNECTOR 45 X 75 X 45MM X 15MTR, ORIGIN: UAE",MATERIALS LOCAL,2,90,4378M,180,Approved,PO2500014321,,
REQ2500025261,Goods, 10001627,,"THINNER, PACKING: 5 LTR./CAN, MAKE: JOTUN, ORIGIN:UAE",CIVIL MATERIAL,5,60,4378M,300,Approved,PO2500014338,,
REQ2500025261,Goods, 10002414,,"RUBBER PIPE INSULATION 5/8"" DIA X 3/8"" THICK X1.8MTR / LTH, PACKING: 90TUBES / BOX, MAKE: WORLD FLEX BY GULF-O-FLEX, ORIGIN: UAE",MATERIALS LOCAL,50,1.27,4378M,63.5,Approved,PO2500014339,,
REQ2500025261,Goods, 10002777,,"RUBBER PIPE INSULATION 1/4"" X 1/2"" X 1.8MTR. LTH, PACKING: 90TUBES / BOX, MAKE: GULF'O'FLEX / WORLDFLEX, ORIGIN: UAE",MECHANICAL MATERIAL,50,1.280651935,4378M,64.03259675,Approved,PO2500014339,,
REQ2500025220,Goods, 10058636,,"COMPRESSOR ROTARY, 1PH, 3LEG, MODEL NO. PH310, (USED), MAKE: GMCC",COMPRESSORS AND MOTORS,1,225,4378M,225,Approved,PO2500014367,,
REQ2500025220,Goods, 10058637,,"COMPRESSOR ROTARY, 1.5TON, 1PH, MODEL NO. RHT295, (USED), MAKE: MITSUBISHI",COMPRESSORS AND MOTORS,1,225,4378M,225,Approved,PO2500014367,,
REQ2500025220,Goods, 10058638,,"COMPRESSOR ROTARY, 2TON, 4LEG, MODEL NO. PHT41, (USED), MAKE: MITSUBISHI",COMPRESSORS AND MOTORS,1,225,4378M,225,Approved,PO2500014367,,
REQ2500025220,Goods, 10058639,,"COMPRESSOR ROTARY, 1PH, MODEL NO. PH36, (USED), MAKE: GMCC",COMPRESSORS AND MOTORS,1,225,4378M,225,Approved,PO2500014367,,
REQ2500025220,Goods, 10055613,,"COMPRESSOR, 2TON 1PH, 4LEG, MODEL NO. CK30PFZ-101, (USED), MAKE: COPELAND",COMPRESSORS AND MOTORS,5,225,4378M,1125,Approved,PO2500014367,,
REQ2500025220,Goods, 10058640,,"COMPRESSOR, MODEL NO. 1000EL-180D5, (USED), MAKE: HITACHI",COMPRESSORS AND MOTORS,1,1500,4378M,1500,Approved,PO2500014367,,
REQ2500025073,Goods, 10013884,,"SILICON SEALANT ANTI-FUNGAL 320ML, WHITE, PACKING: 24PCS / CTN, MAKE: DOLPHIN, ORIGIN: UAE",MATERIALS LOCAL,10,4.75,4378M,47.5,Approved,882421,,
REQ2500025073,Goods, 10001761,,"DOTTED GLOVES 14 OZ - SINGLE SIDE DOTTED, MATERIAL: POLYSTER, COTTON & PVC DOTS, MODEL NO. 757, PART NO. 81GLOV-SSD, MAKE: RIGMAN",OTHER EXPENSES,100,0.95,4378M,95,Approved,882421,,
REQ2500025073,Goods, 10000083,,"OVERLOAD RELAY 2.5-4A, MODEL NO. LRD08, MAKE: SCHNEIDER ELECTRIC, ORIGIN: FRANCE",ELECTRICAL MATERIAL,15,54,4378M,810,Approved,882421,,
REQ2500025073,Goods, 10000084,,"OVERLOAD RELAY TESYSD CL10A 12 -18A, PART NO. LRD21, MAKE: SCHNEIDER ELECTRIC, ORIGIN: FRANCE",ELECTRICAL MATERIAL,15,57,4378M,855,Approved,882421,,
REQ2500025073,Goods, 10002468,,"FLARE NUT BRASS 1/2"", ORIGIN: INDIA",MATERIALS LOCAL,3,1.803896709,4378M,5.411690127,Approved,882421,,
REQ2500025220,Goods, 10058641,,"COMPRESSOR, 3PH, MODEL NO. LRA53, (USED), MAKE: BRISTOL",COMPRESSORS AND MOTORS,1,525,4378M,525,Approved,PO2500014367,,
REQ2500025220,Goods, 10058642,,"SCROLL COMPRESSOR, 3PH, MODEL NO. ZR190KCE-TFD-522, (USED) MAKE: COPELAND",COMPRESSORS AND MOTORS,1,1400,4378M,1400,Approved,PO2500014367,,
REQ2500025220,Goods, 10058643,,"RECIPROCATING COMPRESSOR, R22, MODEL NO. MT160HW4AD, (USED), MAKE: MANEUROPE",COMPRESSORS AND MOTORS,1,1500,4378M,1500,Approved,PO2500014367,,
REQ2500025220,Goods, 10058644,,"RECIPROCATING COMPRESSOR, R22, MODEL NO. MT125HU4DVE, (USED) MAKE: MANEUROPE",COMPRESSORS AND MOTORS,1,1200,4378M,1200,Approved,PO2500014367,,
REQ2500025220,Goods, 10051119,,"COMPRESSOR ROTARY 2TON 1PH, MODEL NO. H2EB32SABKB, USED, MAKE: BRISTOL",COMPRESSORS AND MOTORS,1,225,4378M,225,Approved,PO2500014367,,
REQ2500025220,Goods, 10058645,,"COMPRESSOR ROTARY, 1PH, R22, MODEL NO. NH52VNHT, (USED), MAKE: MITSUBISHI ",COMPRESSORS AND MOTORS,1,325,4378M,325,Approved,PO2500014367,,
REQ2500025220,Goods, 10058646,,"COMPRESSOR ROTARY, 1PH, R410, MODEL NO. PA291Y3CS, (USED), MAKE: GMCC",COMPRESSORS AND MOTORS,1,250,4378M,250,Approved,PO2500014367,,
REQ2500025220,Goods, 10051119,,"COMPRESSOR ROTARY 2TON 1PH, MODEL NO. H2EB32SABKB, USED, MAKE: BRISTOL",COMPRESSORS AND MOTORS,2,225,4378M,450,Approved,PO2500014367,,
REQ2500025220,Goods, 10058647,,"COMPRESSOR ROTARY, 1PH, R22, MODEL NO. 58LRA, (USED), MAKE: COPELAND",COMPRESSORS AND MOTORS,4,225,4378M,900,Approved,PO2500014367,,
REQ2500025220,Goods, 10058648,,"COMPRESSOR SCROLL, R410, MODEL NO. ZP54KUE-TFD-522, (USED), MAKE: COPELAND",COMPRESSORS AND MOTORS,2,550,4378M,1100,Approved,PO2500014367,,
REQ2500025220,Goods, 10052247,,"COMPRESSOR 3PH, MODEL NO. MT160HW4EVE (USED), MAKE: DANFOSS",COMPRESSORS AND MOTORS,1,1500,4378M,1500,Approved,PO2500014367,,
REQ2500025220,Goods, 10058648,,"COMPRESSOR SCROLL, R410, MODEL NO. ZP54KUE-TFD-522, (USED), MAKE: COPELAND",COMPRESSORS AND MOTORS,1,550,4378M,550,Approved,PO2500014367,,
REQ2500025220,Goods, 10058649,,"COMPRESSOR SCROLL, R22, MODEL NO. ZR125KC-TFD-522, (USED), MAKE: COPELAND",COMPRESSORS AND MOTORS,1,1100,4378M,1100,Approved,PO2500014367,,
REQ2500025220,Goods, 10052246,,"COMPRESSOR SCROLL 3PH, MODEL NO. ZR144KC-TFD-522 (USED), MAKE: EMERSON COPELAND",COMPRESSORS AND MOTORS,1,1300,4378M,1300,Approved,PO2500014367,,
REQ2500025220,Goods, 10058650,,"COMPRESSOR ROTARY, R410, MODEL NO. PA291X3C5-7MTM, (USED), MAKE: GMCC",COMPRESSORS AND MOTORS,2,250,4378M,500,Approved,PO2500014367,,
REQ2500025220,Goods, 10058651,,"COMPRESSOR, R22, MODEL NO. 1000EL, (USED), MAKE: HITACHI",COMPRESSORS AND MOTORS,1,1,4378M,1,Approved,PO2500014367,,
REQ2500025220,Goods, 10056595,,"COMPRESSOR SCROLL, 3PH, R22, MODEL NO. ZR108KC-TFD-522, (USED), MAKE: COPELAND",COMPRESSORS AND MOTORS,1,1100,4378M,1100,Approved,PO2500014367,,
REQ2500025220,Goods, 10058652,,"COMPRESSOR, 3PH, LRA155, MODEL NO. SM185W4PC, (USED), MAKE: DANFOSS",COMPRESSORS AND MOTORS,1,1,4378M,1,Approved,PO2500014367,,
REQ2500025220,Goods, 10058653,,"COMPRESSOR SCROLL, 3PH, R22, MODEL NO. SM161T4VC, (USED), MAKE: DANFOSS",COMPRESSORS AND MOTORS,1,1600,4378M,1600,Approved,PO2500014367,,
REQ2500025220,Goods, 10058654,,"COMPRESSOR SCROLL, 3PH, R410, MODEL NO. ZP235KCE-TWD-524, (USED), MAKE: COPELAND",COMPRESSORS AND MOTORS,1,400,4378M,400,Approved,PO2500014367,,
REQ2500025220,Goods, 10052247,,"COMPRESSOR 3PH, MODEL NO. MT160HW4EVE (USED), MAKE: DANFOSS",COMPRESSORS AND MOTORS,1,1500,4378M,1500,Approved,PO2500014367,,
REQ2500025220,Goods, 10058655,,"COMPRESSOR, 3PH, MODEL NO. NTZ36, MAKE: DANFOSS",COMPRESSORS AND MOTORS,1,1,4378M,1,Approved,PO2500014367,,
REQ2500025220,Goods, 10058656,,"COMPRESSOR SCROLL, MODEL NO. ZR144KC-TFD-501, MAKE: COPELAND",COMPRESSORS AND MOTORS,2,1300,4378M,2600,Approved,PO2500014367,,
REQ2500025220,Goods, 10058657,,"COMPRESSOR, 3PH, R22, MODEL NO. MT144HV4, MAKE: MANEUROPE",COMPRESSORS AND MOTORS,1,1,4378M,1,Approved,PO2500014367,,
REQ2500025220,Goods, 10058658,,"COMPRESSOR, 3PH, R22, MODEL NO. MT160HW4DV, MAKE: DANFOSS",COMPRESSORS AND MOTORS,2,2,4378M,4,Approved,PO2500014367,,
REQ2500025220,Goods, 10058659,,"COMPRESSOR, 2TON, 1PH, R22, MODEL NO. CR30-KC3, MAKE: COPELAND",COMPRESSORS AND MOTORS,4,4,4378M,16,Approved,PO2500014367,,
REQ2500025220,Goods, 10058660,,"COMPRESSOR SCROLL, 1PH, R22, MODEL NO. ZR3CKH-PFZ-522, (USED), MAKE: COPELAND",COMPRESSORS AND MOTORS,1,325,4378M,325,Approved,PO2500014367,,
REQ2500025220,Goods, 10053243,,"COMPRESSOR SCROLL, 3PH, MODEL NO. ZR144KC-TFD-522, (USED), MAKE: EMERSON",COMPRESSORS AND MOTORS,1,1200,4378M,1200,Approved,PO2500014367,,
REQ2500025220,Goods, 10058661,,"COMPRESSOR, 1PH, R22, LRA58, MODEL NO. CK30, (USED), MAKE: COPELAND ",COMPRESSORS AND MOTORS,5,225,4378M,1125,Approved,PO2500014367,,
REQ2500025220,Goods, 10058662,,"COMPRESSOR SCROLL, 3PH, MODEL NO. ZR250-KCE-7WD, (USED), MAKE: COPELAND",COMPRESSORS AND MOTORS,1,4500,4378M,4500,Approved,PO2500014367,,
REQ2500025220,Goods, 10055700,,"COMPRESSOR ROTARY, 1PH, 2.5TON, MODEL NO. NH52, (USED), MAKE: MITSUBISHI",COMPRESSORS AND MOTORS,3,325,4378M,975,Approved,PO2500014367,,
REQ2500025220,Goods, 10055701,,"COMPRESSOR ROTARY, 1.5TON, MODEL NO. PH310, (USED), MAKE: PANASONIC",COMPRESSORS AND MOTORS,1,225,4378M,225,Approved,PO2500014367,,
REQ2500025220,Goods, 10055702,,"COMPRESSOR 1PH, R22, MODEL NO. AW5524, (USED), MAKE: TECUMSEH",COMPRESSORS AND MOTORS,1,225,4378M,225,Approved,PO2500014367,,
REQ2500025220,Goods, 10052243,,"COMPRESSOR ROTARY 2TON, 1PH, LRA75, MODEL NO. LG QP442 (USED), MAKE: LG",COMPRESSORS AND MOTORS,2,225,4378M,450,Approved,PO2500014367,,
REQ2500025220,Goods, 10050142,,"COMPRESSOR 3PH, MODEL NO.SM120, USED, MAKE: DANFOSS",COMPRESSORS AND MOTORS,1,1200,4378M,1200,Approved,PO2500014367,,
REQ2500025220,Goods, 10047263,,"COMPRESSOR SCROLL, 3PH, R410, MODEL NO. ZP61KCE-TFD-522 (USED), MAKE: COPELAND, ORIGIN: THAILAND",COMPRESSORS AND MOTORS,2,650,4378M,1300,Approved,PO2500014367,,
REQ2500025220,Goods, 10059021,,"COMPRESSOR CHILLER, MODEL NO. AWR5542, 1PH, R404, 3PH, (USED), MAKE: TECUMSEH",COMPRESSORS AND MOTORS,1,450,4378M,450,Approved,PO2500014367,,
REQ2500025289,Goods, 10001953,,"PIPE 1"" X 6MTR, PVC CLASS E, MAKE: POWER, ORIGIN: UAE",PIPES,20,11,4378M,220,Approved,PO2500014376,,
REQ2500025292,Goods, 10012687,,"COMBINATION HAMMER 26MM 3-MODES, 220–240 V AC, MODEL NO. HR2630, MAKE: MAKITA",ELECTRICAL MATERIAL,2,590,4378M,1180,Approved,PO2500014377,,
REQ2500025292,Goods, 10001826,,"SPRAY PAINT 400ML, BLACK, PACKING: 12PC / CTN, MAKE: ASMACO",MATERIALS LOCAL,12,12,4378M,144,Approved,PO2500014377,,
REQ2500025367,Goods, 10001782,,"SPRAY PAINT 300GMS, RED, PACKING: 12PC / CTN, MAKE: ASMACO",MATERIALS LOCAL,24,3.5,4378M,84,Approved,PO2500014425,,
REQ2500025367,Goods, 10001782,,"SPRAY PAINT 300GMS, RED, PACKING: 12PC / CTN, MAKE: ASMACO",MATERIALS LOCAL,24,3.5,4378M,84,Approved,PO2500014425,,
REQ2500025289,Goods, 10000157,,"ISOLATOR 32-40A, 3 POLE 220V, PART NO. KSE340TPN, W/P WITH METAL BODY, MAKE: ABB",ELECTRICAL MATERIAL,10,100,4378M,1000,Approved,PO2500014446,,
REQ2500025292,Goods, 10010585,,"BLOWER, 220V 800W 16000RPM, HEAVY DUTY, MODEL NO. DWB800-B5, MAKE: DEWALT",ELECTRICAL MATERIAL,2,225,4378M,450,Approved,PO2500014469,,
REQ2500024838,Goods, 10012531,,"PRINTING OF LOG BOOK NCR 1 + 3, 3 COLOUR PRINTING, 50SET PER BOOK, SIZE: A4",MATERIALS LOCAL,50,22,4378M,1100,Approved,PO2500014484,,
REQ2500025256,Goods, 10000064,,"INSULATION TAPE 19MM X 10Y, BLACK, MAKE: 3M, ORIGIN: UK",ELECTRICAL MATERIAL,26,0.850574933,4378M,22.11494826,Approved,884351,,
REQ2500025256,Goods, 10002444,,"RUBBER PIPE INSULATION 3/8"" DIA X 3/8"" THICK X1.8MTR / LTH, PACKING: 130TUBES / BOX, MAKE: WORLDFLEX BY GULFOFLEX, ORIGIN: UAE",MECHANICAL MATERIAL,50,1,4378M,50,Approved,884351,,
REQ2500024838,Goods, 10054696,,"AUTOMATIC AIR VENT 3/4', BRASS BODY, POLYETHYLENE FLOAT, PN16, MODEL: ETA-4, MAKE: ENVOTEC",MECHANICAL MATERIAL,20,85,4378M,1700,Approved,PO2500014529,,
REQ2500024838,Goods, 10014571,,"BEARING UCP207-20, MAKE: FYH / FAG",MECHANICAL MATERIAL,10,52,4378M,520,Approved,PO2500014530,,
REQ2500025261,Goods, 10017149,,"V BELT SPA-1950, MAKE: PIX, ORIGIN: INDIA",MECHANICAL MATERIAL,10,16.01,4378M,160.1,Approved,PO2500014568,,
REQ2500025996,Goods, 10043547,,"EXPANSION VALVE R22, WITH EXTERNAL EQUALISER, PART NO. 068Z3209, MAKE: DANFOSS",MECHANICAL MATERIAL,1,165,4378M,165,Approved,PO2500014786,,
REQ2500025996,Goods, 10043547,,"EXPANSION VALVE R22, WITH EXTERNAL EQUALISER, PART NO. 068Z3209, MAKE: DANFOSS",MECHANICAL MATERIAL,1,165,4378M,165,Approved,PO2500014786,,
REQ2500025288,Goods, 10002386,,"COPPER PIPE 5/8"" X 50' X 0.028"" THICK, MAKE: MAKSAL, ORIGIN: SA",MECHANICAL MATERIAL,20,228.0794702,4378M,4561.589404,Approved,885329,,
REQ2500025288,Goods, 10008887,,"COPPER PIPE 3/8"" X 50' X 0.061MM THK, MAKE: MAKSAL, ORIGIN: SOUTH AFRICA",MECHANICAL MATERIAL,10,125.75,4378M,1257.5,Approved,885329,,
REQ2500025288,Goods, 10008888,,"COPPER PIPE 1/4"" X 50' X 0.061MM THK, MAKE: MAKSAL, ORIGIN: SOUTH AFRICA",MECHANICAL MATERIAL,10,82,4378M,820,Approved,885329,,
REQ2500026230,Goods, 10002851,,"CANVAS COATING GEE FIX 30/36 (EQUIVALENT TO FOSTER 30/36), PACKING: 20KG / DRUM, ORIGIN: UAE",MATERIALS LOCAL,5,33.5,4378M,167.5,Approved,PO2500014864,,
REQ2500026230,Goods, 10002851,,"CANVAS COATING GEE FIX 30/36 (EQUIVALENT TO FOSTER 30/36), PACKING: 20KG / DRUM, ORIGIN: UAE",MATERIALS LOCAL,5,33.5,4378M,167.5,Approved,PO2500014864,,
REQ2500026230,Goods, 10002414,,"RUBBER PIPE INSULATION 5/8"" DIA X 3/8"" THICK X1.8MTR / LTH, PACKING: 90TUBES / BOX, MAKE: WORLD FLEX BY GULF-O-FLEX, ORIGIN: UAE",MATERIALS LOCAL,30,1.27,4378M,38.1,Approved,PO2500014867,,
REQ2500026230,Goods, 10002777,,"RUBBER PIPE INSULATION 1/4"" X 1/2"" X 1.8MTR. LTH, PACKING: 90TUBES / BOX, MAKE: GULF'O'FLEX / WORLDFLEX, ORIGIN: UAE",MECHANICAL MATERIAL,15,1.280651935,4378M,19.20977903,Approved,PO2500014867,,
REQ2500026230,Goods, 10002414,,"RUBBER PIPE INSULATION 5/8"" DIA X 3/8"" THICK X1.8MTR / LTH, PACKING: 90TUBES / BOX, MAKE: WORLD FLEX BY GULF-O-FLEX, ORIGIN: UAE",MATERIALS LOCAL,30,1.27,4378M,38.1,Approved,PO2500014867,,
REQ2500025294,Goods, 10000229,,"SCREW DRIVER 12"" STAR, WITH RUBBER HANDLE, MAKE: CLARKE",MATERIALS LOCAL,15,6,4378M,90,Approved,885357,,
REQ2500025294,Goods, 10002609,,"BEARING 6203-2Z, MAKE: NSK, ORIGIN:POLAND",MECHANICAL MATERIAL,20,4.985570788,4378M,99.71141576,Approved,885357,,
REQ2500025294,Goods, 10002741,,"BEARING 6204-2ZC3E, MAKE:NSK, ORIGIN: POLAND / JAPAN",MECHANICAL MATERIAL,20,6.159313709,4378M,123.1862742,Approved,885357,,
REQ2500026230,Goods, 10002777,,"RUBBER PIPE INSULATION 1/4"" X 1/2"" X 1.8MTR. LTH, PACKING: 90TUBES / BOX, MAKE: GULF'O'FLEX / WORLDFLEX, ORIGIN: UAE",MECHANICAL MATERIAL,15,1.280651935,4378M,19.20977903,Approved,PO2500014867,,
REQ2500026230,Goods, 10000157,,"ISOLATOR 32-40A, 3 POLE 220V, PART NO. KSE340TPN, W/P WITH METAL BODY, MAKE: ABB",ELECTRICAL MATERIAL,13,100,4378M,1300,Approved,PO2500014868,,
REQ2500025453,Goods, 10000058,,"SWITCHED SOCKET DOUBLE 13A, VX1500, MAKE: VOLEX, ORIGIN: UK",ELECTRICAL MATERIAL,10,10.2617614,4378M,102.617614,Approved,885360,,
REQ2500025453,Goods, 10000034,,"PLUG TOP 13A, PART NO. VX1307, MAKE: VOLEX, ORIGIN: UK",ELECTRICAL MATERIAL,10,3.221767355,4378M,32.21767355,Approved,885360,,
REQ2500025453,Goods, 10000058,,"SWITCHED SOCKET DOUBLE 13A, VX1500, MAKE: VOLEX, ORIGIN: UK",ELECTRICAL MATERIAL,10,10.2617614,4378M,102.617614,Approved,885360,,
REQ2500025453,Goods, 10000034,,"PLUG TOP 13A, PART NO. VX1307, MAKE: VOLEX, ORIGIN: UK",ELECTRICAL MATERIAL,10,3.221767355,4378M,32.21767355,Approved,885360,,
REQ2500026230,Goods, 10000157,,"ISOLATOR 32-40A, 3 POLE 220V, PART NO. KSE340TPN, W/P WITH METAL BODY, MAKE: ABB",ELECTRICAL MATERIAL,13,100,4378M,1300,Approved,PO2500014868,,
REQ2500026230,Goods, 10000196,,"FLEXIBLE CONDUIT 20MM X 15 MTR. / ROL, BLACK PVC COVER, G.I COATED, BRAND: RELITE, ORIGIN: INDIA",ELECTRICAL MATERIAL,5,16.48972854,4378M,82.4486427,Approved,PO2500014869,,
REQ2500026230,Goods, 10000196,,"FLEXIBLE CONDUIT 20MM X 15 MTR. / ROL, BLACK PVC COVER, G.I COATED, BRAND: RELITE, ORIGIN: INDIA",ELECTRICAL MATERIAL,5,16.48972854,4378M,82.4486427,Approved,PO2500014869,,
REQ2500026231,Goods, 10011579,,"AIR CONDITIONER FREE STANDING 60000BTU, R410, Model No. 323MFT3GA-60CRN1, MAKE: MIDEA",AC,8,6000,4378M,48000,Approved,PO2500014884,,
REQ2500025656,Goods, 10004985,,"STAPLE, NO.35-1M, 26/6, MAKE: MAX",STAIONERY,5,1.0995006,4378M,5.497503,Approved,885417,,
REQ2500025656,Goods, 10004973,,"STAPLER, MODEL HD-50/50R, BRAND: MAX, ORIGIN: JAPAN",STAIONERY,1,17,4378M,17,Approved,885417,,
REQ2500025656,Goods, 10004985,,"STAPLE, NO.35-1M, 26/6, MAKE: MAX",STAIONERY,5,1.0995006,4378M,5.497503,Approved,885417,,
REQ2500025656,Goods, 10004973,,"STAPLER, MODEL HD-50/50R, BRAND: MAX, ORIGIN: JAPAN",STAIONERY,1,17,4378M,17,Approved,885417,,
REQ2500025730,Goods, 10002516,,"WINDING WIRE 0.19MM, MAKE: RR/SHRAMIK, ORIGIN: INDIA",MECHANICAL MATERIAL,5.88,49.5,4378M,291.06,Approved,885433,,
REQ2500025730,Goods, 10002863,,"WINDING WIRE 0.213MM, MAKE: RR/SHRAMIK, ORIGIN: INDIA",MECHANICAL MATERIAL,7.88,36.4000077,4378M,286.8320607,Approved,885433,,
REQ2500025730,Goods, 10019467,,"WINDING WIRE 0.250MM, MAKE: RR / SHRAMIK, ORIGIN: INDIA",MECHANICAL MATERIAL,7.16,45,4378M,322.2,Approved,885433,,
REQ2500025730,Goods, 10002644,,"WINDING WIRE 0.265MM, MAKE: RR SHRAMIK, ORIGIN: INDIA",MECHANICAL MATERIAL,7.2,43,4378M,309.6,Approved,885433,,
REQ2500025730,Goods, 10002514,,"WINDING WIRE 0.18MM, MAKE: RR/SHRAMIK, ORIGIN: INDIA",MECHANICAL MATERIAL,3.235,45.90384201,4378M,148.4989289,Approved,885433,,
REQ2500025730,Goods, 10003484,,"WINDING WIRE 0.500MM, MAKE: RR/SHRAMIK, ORIGIN: INDIA",MECHANICAL MATERIAL,13.8,45.4999475,4378M,627.8992755,Approved,885433,,
REQ2500025730,Goods, 10002304,,"WINDING WIRE 0.600MM, MAKE: RR/SHRAMIK, ORIGIN: INDIA",MECHANICAL MATERIAL,23.715,45.50002084,4378M,1079.032994,Approved,885433,,
REQ2500025730,Goods, 10002516,,"WINDING WIRE 0.19MM, MAKE: RR/SHRAMIK, ORIGIN: INDIA",MECHANICAL MATERIAL,5.88,49.5,4378M,291.06,Approved,885433,,
REQ2500025730,Goods, 10002863,,"WINDING WIRE 0.213MM, MAKE: RR/SHRAMIK, ORIGIN: INDIA",MECHANICAL MATERIAL,7.88,36.4000077,4378M,286.8320607,Approved,885433,,
REQ2500025730,Goods, 10019467,,"WINDING WIRE 0.250MM, MAKE: RR / SHRAMIK, ORIGIN: INDIA",MECHANICAL MATERIAL,7.16,45,4378M,322.2,Approved,885433,,
REQ2500025730,Goods, 10002644,,"WINDING WIRE 0.265MM, MAKE: RR SHRAMIK, ORIGIN: INDIA",MECHANICAL MATERIAL,7.2,43,4378M,309.6,Approved,885433,,
REQ2500025730,Goods, 10002514,,"WINDING WIRE 0.18MM, MAKE: RR/SHRAMIK, ORIGIN: INDIA",MECHANICAL MATERIAL,3.235,45.90384201,4378M,148.4989289,Approved,885433,,
REQ2500025730,Goods, 10003484,,"WINDING WIRE 0.500MM, MAKE: RR/SHRAMIK, ORIGIN: INDIA",MECHANICAL MATERIAL,13.8,45.4999475,4378M,627.8992755,Approved,885433,,
REQ2500025730,Goods, 10002304,,"WINDING WIRE 0.600MM, MAKE: RR/SHRAMIK, ORIGIN: INDIA",MECHANICAL MATERIAL,23.715,45.50002084,4378M,1079.032994,Approved,885433,,
REQ2500026231,Goods, 10011579,,"AIR CONDITIONER FREE STANDING 60000BTU, R410, Model No. 323MFT3GA-60CRN1, MAKE: MIDEA",AC,8,6000,4378M,48000,Approved,PO2500014884,,
REQ2500026047,Goods, 10001876,,"HOSE 1/2"" X 50MTR, REINFORCED, FLEXIBLE, YELLOW, HEAVY DUTY, MAKE: MERMAID, ORIGIN: UAE",MECHANICAL MATERIAL,2,62,4378M,124,Approved,PO2500014889,,
REQ2500026013,Goods, 10002516,,"WINDING WIRE 0.19MM, MAKE: RR/SHRAMIK, ORIGIN: INDIA",MECHANICAL MATERIAL,5.51,49.5,4378M,272.745,Approved,886341,,
REQ2500026013,Goods, 10002863,,"WINDING WIRE 0.213MM, MAKE: RR/SHRAMIK, ORIGIN: INDIA",MECHANICAL MATERIAL,7.502,36.4000077,4378M,273.0728578,Approved,886341,,
REQ2500026013,Goods, 10019467,,"WINDING WIRE 0.250MM, MAKE: RR / SHRAMIK, ORIGIN: INDIA",MECHANICAL MATERIAL,6.776,45,4378M,304.92,Approved,886341,,
REQ2500026013,Goods, 10002644,,"WINDING WIRE 0.265MM, MAKE: RR SHRAMIK, ORIGIN: INDIA",MECHANICAL MATERIAL,6.825,43,4378M,293.475,Approved,886341,,
REQ2500026013,Goods, 10002514,,"WINDING WIRE 0.18MM, MAKE: RR/SHRAMIK, ORIGIN: INDIA",MECHANICAL MATERIAL,3.235,45.90384201,4378M,148.4989289,Approved,886341,,
REQ2500026013,Goods, 10003484,,"WINDING WIRE 0.500MM, MAKE: RR/SHRAMIK, ORIGIN: INDIA",MECHANICAL MATERIAL,13.033,45.4999475,4378M,593.0008158,Approved,886341,,
REQ2500026013,Goods, 10002304,,"WINDING WIRE 0.600MM, MAKE: RR/SHRAMIK, ORIGIN: INDIA",MECHANICAL MATERIAL,23.715,45.50002084,4378M,1079.032994,Approved,886341,,
REQ2500026013,Goods, 10002516,,"WINDING WIRE 0.19MM, MAKE: RR/SHRAMIK, ORIGIN: INDIA",MECHANICAL MATERIAL,5.51,49.5,4378M,272.745,Approved,886341,,
REQ2500026013,Goods, 10002863,,"WINDING WIRE 0.213MM, MAKE: RR/SHRAMIK, ORIGIN: INDIA",MECHANICAL MATERIAL,7.502,36.4000077,4378M,273.0728578,Approved,886341,,
REQ2500026013,Goods, 10019467,,"WINDING WIRE 0.250MM, MAKE: RR / SHRAMIK, ORIGIN: INDIA",MECHANICAL MATERIAL,6.776,45,4378M,304.92,Approved,886341,,
REQ2500026013,Goods, 10002644,,"WINDING WIRE 0.265MM, MAKE: RR SHRAMIK, ORIGIN: INDIA",MECHANICAL MATERIAL,6.825,43,4378M,293.475,Approved,886341,,
REQ2500026013,Goods, 10002514,,"WINDING WIRE 0.18MM, MAKE: RR/SHRAMIK, ORIGIN: INDIA",MECHANICAL MATERIAL,3.235,45.90384201,4378M,148.4989289,Approved,886341,,
REQ2500026013,Goods, 10003484,,"WINDING WIRE 0.500MM, MAKE: RR/SHRAMIK, ORIGIN: INDIA",MECHANICAL MATERIAL,13.033,45.4999475,4378M,593.0008158,Approved,886341,,
REQ2500026013,Goods, 10002304,,"WINDING WIRE 0.600MM, MAKE: RR/SHRAMIK, ORIGIN: INDIA",MECHANICAL MATERIAL,23.715,45.50002084,4378M,1079.032994,Approved,886341,,
REQ2500026042,Goods, 10002505,,"WINDING WIRE 0.530MM, MAKE: RR/SHRAMIK, ORIGIN: INDIA",MECHANICAL MATERIAL,13.056,45.00008533,4378M,587.5211141,Approved,887326,,
REQ2500026042,Goods, 10002271,,"GAS R22, PACKING: 13.6KGS (30LBS), DISPOSABLE CYLINDER, BRAND: FLORON, ORIGIN: INDIA",GAS,15,258.0447391,4378M,3870.671087,Approved,887326,,
REQ2500026042,Goods, 10002738,,"FREON GAS R410A X 25LBS / 11.3KG DISPOSIBLE CYLINDER, MAKE: FLORON",GAS,10,282.9850337,4378M,2829.850337,Approved,887326,,
REQ2500026042,Goods, 10001646,,"GREASE, MULTI-PURPOSE, MODEL NO.3, PACKING: 1 KG/PKT, MAKE: LUBRIMATE",OIL AND FILTERS,10,11.75,4378M,117.5,Approved,887326,,
REQ2500026042,Goods, 10002287,,"SPRAY WD40, PACKING: 330ML, BRAND: WD40, ORIGIN: UK",MATERIALS LOCAL,24,11.09122141,4378M,266.1893138,Approved,887326,,
REQ2500026042,Goods, 10002257,,"POWER CONTACT CLEANER, PACKING: 500ML/CAN, MAKE: CRC, ORIGIN: BELGIUM",MATERIALS LOCAL,24,25.93983148,4378M,622.5559555,Approved,887326,,
REQ2500026042,Goods, 10036547,,"MAP GAS 750ML, MAKE: ECOFROST",GAS,10,13,4378M,130,Approved,887326,,
REQ2500026042,Goods, 10025305,,"BLACK TAPE 2"" X 60Ft, PVC, PACKING: 60 ROLL / BOX, PRODUCT CODE: IFT-0009, MAKE: INNERFIX",CIVIL MATERIAL,50,1.74,4378M,87,Approved,887326,,
REQ2500026042,Goods, 10002505,,"WINDING WIRE 0.530MM, MAKE: RR/SHRAMIK, ORIGIN: INDIA",MECHANICAL MATERIAL,13.056,45.00008533,4378M,587.5211141,Approved,887326,,
REQ2500026042,Goods, 10002271,,"GAS R22, PACKING: 13.6KGS (30LBS), DISPOSABLE CYLINDER, BRAND: FLORON, ORIGIN: INDIA",GAS,15,258.0447391,4378M,3870.671087,Approved,887326,,
REQ2500026042,Goods, 10002738,,"FREON GAS R410A X 25LBS / 11.3KG DISPOSIBLE CYLINDER, MAKE: FLORON",GAS,10,282.9850337,4378M,2829.850337,Approved,887326,,
REQ2500026042,Goods, 10001646,,"GREASE, MULTI-PURPOSE, MODEL NO.3, PACKING: 1 KG/PKT, MAKE: LUBRIMATE",OIL AND FILTERS,10,11.75,4378M,117.5,Approved,887326,,
REQ2500026042,Goods, 10002287,,"SPRAY WD40, PACKING: 330ML, BRAND: WD40, ORIGIN: UK",MATERIALS LOCAL,24,11.09122141,4378M,266.1893138,Approved,887326,,
REQ2500026042,Goods, 10002257,,"POWER CONTACT CLEANER, PACKING: 500ML/CAN, MAKE: CRC, ORIGIN: BELGIUM",MATERIALS LOCAL,24,25.93983148,4378M,622.5559555,Approved,887326,,
REQ2500026042,Goods, 10036547,,"MAP GAS 750ML, MAKE: ECOFROST",GAS,10,13,4378M,130,Approved,887326,,
REQ2500026042,Goods, 10025305,,"BLACK TAPE 2"" X 60Ft, PVC, PACKING: 60 ROLL / BOX, PRODUCT CODE: IFT-0009, MAKE: INNERFIX",CIVIL MATERIAL,50,1.74,4378M,87,Approved,887326,,
REQ2500026047,Goods, 10001876,,"HOSE 1/2"" X 50MTR, REINFORCED, FLEXIBLE, YELLOW, HEAVY DUTY, MAKE: MERMAID, ORIGIN: UAE",MECHANICAL MATERIAL,2,62,4378M,124,Approved,PO2500014889,,
REQ2500026047,Goods, 10035207,,"V-BELT B-37, MAKE: DUNLOP, ORIGIN: KOREA",MECHANICAL MATERIAL,10,14,4378M,140,Approved,PO2500014892,,
REQ2500026047,Goods, 10018963,,"V BELT B-23, MAKE: DUNLOP, ORIGIN: KOREA",MECHANICAL MATERIAL,10,10,4378M,100,Approved,PO2500014892,,
REQ2500026047,Goods, 10009432,,"V BELT B-36, MAKE: DUNLOP, ORIGIN: KOREA",MECHANICAL MATERIAL,10,14,4378M,140,Approved,PO2500014892,,
REQ2500026047,Goods, 10035207,,"V-BELT B-37, MAKE: DUNLOP, ORIGIN: KOREA",MECHANICAL MATERIAL,10,14,4378M,140,Approved,PO2500014892,,
REQ2500026047,Goods, 10018963,,"V BELT B-23, MAKE: DUNLOP, ORIGIN: KOREA",MECHANICAL MATERIAL,10,10,4378M,100,Approved,PO2500014892,,
REQ2500026047,Goods, 10009432,,"V BELT B-36, MAKE: DUNLOP, ORIGIN: KOREA",MECHANICAL MATERIAL,10,14,4378M,140,Approved,PO2500014892,,
REQ2500024146,Goods, 10003146,,"WINDING WIRE 0.200MM, MAKE: RR/SHRAMIK, ORIGIN: INDIA",MECHANICAL MATERIAL,10,49,4378M,490,Approved,PO2500014894,,
REQ2500025579,Goods, 10034244,,"PRESSURE GAUGE 4"", DIAL 0-10BAR, 150PSI, 1/2"" MALE NPT, SS316, PART CODE: PG 4"" NPT (M)10BAR, MAKE: PROTECH, ORIGIN: INDIA",MECHANICAL MATERIAL,10,60,4378M,600,Approved,PO2500015156,,
REQ2500025579,Goods, 10034244,,"PRESSURE GAUGE 4"", DIAL 0-10BAR, 150PSI, 1/2"" MALE NPT, SS316, PART CODE: PG 4"" NPT (M)10BAR, MAKE: PROTECH, ORIGIN: INDIA",MECHANICAL MATERIAL,10,60,4378M,600,Approved,PO2500015156,,
REQ2500025579,Goods, 10002851,,"CANVAS COATING GEE FIX 30/36 (EQUIVALENT TO FOSTER 30/36), PACKING: 20KG / DRUM, ORIGIN: UAE",MATERIALS LOCAL,15,33.5,4378M,502.5,Approved,PO2500015157,,
REQ2500025579,Goods, 10002851,,"CANVAS COATING GEE FIX 30/36 (EQUIVALENT TO FOSTER 30/36), PACKING: 20KG / DRUM, ORIGIN: UAE",MATERIALS LOCAL,15,33.5,4378M,502.5,Approved,PO2500015157,,
REQ2500026220,Goods, 10002681,,"SPLIT WALL 24000BTU HI-EER R410, ROTARY, MODEL NO. 123RASGA24-FD, MAKE: GENERAL, ORIGIN: THAILAND",AC,5,2725,4378M,13625,Approved,PO2500015166,,
REQ2500026220,Goods, 10003057,,"SPLIT WALL 30000BTU R410A, SCROLL, PART NO. 120RASGA30-FU, MAKE: GENERAL, ORIGIN: THAILAND",AC,4,3765,4378M,15060,Approved,PO2500015166,,
REQ2500026220,Goods, 10003025,,"SPLIT WALL 18000BTU F R410 HI-EER, ROTARY, MODEL NO. 123RASGA18-FD, MAKE: GENERAL, ORIGIN: THAILAND",AC,4,2335,4378M,9340,Approved,PO2500015166,,
REQ2500026220,Goods, 10002681,,"SPLIT WALL 24000BTU HI-EER R410, ROTARY, MODEL NO. 123RASGA24-FD, MAKE: GENERAL, ORIGIN: THAILAND",AC,5,2725,4378M,13625,Approved,PO2500015166,,
REQ2500026220,Goods, 10003057,,"SPLIT WALL 30000BTU R410A, SCROLL, PART NO. 120RASGA30-FU, MAKE: GENERAL, ORIGIN: THAILAND",AC,4,3765,4378M,15060,Approved,PO2500015166,,
REQ2500026220,Goods, 10003025,,"SPLIT WALL 18000BTU F R410 HI-EER, ROTARY, MODEL NO. 123RASGA18-FD, MAKE: GENERAL, ORIGIN: THAILAND",AC,4,2335,4378M,9340,Approved,PO2500015166,,
REQ2500026229,Goods, 10002386,,"COPPER PIPE 5/8"" X 50' X 0.028"" THICK, MAKE: MAKSAL, ORIGIN: SA",MECHANICAL MATERIAL,5,228.0794702,4378M,1140.397351,Approved,886395,,
REQ2500026229,Goods, 10008888,,"COPPER PIPE 1/4"" X 50' X 0.061MM THK, MAKE: MAKSAL, ORIGIN: SOUTH AFRICA",MECHANICAL MATERIAL,4,82,4378M,328,Approved,886395,,
REQ2500026229,Goods, 10008887,,"COPPER PIPE 3/8"" X 50' X 0.061MM THK, MAKE: MAKSAL, ORIGIN: SOUTH AFRICA",MECHANICAL MATERIAL,2,125.75,4378M,251.5,Approved,886395,,
REQ2500026229,Goods, 10002444,,"RUBBER PIPE INSULATION 3/8"" DIA X 3/8"" THICK X1.8MTR / LTH, PACKING: 130TUBES / BOX, MAKE: WORLDFLEX BY GULFOFLEX, ORIGIN: UAE",MECHANICAL MATERIAL,15,1,4378M,15,Approved,886395,,
REQ2500026229,Goods, 10002373,,"CANVAS CLOTH 6 OZ, 36"" X 20 YARD / ROLL, MAKE: TAKA, ORIGIN: PAKISTAN",CIVIL MATERIAL,5,10.43460932,4378M,52.1730466,Approved,886395,,
REQ2500026229,Goods, 10002386,,"COPPER PIPE 5/8"" X 50' X 0.028"" THICK, MAKE: MAKSAL, ORIGIN: SA",MECHANICAL MATERIAL,5,228.0794702,4378M,1140.397351,Approved,886395,,
REQ2500026229,Goods, 10008888,,"COPPER PIPE 1/4"" X 50' X 0.061MM THK, MAKE: MAKSAL, ORIGIN: SOUTH AFRICA",MECHANICAL MATERIAL,4,82,4378M,328,Approved,886395,,
REQ2500026229,Goods, 10008887,,"COPPER PIPE 3/8"" X 50' X 0.061MM THK, MAKE: MAKSAL, ORIGIN: SOUTH AFRICA",MECHANICAL MATERIAL,2,125.75,4378M,251.5,Approved,886395,,
REQ2500026229,Goods, 10002444,,"RUBBER PIPE INSULATION 3/8"" DIA X 3/8"" THICK X1.8MTR / LTH, PACKING: 130TUBES / BOX, MAKE: WORLDFLEX BY GULFOFLEX, ORIGIN: UAE",MECHANICAL MATERIAL,15,1,4378M,15,Approved,886395,,
REQ2500026229,Goods, 10002373,,"CANVAS CLOTH 6 OZ, 36"" X 20 YARD / ROLL, MAKE: TAKA, ORIGIN: PAKISTAN",CIVIL MATERIAL,5,10.43460932,4378M,52.1730466,Approved,886395,,
REQ2500026045,Goods, 10000196,,"FLEXIBLE CONDUIT 20MM X 15 MTR. / ROL, BLACK PVC COVER, G.I COATED, BRAND: RELITE, ORIGIN: INDIA",ELECTRICAL MATERIAL,15,16.48972854,4378M,247.3459281,Approved,PO2500015169,,
REQ2500026045,Goods, 10000196,,"FLEXIBLE CONDUIT 20MM X 15 MTR. / ROL, BLACK PVC COVER, G.I COATED, BRAND: RELITE, ORIGIN: INDIA",ELECTRICAL MATERIAL,15,16.48972854,4378M,247.3459281,Approved,PO2500015169,,
REQ2500026674,Goods, 10013247,,"OVERLOAD RELAY TESYSD 30 - 40A CL10A, PART NO. LRD340, MAKE: SCHNEIDER ELECTRIC, ORIGIN: FRANCE",ELECTRICAL MATERIAL,5,138,4378M,690,Approved,PO2500015207,,
REQ2500026674,Goods, 10013247,,"OVERLOAD RELAY TESYSD 30 - 40A CL10A, PART NO. LRD340, MAKE: SCHNEIDER ELECTRIC, ORIGIN: FRANCE",ELECTRICAL MATERIAL,5,138,4378M,690,Approved,PO2500015207,,
REQ2500026603,Goods, 10023778,,"V-BELT B-83, MAKE: PIX, ORIGIN: INDIA",MECHANICAL MATERIAL,15,15.75,4378M,236.25,Approved,PO2500015208,,
REQ2500026603,Goods, 10023778,,"V-BELT B-83, MAKE: PIX, ORIGIN: INDIA",MECHANICAL MATERIAL,15,15.75,4378M,236.25,Approved,PO2500015208,,
REQ2500026674,Goods, 10036440,,"SOLENOID COIL AC 24V, IP67, MODEL: BF024AS, PRODCUT CODE: DA-018F6257, MAKE: DANFOSS",MECHANICAL MATERIAL,3,65,4378M,195,Approved,PO2500015209,,
REQ2500026674,Goods, 10036440,,"SOLENOID COIL AC 24V, IP67, MODEL: BF024AS, PRODCUT CODE: DA-018F6257, MAKE: DANFOSS",MECHANICAL MATERIAL,3,65,4378M,195,Approved,PO2500015209,,
REQ2500026674,Goods, 10043148,,"THERMOSTAT, BUTTON TYPE, MODEL NO. PAR 21MAA, MAKE: MITSUBISHI",ELECTRICAL MATERIAL,2,658.5,4378M,1317,Approved,PO2500015212,,
REQ2500026674,Goods, 10043148,,"THERMOSTAT, BUTTON TYPE, MODEL NO. PAR 21MAA, MAKE: MITSUBISHI",ELECTRICAL MATERIAL,2,658.5,4378M,1317,Approved,PO2500015212,,
REQ2500026248,Goods, 10010064,,"BAG FILTER 592(W) X 592(H) X 508MM(D), 6P, ULTRA-PAC, EFF-F7 / 85%, FRAME: GI / 20MM, MAKE: EXCELAIR ",MECHANICAL MATERIAL,100,27.9,4378M,2790,Approved,PO2500015231,,
REQ2500026248,Goods, 10010066,,"BAG FILTER 592(W) X 492(H) X 508MM(D), 6P, ULTRA-PAC, EFF-F7 / 85%, FRAME: GI / 20MM, MAKE: EXCELAIR ",MECHANICAL MATERIAL,20,20,4378M,400,Approved,PO2500015231,,
REQ2500026245,Goods, 10002994,,"BEARING 6002-2ZC3E, MAKE: NSK, ORIGIN: POLAND",MECHANICAL MATERIAL,50,4.4,4378M,220,Approved,886393,,
REQ2500026245,Goods, 10002994,,"BEARING 6002-2ZC3E, MAKE: NSK, ORIGIN: POLAND",MECHANICAL MATERIAL,50,4.4,4378M,220,Approved,886393,,
REQ2500026248,Goods, 10011497,,"BAG FILTER 592 X 287 X 535MM, 6P, ULTRA PAC, EFF-F7/85%, FRAME: GI/20MM, EXCELAIR, ORIGIN: UAE ",MECHANICAL MATERIAL,20,287,4378M,5740,Approved,PO2500015231,,
REQ2500026248,Goods, 10010064,,"BAG FILTER 592(W) X 592(H) X 508MM(D), 6P, ULTRA-PAC, EFF-F7 / 85%, FRAME: GI / 20MM, MAKE: EXCELAIR ",MECHANICAL MATERIAL,100,27.9,4378M,2790,Approved,PO2500015231,,
REQ2500026248,Goods, 10010066,,"BAG FILTER 592(W) X 492(H) X 508MM(D), 6P, ULTRA-PAC, EFF-F7 / 85%, FRAME: GI / 20MM, MAKE: EXCELAIR ",MECHANICAL MATERIAL,20,20,4378M,400,Approved,PO2500015231,,
REQ2500026248,Goods, 10011497,,"BAG FILTER 592 X 287 X 535MM, 6P, ULTRA PAC, EFF-F7/85%, FRAME: GI/20MM, EXCELAIR, ORIGIN: UAE ",MECHANICAL MATERIAL,20,287,4378M,5740,Approved,PO2500015231,,
REQ2500026965,Goods, 10009760,,"ISOLATOR 63A 3P, W/P, IP 65 ALUMINUM METAL ENCLOSURE, MODEL NO. KSE363 M/TPN / KSE363TPN, PART NO. 2CMA144580R1000, MAKE: ABB",ELECTRICAL MATERIAL,12,329.8,4378M,3957.6,Approved,PO2500015439,,
REQ2500026965,Goods, 10009760,,"ISOLATOR 63A 3P, W/P, IP 65 ALUMINUM METAL ENCLOSURE, MODEL NO. KSE363 M/TPN / KSE363TPN, PART NO. 2CMA144580R1000, MAKE: ABB",ELECTRICAL MATERIAL,12,329.8,4378M,3957.6,Approved,PO2500015439,,
REQ2500026047,Goods, 10032586,,"DISPOSABLE FILTER 592 H X 592 W X 48MM D / 24 X 24 X 2"", GRADE G4, SYENTHETIC MEDIA, PAPER BOARD FRAME, AMAIR 300E, MAKE: AAF, ORIGIN: UAE",OIL AND FILTERS,20,46.5,4378M,930,Approved,PO2500015523,,
REQ2500026047,Goods, 10032586,,"DISPOSABLE FILTER 592 H X 592 W X 48MM D / 24 X 24 X 2"", GRADE G4, SYENTHETIC MEDIA, PAPER BOARD FRAME, AMAIR 300E, MAKE: AAF, ORIGIN: UAE",OIL AND FILTERS,20,46.5,4378M,930,Approved,PO2500015523,,
REQ2500026965,Goods, 10017410,,"RUBBER PIPE INSULATION 7/8"" ID X 1/2"" WL X 6', MAKE: SUPERLON, ORIGIN: MALAYSIA",MECHANICAL MATERIAL,20,3.85,4378M,77,Approved,PO2500015578,,
REQ2500026965,Goods, 10017410,,"RUBBER PIPE INSULATION 7/8"" ID X 1/2"" WL X 6', MAKE: SUPERLON, ORIGIN: MALAYSIA",MECHANICAL MATERIAL,20,3.85,4378M,77,Approved,PO2500015578,,
REQ2500026594,Goods, 10003057,,"SPLIT WALL 30000BTU R410A, SCROLL, PART NO. 120RASGA30-FU, MAKE: GENERAL, ORIGIN: THAILAND",AC,8,3765,4378M,30120,Approved,PO2500015669,,
REQ2500026594,Goods, 10003057,,"SPLIT WALL 30000BTU R410A, SCROLL, PART NO. 120RASGA30-FU, MAKE: GENERAL, ORIGIN: THAILAND",AC,8,3765,4378M,30120,Approved,PO2500015669,,
REQ2500027299,Goods, 10026200,,"PIPE 7/8"" X 19' X 1.14, COPPER, STD, MAKE: MAKSAL, ORIGIN: RSA",MECHANICAL MATERIAL,5,215,4378M,1075,Approved,PO2500015765,,
REQ2500027299,Goods, 10026200,,"PIPE 7/8"" X 19' X 1.14, COPPER, STD, MAKE: MAKSAL, ORIGIN: RSA",MECHANICAL MATERIAL,5,215,4378M,1075,Approved,PO2500015765,,
REQ2500027531,Goods, 10000157,,"ISOLATOR 32-40A, 3 POLE 220V, PART NO. KSE340TPN, W/P WITH METAL BODY, MAKE: ABB",ELECTRICAL MATERIAL,2,100,4378M,200,Approved,PO2500015795,,
REQ2500027532,Goods, 10000157,,"ISOLATOR 32-40A, 3 POLE 220V, PART NO. KSE340TPN, W/P WITH METAL BODY, MAKE: ABB",ELECTRICAL MATERIAL,2,100,4378M,200,Approved,PO2500015795,,
REQ2500026740,Goods, 10000064,,"INSULATION TAPE 19MM X 10Y, BLACK, MAKE: 3M, ORIGIN: UK",ELECTRICAL MATERIAL,50,0.850008497,4378M,42.50042485,Approved,892321,,
REQ2500026740,Goods, 10001680,,"PAINT BRUSH 2"", WHITE BRISTLESS, MODEL NO. PB2WC, MAKE: CLARKE",CIVIL MATERIAL,20,2.4,4378M,48,Approved,892321,,
REQ2500026740,Goods, 10013883,,"ALUMINIUM PLAIN TAPE 2"" X 30 YARDS / ROLL, PACKING: 24 PCS/CTN, MAKE: HI-STICK, ORIGIN: UAE",MATERIALS LOCAL,24,2.62,4378M,62.88,Approved,892321,,
REQ2500026740,Goods, 10002701,,"GAS CHARGING VALVE 1/4"" X .35MM X 10CM, ORIGIN: INDIA",MECHANICAL MATERIAL,50,1.036173001,4378M,51.80865005,Approved,892321,,
REQ2500026740,Goods, 10002740,,"FLARE NUT 5/8"", BRASS, ORIGIN: INDIA",MATERIALS LOCAL,20,2.466720944,4378M,49.33441888,Approved,892321,,
REQ2500026740,Goods, 10000064,,"INSULATION TAPE 19MM X 10Y, BLACK, MAKE: 3M, ORIGIN: UK",ELECTRICAL MATERIAL,50,0.850008497,4378M,42.50042485,Approved,892321,,
REQ2500026740,Goods, 10001680,,"PAINT BRUSH 2"", WHITE BRISTLESS, MODEL NO. PB2WC, MAKE: CLARKE",CIVIL MATERIAL,20,2.4,4378M,48,Approved,892321,,
REQ2500026740,Goods, 10013883,,"ALUMINIUM PLAIN TAPE 2"" X 30 YARDS / ROLL, PACKING: 24 PCS/CTN, MAKE: HI-STICK, ORIGIN: UAE",MATERIALS LOCAL,24,2.62,4378M,62.88,Approved,892321,,
REQ2500026740,Goods, 10002701,,"GAS CHARGING VALVE 1/4"" X .35MM X 10CM, ORIGIN: INDIA",MECHANICAL MATERIAL,50,1.036173001,4378M,51.80865005,Approved,892321,,
REQ2500026740,Goods, 10002740,,"FLARE NUT 5/8"", BRASS, ORIGIN: INDIA",MATERIALS LOCAL,20,2.466720944,4378M,49.33441888,Approved,892321,,
REQ2500027532,Goods, 10000157,,"ISOLATOR 32-40A, 3 POLE 220V, PART NO. KSE340TPN, W/P WITH METAL BODY, MAKE: ABB",ELECTRICAL MATERIAL,2,100,4378M,200,Approved,PO2500015795,,
REQ2500027531,Goods, 10003057,,"SPLIT WALL 30000BTU R410A, SCROLL, PART NO. 120RASGA30-FU, MAKE: GENERAL, ORIGIN: THAILAND",AC,2,3765,4378M,7530,Approved,PO2500015816,,
REQ2500027366,Goods, 10057471,,"PANEL INDICATOR 220VAC/DC, COLOUR: GREEN, PART NO. AD22-22DS, MAKE: GIFFEX",ELECTRICAL MATERIAL,20,4,4378M,80,Approved,PO2500015845,,
REQ2500027366,Goods, 10057478,,"PANEL INDICATOR 220VAC/DC, COLOUR: BLUE, PART NO. AD22-22DS, MAKE: GIFFEX",ELECTRICAL MATERIAL,20,4,4378M,80,Approved,PO2500015845,,
REQ2500027366,Goods, 10057477,,"PANEL INDICATOR 220VAC/DC, COLOUR: RED, PART NO. AD22-22DS, MAKE: GIFFEX",ELECTRICAL MATERIAL,20,4,4378M,80,Approved,PO2500015845,,
REQ2500027366,Goods, 10057471,,"PANEL INDICATOR 220VAC/DC, COLOUR: GREEN, PART NO. AD22-22DS, MAKE: GIFFEX",ELECTRICAL MATERIAL,20,4,4378M,80,Approved,PO2500015845,,
REQ2500027366,Goods, 10057478,,"PANEL INDICATOR 220VAC/DC, COLOUR: BLUE, PART NO. AD22-22DS, MAKE: GIFFEX",ELECTRICAL MATERIAL,20,4,4378M,80,Approved,PO2500015845,,
REQ2500027366,Goods, 10057477,,"PANEL INDICATOR 220VAC/DC, COLOUR: RED, PART NO. AD22-22DS, MAKE: GIFFEX",ELECTRICAL MATERIAL,20,4,4378M,80,Approved,PO2500015845,,
REQ2500027351,Goods, 10017785,,"CONTACTOR 11KW, 110V AC COIL 400V 25A(AC3), 40A(AC1), 3P+1NO/1NC, PART NO. LC1D25F7, MAKE: SCHNEIDER ELECTRIC",ELECTRICAL MATERIAL,4,98,4378M,392,Approved,PO2500015849,,
REQ2500027351,Goods, 10017785,,"CONTACTOR 11KW, 110V AC COIL 400V 25A(AC3), 40A(AC1), 3P+1NO/1NC, PART NO. LC1D25F7, MAKE: SCHNEIDER ELECTRIC",ELECTRICAL MATERIAL,4,98,4378M,392,Approved,PO2500015849,,
REQ2500027546,Goods, 10020601,,"ANTI VIBRATION RUBBER PAD 9MM X 450MM X 450MM, ORIGIN: UAE",MECHANICAL MATERIAL,36,12,4378M,432,Approved,PO2500015852,,
REQ2500027220,Goods, 10002903,,"MEASURING TAPE 5MTR., PLASTIC BODY, MAKE: STANLEY, ORIGIN: USA",MATERIALS LOCAL,5,7.2,4378M,36,Approved,895406,,
REQ2500027220,Goods, 10002903,,"MEASURING TAPE 5MTR., PLASTIC BODY, MAKE: STANLEY, ORIGIN: USA",MATERIALS LOCAL,5,7.2,4378M,36,Approved,895406,,
REQ2500027546,Goods, 10020601,,"ANTI VIBRATION RUBBER PAD 9MM X 450MM X 450MM, ORIGIN: UAE",MECHANICAL MATERIAL,36,12,4378M,432,Approved,PO2500015852,,
REQ2500027554,Goods, 10013823,,"ANGLE 50 X 50 X 3MM X 6MTR LTH, MS, ORIGIN: CHINA",MECHANICAL MATERIAL,26,32,4378M,832,Approved,PO2500015872,,
REQ2500027554,Goods, 10013823,,"ANGLE 50 X 50 X 3MM X 6MTR LTH, MS, ORIGIN: CHINA",MECHANICAL MATERIAL,26,32,4378M,832,Approved,PO2500015872,,
REQ2500027789,Goods, 10060509,,"COPPER COIL 7/8"", MAKE: MAKSAL, ORIGIN: RSA",MECHANICAL MATERIAL,3,500,4378M,1500,Approved,PO2500015881,,
REQ2500027307,Goods, 10002373,,"CANVAS CLOTH 6 OZ, 36"" X 20 YARD / ROLL, MAKE: TAKA, ORIGIN: PAKISTAN",CIVIL MATERIAL,20,10.43460932,4378M,208.6921864,Approved,898322,,
REQ2500027307,Goods, 10000083,,"OVERLOAD RELAY 2.5-4A, MODEL NO. LRD08, MAKE: SCHNEIDER ELECTRIC, ORIGIN: FRANCE",ELECTRICAL MATERIAL,4,54,4378M,216,Approved,898322,,
REQ2500027307,Goods, 10002373,,"CANVAS CLOTH 6 OZ, 36"" X 20 YARD / ROLL, MAKE: TAKA, ORIGIN: PAKISTAN",CIVIL MATERIAL,20,10.43460932,4378M,208.6921864,Approved,898322,,
REQ2500027307,Goods, 10000083,,"OVERLOAD RELAY 2.5-4A, MODEL NO. LRD08, MAKE: SCHNEIDER ELECTRIC, ORIGIN: FRANCE",ELECTRICAL MATERIAL,4,54,4378M,216,Approved,898322,,
REQ2500027789,Goods, 10060509,,"COPPER COIL 7/8"", MAKE: MAKSAL, ORIGIN: RSA",MECHANICAL MATERIAL,3,500,4378M,1500,Approved,PO2500015881,,
REQ2500027308,Goods, 10007930,,"THERMAL OVERLOAD RELAY 4A - 6A, PART NO. LRD10, MAKE: SCHNEIDER",ELECTRICAL MATERIAL,10,57.82,4378M,578.2,Approved,PO2500015895,,
REQ2500027308,Goods, 10007930,,"THERMAL OVERLOAD RELAY 4A - 6A, PART NO. LRD10, MAKE: SCHNEIDER",ELECTRICAL MATERIAL,10,57.82,4378M,578.2,Approved,PO2500015895,,
REQ2500028036,Goods, 10002681,,"SPLIT WALL 24000BTU HI-EER R410, ROTARY, MODEL NO. 123RASGA24-FD, MAKE: GENERAL, ORIGIN: THAILAND",AC,2,2725,4378M,5450,Approved,PO2500015983,,
REQ2500028036,Goods, 10002681,,"SPLIT WALL 24000BTU HI-EER R410, ROTARY, MODEL NO. 123RASGA24-FD, MAKE: GENERAL, ORIGIN: THAILAND",AC,2,2725,4378M,5450,Approved,PO2500015983,,
REQ2500027366,Goods, 10050071,,"V-BELT B-63, MAKE: DUNLOP, ORIGIN: KOREA",MECHANICAL MATERIAL,15,23,4378M,345,Approved,PO2500016017,,
REQ2500027366,Goods, 10050071,,"V-BELT B-63, MAKE: DUNLOP, ORIGIN: KOREA",MECHANICAL MATERIAL,15,23,4378M,345,Approved,PO2500016017,,
REQ2500027306,Goods, 10033750,,"BEARING 6203-2Z-1/2"", MAKE: SKF, ORIGIN: EUROPE",MECHANICAL MATERIAL,20,8.5,4378M,170,Approved,PO2500016104,,
REQ2500027306,Goods, 10033750,,"BEARING 6203-2Z-1/2"", MAKE: SKF, ORIGIN: EUROPE",MECHANICAL MATERIAL,20,8.5,4378M,170,Approved,PO2500016104,,
REQ2500027535,Goods, 10060354,,PREVENTIVE MAINTENANCE FOR CCU SYSTEM AT CMW FUJAIRAH – BOQ AS PER ANNEXURE I,REPAIR AND MAINT COMPUTER,28,1000,4378M,28000,Approved,PO2500016118,,
REQ2500027535,Goods, 10060354,,PREVENTIVE MAINTENANCE FOR CCU SYSTEM AT CMW FUJAIRAH – BOQ AS PER ANNEXURE I,REPAIR AND MAINT COMPUTER,28,1000,4378M,28000,Approved,PO2500016118,,
REQ2500028629,Goods, 10060354,,PREVENTIVE MAINTENANCE FOR CCU SYSTEM AT CMW FUJAIRAH – BOQ AS PER ANNEXURE I,REPAIR AND MAINT COMPUTER,28,1000,4378M,28000,Approved,PO2500016118,,
REQ2500028106,Goods, 10060145,,"SUPPLY OF REFURBISHED EXV VALVE FOR RTAC 200 CHILLER NO. 1 SYSTEM A IN 3RD BUILDING AT MANAMA CAMP, TRAINING CENTER FOR GISCO, SCOPE OF WORK AS PER ANNEXURE",SUB CONTRACT MECHANICAL,1,7500,4378M,7500,Approved,PO2500016163,,
REQ2500028106,Goods, 10060145,,"SUPPLY OF REFURBISHED EXV VALVE FOR RTAC 200 CHILLER NO. 1 SYSTEM A IN 3RD BUILDING AT MANAMA CAMP, TRAINING CENTER FOR GISCO, SCOPE OF WORK AS PER ANNEXURE",SUB CONTRACT MECHANICAL,1,7500,4378M,7500,Approved,PO2500016163,,
REQ2500027366,Goods, 10050102,,"SELECTOR SWITCH, PART NO. XB5AG21, MAKE: SCHNEIDER ELECTRIC, ORIGIN: FRANCE",ELECTRICAL MATERIAL,10,47.23,4378M,472.3,Approved,PO2500016192,,
REQ2500027366,Goods, 10050102,,"SELECTOR SWITCH, PART NO. XB5AG21, MAKE: SCHNEIDER ELECTRIC, ORIGIN: FRANCE",ELECTRICAL MATERIAL,10,47.23,4378M,472.3,Approved,PO2500016192,,
REQ2500028414,Goods, 10000012,,"PUSH BUTTON GREEN WITH 1 NO, PART NO. XB4BA31, MAKE: SCHNEIDER",ELECTRICAL MATERIAL,10,20,4378M,200,Approved,PO2500016255,,
REQ2500028414,Goods, 10000012,,"PUSH BUTTON GREEN WITH 1 NO, PART NO. XB4BA31, MAKE: SCHNEIDER",ELECTRICAL MATERIAL,10,20,4378M,200,Approved,PO2500016255,,
REQ2500027164,Goods, 10002851,,"CANVAS COATING GEE FIX 30/36 (EQUIVALENT TO FOSTER 30/36), PACKING: 20KG / DRUM, ORIGIN: UAE",MATERIALS LOCAL,6,33.5,4378M,201,Approved,PO2500016292,,
REQ2500027164,Goods, 10002851,,"CANVAS COATING GEE FIX 30/36 (EQUIVALENT TO FOSTER 30/36), PACKING: 20KG / DRUM, ORIGIN: UAE",MATERIALS LOCAL,6,33.5,4378M,201,Approved,PO2500016292,,
REQ2500028292,Goods, 10000083,,"OVERLOAD RELAY 2.5-4A, MODEL NO. LRD08, MAKE: SCHNEIDER ELECTRIC, ORIGIN: FRANCE",ELECTRICAL MATERIAL,10,54,4378M,540,Approved,PO2500016317,,
REQ2500027543,Goods, 10002049,,"FISCHER 6MM X 30MM, CAP TYPE, CF6CT, PACKING 80 NOS./PKT., MAKE: CLARKE",MATERIALS LOCAL,20,1,4378M,20,Approved,900329,,
REQ2500027543,Goods, 10002049,,"FISCHER 6MM X 30MM, CAP TYPE, CF6CT, PACKING 80 NOS./PKT., MAKE: CLARKE",MATERIALS LOCAL,20,1,4378M,20,Approved,900329,,
REQ2500028292,Goods, 10007930,,"THERMAL OVERLOAD RELAY 4A - 6A, PART NO. LRD10, MAKE: SCHNEIDER",ELECTRICAL MATERIAL,10,57.82,4378M,578.2,Approved,PO2500016317,,
REQ2500028292,Goods, 10000083,,"OVERLOAD RELAY 2.5-4A, MODEL NO. LRD08, MAKE: SCHNEIDER ELECTRIC, ORIGIN: FRANCE",ELECTRICAL MATERIAL,10,54,4378M,540,Approved,PO2500016317,,
REQ2500028292,Goods, 10007930,,"THERMAL OVERLOAD RELAY 4A - 6A, PART NO. LRD10, MAKE: SCHNEIDER",ELECTRICAL MATERIAL,10,57.82,4378M,578.2,Approved,PO2500016317,,
REQ2500028292,Goods, 10036520,,"V BELT, B-74, MAKE: DUNLOP, ORIGIN: KOREA",MECHANICAL MATERIAL,10,27,4378M,270,Approved,PO2500016318,,
REQ2500028292,Goods, 10036520,,"V BELT, B-74, MAKE: DUNLOP, ORIGIN: KOREA",MECHANICAL MATERIAL,10,27,4378M,270,Approved,PO2500016318,,
REQ2500028292,Goods, 10002451,,"TIME DELAY RELAY 10 - 1000 SEC, 24V AC, PART NO. HMVR24A2X1000, MODEL NO. ICM104/24VAC, MAKE: ICM, ORIGIN: USA",ELECTRICAL MATERIAL,10,113,4378M,1130,Approved,PO2500016323,,
REQ2500028292,Goods, 10002851,,"CANVAS COATING GEE FIX 30/36 (EQUIVALENT TO FOSTER 30/36), PACKING: 20KG / DRUM, ORIGIN: UAE",MATERIALS LOCAL,15,33.5,4378M,502.5,Approved,PO2500016323,,
REQ2500028292,Goods, 10002451,,"TIME DELAY RELAY 10 - 1000 SEC, 24V AC, PART NO. HMVR24A2X1000, MODEL NO. ICM104/24VAC, MAKE: ICM, ORIGIN: USA",ELECTRICAL MATERIAL,10,113,4378M,1130,Approved,PO2500016323,,
REQ2500028292,Goods, 10002851,,"CANVAS COATING GEE FIX 30/36 (EQUIVALENT TO FOSTER 30/36), PACKING: 20KG / DRUM, ORIGIN: UAE",MATERIALS LOCAL,15,33.5,4378M,502.5,Approved,PO2500016323,,
REQ2500028292,Goods, 10000737,,"TRANSFORMER 240VAC TO 24VAC 40VA, PRODUCT CODE: SM-CM-293",ELECTRICAL MATERIAL,10,43,4378M,430,Approved,PO2500016325,,
REQ2500028156,Goods, 10002323,,"PILLOW VACCUM PACK 700GRAM, STD, COLOUR: WHITE, ORIGIN: UAE",LABOUR ACCOMMODATION EXPS,3,8.000001141,4378M,24.00000342,Approved,907352,,
REQ2500028156,Goods, 10002324,,"BED SHEET SINGLE 150 X 230CM WITH PILLOW CASE 50 X 75CM, BRAND: INDIGO, ORIGIN: PAKISTAN",LABOUR ACCOMMODATION EXPS,3,19.00001878,4378M,57.00005634,Approved,907352,,
REQ2500028156,Goods, 10002322,,"BLANKET SINGLE 2PLY 170 X 230CM, WEIGHT: 10.2LBS, BRAND: FLORA GOLD, ORIGIN: KOREA",LABOUR ACCOMMODATION EXPS,3,64.99991286,4378M,194.9997386,Approved,907352,,
REQ2500028156,Goods, 10002323,,"PILLOW VACCUM PACK 700GRAM, STD, COLOUR: WHITE, ORIGIN: UAE",LABOUR ACCOMMODATION EXPS,3,8.000001141,4378M,24.00000342,Approved,907352,,
REQ2500028156,Goods, 10002324,,"BED SHEET SINGLE 150 X 230CM WITH PILLOW CASE 50 X 75CM, BRAND: INDIGO, ORIGIN: PAKISTAN",LABOUR ACCOMMODATION EXPS,3,19.00001878,4378M,57.00005634,Approved,907352,,
REQ2500028156,Goods, 10002322,,"BLANKET SINGLE 2PLY 170 X 230CM, WEIGHT: 10.2LBS, BRAND: FLORA GOLD, ORIGIN: KOREA",LABOUR ACCOMMODATION EXPS,3,64.99991286,4378M,194.9997386,Approved,907352,,
REQ2500028236,Goods, 10002323,,"PILLOW VACCUM PACK 700GRAM, STD, COLOUR: WHITE, ORIGIN: UAE",LABOUR ACCOMMODATION EXPS,16,8.000001141,4378M,128.0000183,Approved,911327,,
REQ2500028236,Goods, 10002324,,"BED SHEET SINGLE 150 X 230CM WITH PILLOW CASE 50 X 75CM, BRAND: INDIGO, ORIGIN: PAKISTAN",LABOUR ACCOMMODATION EXPS,16,19.00001878,4378M,304.0003005,Approved,911327,,
REQ2500028236,Goods, 10002322,,"BLANKET SINGLE 2PLY 170 X 230CM, WEIGHT: 10.2LBS, BRAND: FLORA GOLD, ORIGIN: KOREA",LABOUR ACCOMMODATION EXPS,16,64.99991286,4378M,1039.998606,Approved,911327,,
REQ2500028236,Goods, 10002325,,"MATRESS FULLY MEDICATED, THICKNESS: 8CM, WITH 5 YEAR WARRANTY, BRAND: SUPER, ORIGIN: UAE",LABOUR ACCOMMODATION EXPS,1,75,4378M,75,Approved,911327,,
REQ2500028236,Goods, 10002323,,"PILLOW VACCUM PACK 700GRAM, STD, COLOUR: WHITE, ORIGIN: UAE",LABOUR ACCOMMODATION EXPS,16,8.000001141,4378M,128.0000183,Approved,911327,,
REQ2500028236,Goods, 10002324,,"BED SHEET SINGLE 150 X 230CM WITH PILLOW CASE 50 X 75CM, BRAND: INDIGO, ORIGIN: PAKISTAN",LABOUR ACCOMMODATION EXPS,16,19.00001878,4378M,304.0003005,Approved,911327,,
REQ2500028236,Goods, 10002322,,"BLANKET SINGLE 2PLY 170 X 230CM, WEIGHT: 10.2LBS, BRAND: FLORA GOLD, ORIGIN: KOREA",LABOUR ACCOMMODATION EXPS,16,64.99991286,4378M,1039.998606,Approved,911327,,
REQ2500028236,Goods, 10002325,,"MATRESS FULLY MEDICATED, THICKNESS: 8CM, WITH 5 YEAR WARRANTY, BRAND: SUPER, ORIGIN: UAE",LABOUR ACCOMMODATION EXPS,1,75,4378M,75,Approved,911327,,
REQ2500028291,Goods, 10000113,,"CONTACTOR 15KW 400V 32A (AC3) 50A (AC1) 3P 24V AC COIL, 1NO/1NC, PART NO. LC1D32B7, MAKE: SCHNEIDER, ORIGIN: FRANCE",ELECTRICAL MATERIAL,15,117,4378M,1755,Approved,911342,,
REQ2500028291,Goods, 10000055,,"CONTACTOR 11KW 400V 25A (AC3) 40A (AC1) 3P 1NO+1NC 220V AC COIL, 50/60HZ., PART NO. LC1D25U7, MAKE: SCHNEIDER ELECTRIC, ORIGIN: FRANCE",ELECTRICAL MATERIAL,15,88.5,4378M,1327.5,Approved,911342,,
REQ2500028291,Goods, 10025305,,"BLACK TAPE 2"" X 60Ft, PVC, PACKING: 60 ROLL / BOX, PRODUCT CODE: IFT-0009, MAKE: INNERFIX",CIVIL MATERIAL,50,1.74,4378M,87,Approved,911342,,
REQ2500028291,Goods, 10000151,,"CONTACTOR 9A 3P 240V AC, 1NO+1NC, 50/60HZ., PART NO. LC1D09U7, MAKE: SCHNEIDER ELECTRIC",ELECTRICAL MATERIAL,15,43.5,4378M,652.5,Approved,911342,,
REQ2500028291,Goods, 10002373,,"CANVAS CLOTH 6 OZ, 36"" X 20 YARD / ROLL, MAKE: TAKA, ORIGIN: PAKISTAN",CIVIL MATERIAL,10,10.43460932,4378M,104.3460932,Approved,911342,,
REQ2500028291,Goods, 10002738,,"FREON GAS R410A X 25LBS / 11.3KG DISPOSIBLE CYLINDER, MAKE: FLORON",GAS,7,282.9850337,4378M,1980.895236,Approved,911342,,
REQ2500028291,Goods, 10007631,,"GAS R22, PACKING: 13.6KG 30LBS. DISPOSABLE CYLINDER, BRAND: MAFRON, ORIGIN: INDIA",GAS,10,230.0026677,4378M,2300.026677,Approved,911342,,
REQ2500028291,Goods, 10001852,,"PAINT RADIATOR / ROLLER REFILLS 4"" (REFILLS ONLY), MAKE: CLARKE",CIVIL MATERIAL,30,0.65,4378M,19.5,Approved,911342,,
REQ2500028291,Goods, 10000113,,"CONTACTOR 15KW 400V 32A (AC3) 50A (AC1) 3P 24V AC COIL, 1NO/1NC, PART NO. LC1D32B7, MAKE: SCHNEIDER, ORIGIN: FRANCE",ELECTRICAL MATERIAL,15,117,4378M,1755,Approved,911342,,
REQ2500028291,Goods, 10000055,,"CONTACTOR 11KW 400V 25A (AC3) 40A (AC1) 3P 1NO+1NC 220V AC COIL, 50/60HZ., PART NO. LC1D25U7, MAKE: SCHNEIDER ELECTRIC, ORIGIN: FRANCE",ELECTRICAL MATERIAL,15,88.5,4378M,1327.5,Approved,911342,,
REQ2500028291,Goods, 10025305,,"BLACK TAPE 2"" X 60Ft, PVC, PACKING: 60 ROLL / BOX, PRODUCT CODE: IFT-0009, MAKE: INNERFIX",CIVIL MATERIAL,50,1.74,4378M,87,Approved,911342,,
REQ2500028291,Goods, 10000151,,"CONTACTOR 9A 3P 240V AC, 1NO+1NC, 50/60HZ., PART NO. LC1D09U7, MAKE: SCHNEIDER ELECTRIC",ELECTRICAL MATERIAL,15,43.5,4378M,652.5,Approved,911342,,
REQ2500028291,Goods, 10002373,,"CANVAS CLOTH 6 OZ, 36"" X 20 YARD / ROLL, MAKE: TAKA, ORIGIN: PAKISTAN",CIVIL MATERIAL,10,10.43460932,4378M,104.3460932,Approved,911342,,
REQ2500028291,Goods, 10002738,,"FREON GAS R410A X 25LBS / 11.3KG DISPOSIBLE CYLINDER, MAKE: FLORON",GAS,7,282.9850337,4378M,1980.895236,Approved,911342,,
REQ2500028291,Goods, 10007631,,"GAS R22, PACKING: 13.6KG 30LBS. DISPOSABLE CYLINDER, BRAND: MAFRON, ORIGIN: INDIA",GAS,10,230.0026677,4378M,2300.026677,Approved,911342,,
REQ2500028291,Goods, 10001852,,"PAINT RADIATOR / ROLLER REFILLS 4"" (REFILLS ONLY), MAKE: CLARKE",CIVIL MATERIAL,30,0.65,4378M,19.5,Approved,911342,,
REQ2500028292,Goods, 10000737,,"TRANSFORMER 240VAC TO 24VAC 40VA, PRODUCT CODE: SM-CM-293",ELECTRICAL MATERIAL,10,43,4378M,430,Approved,PO2500016325,,
REQ2500028541,Goods, 10002731,,"OIL 3GS 3.78LTR GAL, BRAND: SUNISE, ORIGIN: INDIA",OIL AND FILTERS,5,43,4378M,215,Approved,PO2500016435,,
REQ2500028541,Goods, 10011543,,"CONTACTOR 40A 24VAC 2P 50/60 HZ, PART NO. MC40P2, MAKE: DACO, ORIGIN: KOREA",ELECTRICAL MATERIAL,50,45,4378M,2250,Approved,PO2500016435,,
REQ2500028541,Goods, 10011543,,"CONTACTOR 40A 24VAC 2P 50/60 HZ, PART NO. MC40P2, MAKE: DACO, ORIGIN: KOREA",ELECTRICAL MATERIAL,50,45,4378M,2250,Approved,PO2500016435,,
REQ2500028541,Goods, 10002731,,"OIL 3GS 3.78LTR GAL, BRAND: SUNISE, ORIGIN: INDIA",OIL AND FILTERS,5,43,4378M,215,Approved,PO2500016435,,
REQ2500028541,Goods, 10038386,,"SELF DRILLING SCREW 8 X 1/2"", WAFER HEAD, PACKING: 1000 NOS/PKT, ORIGIN: CHINA",MATERIALS LOCAL,2,18,4378M,36,Approved,PO2500016444,,
REQ2500028541,Goods, 10048555,,"SELF DRILLING SCREW 8 X 1"", WAFER HEAD, PACKING: 1000NOS/PKT, ORIGIN: CHINA",MATERIALS LOCAL,2,32,4378M,64,Approved,PO2500016444,,
REQ2500028541,Goods, 10038386,,"SELF DRILLING SCREW 8 X 1/2"", WAFER HEAD, PACKING: 1000 NOS/PKT, ORIGIN: CHINA",MATERIALS LOCAL,2,18,4378M,36,Approved,PO2500016444,,
REQ2500028541,Goods, 10048555,,"SELF DRILLING SCREW 8 X 1"", WAFER HEAD, PACKING: 1000NOS/PKT, ORIGIN: CHINA",MATERIALS LOCAL,2,32,4378M,64,Approved,PO2500016444,,
REQ2500028541,Goods, 10007899,,"ALUMINIUM FILTER MEDIA SHEETS 40"" X 64"" X 1"", BRAND: BINAIR, ORIGIN: UAE",MECHANICAL MATERIAL,10,111.55,4378M,1115.5,Approved,PO2500016445,,
REQ2500028541,Goods, 10007899,,"ALUMINIUM FILTER MEDIA SHEETS 40"" X 64"" X 1"", BRAND: BINAIR, ORIGIN: UAE",MECHANICAL MATERIAL,10,111.55,4378M,1115.5,Approved,PO2500016445,,
REQ2500028541,Goods, 10000132,,"PHASE FAILURE RELAY 3 PHASE, PART NO. RM17TG20, MAKE: SCHNEIDER ELECTRIC, ORIGIN: INDIA",ELECTRICAL MATERIAL,20,93.04,4378M,1860.8,Approved,PO2500016446,,
REQ2500028541,Goods, 10000132,,"PHASE FAILURE RELAY 3 PHASE, PART NO. RM17TG20, MAKE: SCHNEIDER ELECTRIC, ORIGIN: INDIA",ELECTRICAL MATERIAL,20,93.04,4378M,1860.8,Approved,PO2500016446,,
REQ2500028541,Goods, 10015678,,"TERMINAL CONNECTOR 6MM, PVC CLEAR TYPE, PACKING: 10PCS/PKT, MAKE: KEDBROOKE, ORIGIN: INDIA ",ELECTRICAL MATERIAL,3,8.4,4378M,25.2,Approved,PO2500016447,,
REQ2500028538,Goods, 10000009,,"BATTERY AA, PACKING: 20 CARD / BOX, 2PCS / CARD, BRAND: ENERGIZER",BATTERY,20,2.435291397,4378M,48.70582794,Approved,915354,,
REQ2500028538,Goods, 10000487,,"BATTERY AAA, PACKING: 20 CARD / BOX, 2PCS / CARD, BRAND: ENERGIZER",BATTERY,20,4.676876593,4378M,93.53753186,Approved,915354,,
REQ2500028538,Goods, 10001761,,"DOTTED GLOVES 14 OZ - SINGLE SIDE DOTTED, MATERIAL: POLYSTER, COTTON & PVC DOTS, MODEL NO. 757, PART NO. 81GLOV-SSD, MAKE: RIGMAN",OTHER EXPENSES,100,0.95,4378M,95,Approved,915354,,
REQ2500028538,Goods, 10000061,,"INSULATION TAPE 19MM X 10Y, RED, MAKE: 3M, ORIGIN: UK",ELECTRICAL MATERIAL,30,0.850517598,4378M,25.51552794,Approved,915354,,
REQ2500028538,Goods, 10001737,,"FOAM SPRAY 500ML, PACKING: 12PC / CTN, MAKE: ASMACO",CIVIL MATERIAL,12,6.751180885,4378M,81.01417062,Approved,915354,,
REQ2500028538,Goods, 10033190,,"TERMINAL CONNECTOR 16MM, PVC WHITE, PACKING: 10 STRIP / PKT; 10PCS / STRIP, MAKE: KEDBROOKE, ORIGIN: INDIA ",ELECTRICAL MATERIAL,3,33.5,4378M,100.5,Approved,915354,,
REQ2500028538,Goods, 10000181,,"EXTENSION REEL 4 GANG BS STANDARD SOCKETS WITH 25 MTR CABLE, MODEL NO. EBCR25MT, MAKE: RR, ORIGIN: INDIA",ELECTRICAL MATERIAL,1,110.1317523,4378M,110.1317523,Approved,915354,,
REQ2500028538,Goods, 10005067,,"PEN 1.0MM, BLACK, TRI-MATE, MAKE: CELLO, ORIGIN: INDIA",STAIONERY,5,0.310045123,4378M,1.550225615,Approved,915354,,
REQ2500028538,Goods, 10005039,,"PEN, COLOR BLUE, 0.7MM FINE, MODEL 1423, MAKE: FABER CASTELL, ORIGIN: GERMANY",STAIONERY,15,0.38,4378M,5.7,Approved,915354,,
REQ2500028538,Goods, 10000009,,"BATTERY AA, PACKING: 20 CARD / BOX, 2PCS / CARD, BRAND: ENERGIZER",BATTERY,20,2.435291397,4378M,48.70582794,Approved,915354,,
REQ2500028538,Goods, 10000487,,"BATTERY AAA, PACKING: 20 CARD / BOX, 2PCS / CARD, BRAND: ENERGIZER",BATTERY,20,4.676876593,4378M,93.53753186,Approved,915354,,
REQ2500028538,Goods, 10001761,,"DOTTED GLOVES 14 OZ - SINGLE SIDE DOTTED, MATERIAL: POLYSTER, COTTON & PVC DOTS, MODEL NO. 757, PART NO. 81GLOV-SSD, MAKE: RIGMAN",OTHER EXPENSES,100,0.95,4378M,95,Approved,915354,,
REQ2500028538,Goods, 10000061,,"INSULATION TAPE 19MM X 10Y, RED, MAKE: 3M, ORIGIN: UK",ELECTRICAL MATERIAL,30,0.850517598,4378M,25.51552794,Approved,915354,,
REQ2500028538,Goods, 10001737,,"FOAM SPRAY 500ML, PACKING: 12PC / CTN, MAKE: ASMACO",CIVIL MATERIAL,12,6.751180885,4378M,81.01417062,Approved,915354,,
REQ2500028538,Goods, 10033190,,"TERMINAL CONNECTOR 16MM, PVC WHITE, PACKING: 10 STRIP / PKT; 10PCS / STRIP, MAKE: KEDBROOKE, ORIGIN: INDIA ",ELECTRICAL MATERIAL,3,33.5,4378M,100.5,Approved,915354,,
REQ2500028538,Goods, 10000181,,"EXTENSION REEL 4 GANG BS STANDARD SOCKETS WITH 25 MTR CABLE, MODEL NO. EBCR25MT, MAKE: RR, ORIGIN: INDIA",ELECTRICAL MATERIAL,1,110.1317523,4378M,110.1317523,Approved,915354,,
REQ2500028538,Goods, 10005067,,"PEN 1.0MM, BLACK, TRI-MATE, MAKE: CELLO, ORIGIN: INDIA",STAIONERY,5,0.310045123,4378M,1.550225615,Approved,915354,,
REQ2500028538,Goods, 10005039,,"PEN, COLOR BLUE, 0.7MM FINE, MODEL 1423, MAKE: FABER CASTELL, ORIGIN: GERMANY",STAIONERY,15,0.38,4378M,5.7,Approved,915354,,
REQ2500028541,Goods, 10015678,,"TERMINAL CONNECTOR 6MM, PVC CLEAR TYPE, PACKING: 10PCS/PKT, MAKE: KEDBROOKE, ORIGIN: INDIA ",ELECTRICAL MATERIAL,3,8.4,4378M,25.2,Approved,PO2500016447,,
REQ2500027217,Goods, 10002752,,"PIPE WRENCH 18"" STRAIGHT H/D, PART NO. 31025-18, MAKE: RIDGID, ORIGIN: USA",MECHANICAL MATERIAL,2,225,4378M,450,Approved,PO2500016468,,
REQ2500027217,Goods, 10002349,,"PIPE WRENCH 14"" STRAIGHT H/D, PART NO. 31020-14, MAKE: RIDGID, ORIGIN: USA",MATERIALS LOCAL,2,2,4378M,4,Approved,PO2500016468,,
REQ2500027217,Goods, 10002752,,"PIPE WRENCH 18"" STRAIGHT H/D, PART NO. 31025-18, MAKE: RIDGID, ORIGIN: USA",MECHANICAL MATERIAL,2,225,4378M,450,Approved,PO2500016468,,
REQ2500027217,Goods, 10002349,,"PIPE WRENCH 14"" STRAIGHT H/D, PART NO. 31020-14, MAKE: RIDGID, ORIGIN: USA",MATERIALS LOCAL,2,2,4378M,4,Approved,PO2500016468,,
REQ2500028792,Goods, 10021523,,"V BELT B-34, MAKE: DUNLOP, ORIGIN: KOREA",MECHANICAL MATERIAL,10,11,4378M,110,Approved,PO2500016521,,
REQ2500028792,Goods, 10018563,,"V BELT A-41, MAKE: DUNLOP, ORIGIN: KOREA",MECHANICAL MATERIAL,10,10,4378M,100,Approved,PO2500016521,,
REQ2500028792,Goods, 10021523,,"V BELT B-34, MAKE: DUNLOP, ORIGIN: KOREA",MECHANICAL MATERIAL,10,11,4378M,110,Approved,PO2500016521,,
REQ2500028792,Goods, 10018563,,"V BELT A-41, MAKE: DUNLOP, ORIGIN: KOREA",MECHANICAL MATERIAL,10,10,4378M,100,Approved,PO2500016521,,
REQ2500028792,Goods, 10054153,,"CONTACTOR 50A, 24V AC COIL, 3P, PART NO. LC1D50AB7, MAKE: SCHNEIDER ELECTRIC",ELECTRICAL MATERIAL,15,205,4378M,3075,Approved,PO2500016546,,
REQ2500028792,Goods, 10054153,,"CONTACTOR 50A, 24V AC COIL, 3P, PART NO. LC1D50AB7, MAKE: SCHNEIDER ELECTRIC",ELECTRICAL MATERIAL,15,205,4378M,3075,Approved,PO2500016546,,
REQ2500028876,Goods, 10002050,,"SHOULDER TOOL BAG 18"", BACKPACK, MODEL NO. STST1-72335, MAKE: STANLEY",MATERIALS LOCAL,5,166,4378M,830,Approved,PO2500016681,,
REQ2500028986,Goods, 10061155,,"PCB, COM-IPDU, MCC-1596, PART NO. 4316V441, MODEL NO. MMY-MAP0804HT8-ME, MAKE: TOSHIBA",ELECTRICAL MATERIAL,1,2735,4378M,2735,Approved,PO2500016725,,
REQ2500027366,Goods, 10046200,,"PUSH BUTTON BLACK WITH 1 NO, METALIC, PART NO. XB4BA21, MAKE: SCHNEIDER",ELECTRICAL MATERIAL,10,20.47,4378M,204.7,Approved,PO2500016768,,
REQ2600000144,Goods, 10051987,,"V BELT AX-40, MAKE: DUNLOP, MAKE: KOREA",MECHANICAL MATERIAL,10,18,4378M,180,Approved,PO2600000163,,
REQ2600000144,Goods, 10004617,,"V-BELT BX-40, MAKE: DUNLOP, ORIGIN: KOREA",MECHANICAL MATERIAL,10,10,4378M,100,Approved,PO2600000163,,
REQ2600000144,Goods, 10039605,,"V-BELT B-46, MAKE: DUNLOP, ORIGIN: KOREA",MECHANICAL MATERIAL,10,17,4378M,170,Approved,PO2600000163,,
REQ2600000144,Goods, 10009432,,"V BELT B-36, MAKE: DUNLOP, ORIGIN: KOREA",MECHANICAL MATERIAL,10,14,4378M,140,Approved,PO2600000163,,
REQ2600000144,Goods, 10002282,,"V-BELT A-40, MAKE: OPTI, ORIGIN: EUROPE",MECHANICAL MATERIAL,10,23.75,4378M,237.5,Approved,PO2600000176,,
REQ2600000537,Goods, 10010890,,"GAS R22, Packing: 30 LBS / CYL., BRAND: HONEYWELL, ORIGIN: USA",GAS,5,375,4378M,1875,Approved,PO2600000360,,
REQ2600000537,Goods, 10002851,,"CANVAS COATING GEE FIX 30/36 (EQUIVALENT TO FOSTER 30/36), PACKING: 20KG / DRUM, ORIGIN: UAE",MATERIALS LOCAL,5,33.5,4378M,167.5,Approved,PO2600000360,,
REQ2500028801,Goods, 10000104,,"CONTACTOR 9A 1NO+1NC 24V COIL, 50/60HZ, MODEL NO. LC1D09B7, MAKE: SCHNEIDER ELECTRIC",,15,42.5,4378M,637.5,Approved,917356,,
REQ2500028801,Goods, 10000104,,"CONTACTOR 9A 1NO+1NC 24V COIL, 50/60HZ, MODEL NO. LC1D09B7, MAKE: SCHNEIDER ELECTRIC",ELECTRICAL MATERIAL,15,42.5,4378M,637.5,Approved,917356,,
REQ2500028801,Goods, 10000104,,"CONTACTOR 9A 1NO+1NC 24V COIL, 50/60HZ, MODEL NO. LC1D09B7, MAKE: SCHNEIDER ELECTRIC",ELECTRICAL MATERIAL,15,42.5,4378M,637.5,Approved,917356,,
REQ2600000406,Goods, 10006415,,"CHILLED WATER ANALYSIS AND REPORT, LOCATION AS PER ANNEXURE ",CHEMICAL AND LAB TEST,12,125,4378M,1500,Approved,PO2600000449,,
REQ2600000819,Goods, 10013823,,"ANGLE 50 X 50 X 3MM X 6MTR LTH, MS, ORIGIN: CHINA",MECHANICAL MATERIAL,26,32,4378M,832,Approved,PO2600000474,,
REQ2600000816,Goods, 10048888,,"BEARING UCP207, MAKE: FYH",MECHANICAL MATERIAL,5,60,4378M,300,Approved,PO2600000498,,
REQ2600000142,Goods, 10002293,,"BRAZING ROD 0%, 1/8"" FLAT, 28STK/PKT, BRAND: HARIS, ORIGIN: USA",MATERIALS LOCAL,10,32.96991608,4378M,329.6991608,Approved,931321,,
REQ2600000142,Goods, 10002344,,"BRAZING ROD BLUE 45% FLUX COATED (1 X 9 / PKT), BRAND: HARIS, ORIGIN: USA",MATERIALS LOCAL,10,27.24746628,4378M,272.4746628,Approved,931321,,
REQ2600000142,Goods, 10001737,,"FOAM SPRAY 500ML, PACKING: 12PC / CTN, MAKE: ASMACO",CIVIL MATERIAL,20,6.751180885,4378M,135.0236177,Approved,931321,,
REQ2600000142,Goods, 10002621,,"BEARING 6202 ZZ, MAKE: NSK, ORIGIN: POLAND",MECHANICAL MATERIAL,10,4.283828068,4378M,42.83828068,Approved,931321,,
REQ2600000142,Goods, 10003179,,"BEARING 6202-1/22RS, MAKE: RSDAK",MECHANICAL MATERIAL,20,4.476190476,4378M,89.52380952,Approved,931321,,
REQ2600000831,Goods, 10000196,,"FLEXIBLE CONDUIT 20MM X 15 MTR. / ROL, BLACK PVC COVER, G.I COATED, BRAND: RELITE, ORIGIN: INDIA",ELECTRICAL MATERIAL,10,16.48972854,4378M,164.8972854,Approved,PO2600000500,,
REQ2600000755,Goods, 10001998,,"LACQUER THINNER, PACKING: 3.6 LTR./GAL, MAKE: NATIONAL",CIVIL MATERIAL,4,29.52,4378M,118.08,Approved,PO2600000522,,
REQ2600000794,Goods, 10002681,,"SPLIT WALL 24000BTU HI-EER R410, ROTARY, MODEL NO. 123RASGA24-FD, MAKE: GENERAL, ORIGIN: THAILAND",AC,6,2725,4378M,16350,Approved,PO2600000526,,
REQ2600000636,Goods, 10061520,,"COMPRESSOR ROTARY, 2TON, R22, (USED) MODEL NO. PH370X3CS-4MU1",COMPRESSORS AND MOTORS,5,225,4378M,1125,Approved,PO2600000560,,
REQ2600000636,Goods, 10061521,,"COMPRESSOR SCROLL, 3PHASE, MODEL NO. ZR125KCE-TFD-522, (USED) MAKE: COPELAND",COMPRESSORS AND MOTORS,1,1100,4378M,1100,Approved,PO2600000560,,
REQ2600000636,Goods, 10061522,,"COMPRESSOR REFRIGERATING 7.5KW, R22, 3PHASE, (USED) MODEL NO. EL1000",COMPRESSORS AND MOTORS,1,1500,4378M,1500,Approved,PO2600000560,,
REQ2600000636,Goods, 10061523,,"COMPRESSOR SCROLL, 3PH, MODEL NO. ZR61, (USED) MAKE: COPELAND",COMPRESSORS AND MOTORS,1,525,4378M,525,Approved,PO2600000560,,
REQ2600000263,Goods, 10001958,,"CUTTING WHEEL INOX 100 X 1 X 16MM 4"", PART NO. D18758, MAKE: MAKITA",MATERIALS LOCAL,20,1.9,4378M,38,Approved,935319,,
REQ2600000636,Goods, 10061524,,"COMPRESSOR SCROLL, 3PH, MODEL NO. ZR125-KCE-TFD-250, (USED) MAKE: COPELAND",COMPRESSORS AND MOTORS,2,1100,4378M,2200,Approved,PO2600000560,,
REQ2600000636,Goods, 10061525,,"COMPRESSOR SCROLL, 3PH, MODEL NO. ZR250KCE-TWD-522, (USED) MAKE: COPELAND",COMPRESSORS AND MOTORS,1,4500,4378M,4500,Approved,PO2600000560,,
REQ2600000636,Goods, 10061526,,"COMPRESSOR, 3PH, MODEL NO. 8M110-4GSC, (USED) MAKE: DANFOSS",COMPRESSORS AND MOTORS,1,1100,4378M,1100,Approved,PO2600000560,,
REQ2600000636,Goods, 10061527,,"COMPRESSOR SCROLL, 3PH, MODEL NO. ZR125-TFD, (USED) MAKE: COPELAND",COMPRESSORS AND MOTORS,2,1100,4378M,2200,Approved,PO2600000560,,
REQ2600000535,Goods, 10002373,,"CANVAS CLOTH 6 OZ, 36"" X 20 YARD / ROLL, MAKE: TAKA, ORIGIN: PAKISTAN",CIVIL MATERIAL,10,10.43460932,4378M,104.3460932,Approved,940326,,
REQ2600000535,Goods, 10001680,,"PAINT BRUSH 2"", WHITE BRISTLESS, MODEL NO. PB2WC, MAKE: CLARKE",CIVIL MATERIAL,20,2.4,4378M,48,Approved,940326,,
REQ2600000535,Goods, 10025305,,"BLACK TAPE 2"" X 60Ft, PVC, PACKING: 60 ROLL / BOX, PRODUCT CODE: IFT-0009, MAKE: INNERFIX",CIVIL MATERIAL,50,1.74,4378M,87,Approved,940326,,
REQ2600000636,Goods, 10061528,,"COMPRESSOR SCROLL, 3PH, MODEL NO. ZR108KCE-TFD-522, (USED) MAKE: COPELAND",COMPRESSORS AND MOTORS,1,1100,4378M,1100,Approved,PO2600000560,,
REQ2600000636,Goods, 10061529,,"COMPRESSOR SCROLL, 1PH, MODEL NO. ZR36PFZ-501, (USED) MAKE: COPELAND",COMPRESSORS AND MOTORS,1,350,4378M,350,Approved,PO2600000560,,
REQ2600000636,Goods, 10061530,,"COMPRESSOR 7.5KW, 3PH, MODEL NO. 1000ELT160D3, (USED) MAKE: HITACHI",COMPRESSORS AND MOTORS,2,2,4378M,4,Approved,PO2600000560,,
REQ2600000636,Goods, 10052247,,"COMPRESSOR 3PH, MODEL NO. MT160HW4EVE (USED), MAKE: DANFOSS",COMPRESSORS AND MOTORS,2,1500,4378M,3000,Approved,PO2600000560,,
REQ2600000636,Goods, 10061531,,"COMPRESSOR, 1PH, 2TON, (USED) MODEL NO. CK30-PFZ-101/H2EB32SABKB",COMPRESSORS AND MOTORS,5,5,4378M,25,Approved,PO2600000560,,
REQ2600000756,Goods, 10059062,,"FOAM SHEET 1/2""(12MM), 1.2 X 20M, XPE (LINER) CLOSED CELL POLYOLEFIN, MAKE: KFLEX / K-FOAM",MECHANICAL MATERIAL,1,380,4378M,380,Approved,PO2600000584,,
REQ2600000756,Goods, 10059063,,"FOAM SHEET 1 1/4"" (32MM), 1.2 X 2.4M, XPE (LINER) CLOSED CELL POLYOLEFIN, MAKE: KFLEX / K-FOAM",MECHANICAL MATERIAL,6,1,4378M,6,Approved,PO2600000584,,
REQ2600000756,Goods, 10059064,,"FOAM SHEET 1 1/2"" (40MM), 1.2 X 2.4M, XPE (LINER) CLOSED CELL POLYOLEFIN, MAKE: KFLEX / K-FOAM",MECHANICAL MATERIAL,5,1,4378M,5,Approved,PO2600000584,,
REQ2600001043,Goods, 10034244,,"PRESSURE GAUGE 4"", DIAL 0-10BAR, 150PSI, 1/2"" MALE NPT, SS316, PART CODE: PG 4"" NPT (M)10BAR, MAKE: PROTECH, ORIGIN: INDIA",MECHANICAL MATERIAL,20,60,4378M,1200,Approved,PO2600000664,,
REQ2600000831,Goods, 10000083,,"OVERLOAD RELAY 2.5-4A, MODEL NO. LRD08, MAKE: SCHNEIDER ELECTRIC, ORIGIN: FRANCE",ELECTRICAL MATERIAL,15,54,4378M,810,Approved,PO2600000697,,
REQ2600000144,Goods, 10011469,,"TIME DELAY TIMER 3 - 10MIN, PART NO. ICM102B, MAKE: ICM, ORIGIN: USA",ELECTRICAL MATERIAL,20,14,4378M,280,Approved,PO2600000704,,
REQ2600000425,Goods, 10033750,,"BEARING 6203-2Z-1/2"", MAKE: SKF, ORIGIN: EUROPE",MECHANICAL MATERIAL,20,8.5,4378M,170,Approved,PO2600000738,,
REQ2600000425,Goods, 10003184,,"BEARING 6208.2ZRC3, BRAND: NSK, ORIGIN: JAPAN",MECHANICAL MATERIAL,20,22.13571429,4378M,442.7142858,Approved,PO2600000764,,
REQ2500029032,Goods, 10014287,,"PILLOW BLOCK WITH BEARING 40MMGSA208, PART NO. P208, MAKE: FYH",MECHANICAL MATERIAL,4,65,4378M,260,Approved,PO2600000853,,
REQ2600000252,Goods, 10061339,,"VISIT CHARGES FOR COLD ROOMS AT RAK/WESTERN REGION/FUJEIRA, SCOPE OF WORK AS PER ANNEXURE",OTHER EXPENSES,81,550,4378M,44550,Approved,PO2600000861,,
REQ2600001210,Goods, 10011579,,"AIR CONDITIONER FREE STANDING 60000BTU, R410, Model No. 323MFT3GA-60CRN1, MAKE: MIDEA",AC,4,6000,4378M,24000,Approved,PO2600000923,,
REQ2600001474,Goods, 10001670,,"PAINT SYNTHETIC ENAMEL GLOSS 1, BLACK 890, PACKING 3.6LTR / GAL, MAKE: NATIONAL, ORIGIN: UAE",CIVIL MATERIAL,4,42.64,4378M,170.56,Approved,PO2600000936,,
REQ2600001489,Goods, 10001662,,"PAINT ENAMEL GLOSS 1 ROYAL BLUE 440, PACKING: 3.6LTR. / GALLON, BRAND: NATIONAL, ORIGIN: UAE",CIVIL MATERIAL,1,42.64,4378M,42.64,Approved,PO2600000949,,
REQ2600001489,Goods, 10013539,,"V BELT SPA-1060, MAKE: DUNLOP, ORIGIN: KOREA",MECHANICAL MATERIAL,10,17,4378M,170,Approved,PO2600000960,,
REQ2600001489,Goods, 10009427,,"V BELT B-41, MAKE: DUNLOP, ORIGIN: KOREA",MECHANICAL MATERIAL,10,15,4378M,150,Approved,PO2600000960,,
REQ2600000797,Goods, 10000157,,"ISOLATOR 32-40A, 3 POLE 220V, PART NO. KSE340TPN, W/P WITH METAL BODY, MAKE: ABB",ELECTRICAL MATERIAL,6,100,4378M,600,Approved,PO2600001106,,
REQ2600000801,Goods, 10004969,,"PAPER A4, 80GSM, WHITE, PACKING: 5 REEM / CTN, BRAND: DOUBLE A",STAIONERY,3,62.5,4378M,187.5,Approved,947326,,
REQ2600000801,Goods, 10004984,,"STAPLER HEAVY DUTY, MODEL: HD50DF, MAKE: MAX CO, ORIGIN: JAPAN",STAIONERY,2,38.49233253,4378M,76.98466506,Approved,947326,,
REQ2600000801,Goods, 10004973,,"STAPLER, MODEL HD-50/50R, BRAND: MAX, ORIGIN: JAPAN",STAIONERY,3,17,4378M,51,Approved,947326,,
REQ2600000801,Goods, 10004978,,"TEXTLINER, COLOUR: YELLOW, CODE:15 48 07, MODEL:1548, REFILL, MAKE: FABER-CASTELL, ORIGIN: GERMANY",STAIONERY,2,2.067111009,4378M,4.134222018,Approved,947326,,
REQ2600000801,Goods, 10005033,,"TEXTLINER, COLOUR: GREEN,CODE:15 48 63, MODEL:1548, REFILL, MAKE: FABER-CASTELL, ORIGIN: GERMANY",STAIONERY,3,1.9020994,4378M,5.7062982,Approved,947326,,
REQ2600000801,Goods, 10005055,,"BOX FILE, NARROW FS, MODEL 1105, (1 X 48), MAKE: LEITZ, ORIGIN: POLAND",STAIONERY,10,8.095702159,4378M,80.95702159,Approved,947326,,
REQ2600000403,Goods, 10061418,,"TRUNKING 100MM X 100MM X 2.9Mtr., PVC WITH COVER, MAKE: RELITE",ELECTRICAL MATERIAL,20,22.5,4378M,450,Approved,PO2600001136,,
REQ2600001877,Goods, 10054865,,"CHILLER COMPRESSOR OIL, 048E, RTAD-115, MAKE: TRANE",ELECTRICAL MATERIAL,10,978,4378M,9780,Approved,PO2600001138,,
REQ2600000830,Goods, 10000071,,"CABLE TIES 300 X 7.6MM, BLACK, PART NO. KV300BK, MAKE: YORK",ELECTRICAL MATERIAL,10,11.75,4378M,117.5,Approved,948324,,
REQ2600000830,Goods, 10002344,,"BRAZING ROD BLUE 45% FLUX COATED (1 X 9 / PKT), BRAND: HARIS, ORIGIN: USA",MATERIALS LOCAL,66,27.24746628,4378M,1798.332774,Approved,948324,,
REQ2600000830,Goods, 10013883,,"ALUMINIUM PLAIN TAPE 2"" X 30 YARDS / ROLL, PACKING: 24 PCS/CTN, MAKE: HI-STICK, ORIGIN: UAE",MATERIALS LOCAL,20,2.62,4378M,52.4,Approved,948324,,
REQ2600000830,Goods, 10002701,,"GAS CHARGING VALVE 1/4"" X .35MM X 10CM, ORIGIN: INDIA",MECHANICAL MATERIAL,100,1.036173001,4378M,103.6173001,Approved,948324,,
REQ2600001878,Goods, 10009418,,"V BELT B-56, MAKE: DUNLOP, ORIGIN: KOREA",MECHANICAL MATERIAL,10,20,4378M,200,Approved,PO2600001143,,
REQ2600001878,Goods, 10062104,,"V BELT SPZ-1300, MAKE: DUNLOP, ORIGIN: KOREA",MECHANICAL MATERIAL,10,14,4378M,140,Approved,PO2600001143,,
REQ2600001489,Goods, 10003988,,"PVC ELBOW 90DEG, SIZE: 1"", MAKE: KALISTER, ORIGIN: UAE",CIVIL MATERIAL,50,1.25,4378M,62.5,Approved,PO2600001194,,
REQ2600001134,Goods, 10005013,,"POST IT PAD 3"" X 3"", MODEL 654, MAKE: 3M",STAIONERY,6,2.5,4378M,15,Approved,958319,,
REQ2600001489,Goods, 10054238,,"STEEL DRILL BIT 3MM, ORIGIN: UAE",MATERIALS LOCAL,10,10,4378M,100,Approved,PO2600001194,,
REQ2600001448,Goods, 10004991,,"POST IT FLAG - SIGN HERE, MODEL 680-9, MAKE: 3M",STAIONERY,2,5.45,4378M,10.9,Approved,968381,,
REQ2600001489,Goods, 10046535,,"DRILL BIT 6MM, STEEL, MAKE: UNIKA",MATERIALS LOCAL,10,10,4378M,100,Approved,PO2600001194,,
REQ2600001487,Goods, 10007631,,"GAS R22, PACKING: 13.6KG 30LBS. DISPOSABLE CYLINDER, BRAND: MAFRON, ORIGIN: INDIA",GAS,10,229.45105,4378M,2294.5105,Approved,968391,,
REQ2600001487,Goods, 10036547,,"MAP GAS 750ML, MAKE: ECOFROST",GAS,12,13,4378M,156,Approved,968391,,
REQ2600001487,Goods, 10013884,,"SILICON SEALANT ANTI-FUNGAL 320ML, WHITE, PACKING: 24PCS / CTN, MAKE: DOLPHIN, ORIGIN: UAE",MATERIALS LOCAL,24,4.75,4378M,114,Approved,968391,,
REQ2600001487,Goods, 10000487,,"BATTERY AAA, PACKING: 20 CARD / BOX, 2PCS / CARD, BRAND: ENERGIZER",BATTERY,20,4.676876593,4378M,93.53753186,Approved,968391,,
REQ2600001487,Goods, 10001825,,"DRILL BIT 6MM X 160 DIA, CONCRETE, PART NO. D00066 / D00452, MAKE: MAKITA",MATERIALS LOCAL,10,3.51,4378M,35.1,Approved,968391,,
REQ2600001487,Goods, 10001743,,"SPECTACLES, SAFETY GREY LENS, MODEL NO. SG511-GR, MAKE: ORRIS / RIGMAN, ORIGIN: TAIWAN",MATERIALS LOCAL,12,2.1,4378M,25.2,Approved,968391,,
REQ2600001487,Goods, 10000061,,"INSULATION TAPE 19MM X 10Y, RED, MAKE: 3M, ORIGIN: UK",ELECTRICAL MATERIAL,30,0.85045029,4378M,25.5135087,Approved,968391,,
REQ2600001487,Goods, 10000064,,"INSULATION TAPE 19MM X 10Y, BLACK, MAKE: 3M, ORIGIN: UK",ELECTRICAL MATERIAL,30,0.850007305,4378M,25.50021915,Approved,968391,,
REQ2600001487,Goods, 10000062,,"INSULATION TAPE 19MM X 10Y, YELLOW, MAKE: 3M, ORIGIN: UK",ELECTRICAL MATERIAL,30,0.850015969,4378M,25.50047907,Approved,968391,,
REQ2600001489,Goods, 10015816,,"RELAY BASE 14P, PART NO. RXZE1S114M / RXZE2M114M, MAKE: SCHNEIDER ",ELECTRICAL MATERIAL,20,7.67,4378M,153.4,Approved,PO2600001199,,
REQ2600001489,Goods, 10000083,,"OVERLOAD RELAY 2.5-4A, MODEL NO. LRD08, MAKE: SCHNEIDER ELECTRIC, ORIGIN: FRANCE",ELECTRICAL MATERIAL,15,54,4378M,810,Approved,PO2600001202,,
REQ2600002004,Goods, 10002681,,"SPLIT WALL 24000BTU HI-EER R410, ROTARY, MODEL NO. 123RASGA24-FD, MAKE: GENERAL, ORIGIN: THAILAND",AC,16,2725,4378M,43600,Approved,PO2600001204,,
REQ2600001981,Goods, 10036778,,"FLEXIBLE DUCT 10"" X 25FT, MAKE: CRAYFLEX",MECHANICAL MATERIAL,2,50,4378M,100,Approved,PO2600001257,,
REQ2600002021,Goods, 10013823,,"ANGLE 50 X 50 X 3MM X 6MTR LTH, MS, ORIGIN: CHINA",MECHANICAL MATERIAL,26,32,4378M,832,Approved,PO2600001351,,
REQ2600002002,Goods, 10000157,,"ISOLATOR 32-40A, 3 POLE 220V, PART NO. KSE340TPN, W/P WITH METAL BODY, MAKE: ABB",ELECTRICAL MATERIAL,35,100,4378M,3500,Approved,PO2600001417,,
REQ2600002350,Goods, 10000157,,"ISOLATOR 32-40A, 3 POLE 220V, PART NO. KSE340TPN, W/P WITH METAL BODY, MAKE: ABB",ELECTRICAL MATERIAL,17,100,4378M,1700,Approved,PO2600001430,,
REQ2600002349,Goods, 10002681,,"SPLIT WALL 24000BTU HI-EER R410, ROTARY, MODEL NO. 123RASGA24-FD, MAKE: GENERAL, ORIGIN: THAILAND",AC,1,2725,4378M,2725,Approved,PO2600001472,,
REQ2600001873,Goods, 10002373,,"CANVAS CLOTH 6 OZ, 36"" X 20 YARD / ROLL, MAKE: TAKA, ORIGIN: PAKISTAN",CIVIL MATERIAL,10,10.43460932,4378M,104.3460932,Approved,974364,,
REQ2600001873,Goods, 10002851,,"CANVAS COATING GEE FIX 30/36 (EQUIVALENT TO FOSTER 30/36), PACKING: 20KG / DRUM, ORIGIN: UAE",MATERIALS LOCAL,10,27.2987013,4378M,272.987013,Approved,974364,,
REQ2600001873,Goods, 10001761,,"DOTTED GLOVES 14 OZ - SINGLE SIDE DOTTED, MATERIAL: POLYSTER, COTTON & PVC DOTS, MODEL NO. 757, PART NO. 81GLOV-SSD, MAKE: RIGMAN",OTHER EXPENSES,100,0.95,4378M,95,Approved,974364,,
REQ2600001873,Goods, 10002303,,"WINDING WIRE 0.670MM, MAKE: RR/SHRAMIK, ORIGIN: INDIA",MECHANICAL MATERIAL,11.67,45,4378M,525.15,Approved,974364,,
REQ2600001873,Goods, 10005088,,"CLEAR BAG A4, CLEAR, PRODUCT CODE: PT-309, MAKE: PARTNER",STAIONERY,20,0.671362337,4378M,13.42724674,Approved,974364,,
REQ2600001873,Goods, 10005085,,"PLASTIC POCKET A4, CLEAR CKP A4, MODEL NO. 12265, PACKING: 100NOS/BOX, MAKE: REXEL",STAIONERY,30,0.26,4378M,7.8,Approved,974364,,
REQ2600001873,Goods, 10004985,,"STAPLE, NO.35-1M, 26/6, MAKE: MAX",STAIONERY,1,1.0995006,4378M,1.0995006,Approved,974364,,
REQ2600002078,Goods, 10017965,,"TYRE 265 / 65 R17 112S AT20, WITH FIXING, BALANCING & ALIGNMENT MAKE: DUNLOP, ORIGIN: JAPAN",REPAIR AND MAINT VEHICLES,4,500,4378M,2000,Approved,PO2600001495,,
REQ2600002455,Goods, 10011469,,"TIME DELAY TIMER 3 - 10MIN, PART NO. ICM102B, MAKE: ICM, ORIGIN: USA",ELECTRICAL MATERIAL,20,14,4378M,280,Approved,PO2600001509,,
REQ2600002455,Goods, 10001670,,"PAINT SYNTHETIC ENAMEL GLOSS 1, BLACK 890, PACKING 3.6LTR / GAL, MAKE: NATIONAL, ORIGIN: UAE",CIVIL MATERIAL,4,42.64,4378M,170.56,Approved,PO2600001511,,
REQ2600002455,Goods, 10002771,,"BEARING 6206.ZZCM, MAKE: NSK, ORIGIN: POLAND",MECHANICAL MATERIAL,10,10.4,4378M,104,Approved,PO2600001558,,
REQ2600002456,Goods, 10062242,,"ALUMINIUM FILTER 590 (W) X 290 (H) X 25MM (T), MODEL: CAFG 12, FRAME: GI, MAKE: EXCELAIR",MECHANICAL MATERIAL,10,33.48,4378M,334.8,Approved,PO2600001614,,
REQ2600002003,Goods, 10002777,,"RUBBER PIPE INSULATION 1/4"" X 1/2"" X 1.8MTR. LTH, PACKING: 90TUBES / BOX, MAKE: GULF'O'FLEX / WORLDFLEX, ORIGIN: UAE",MECHANICAL MATERIAL,50,1.38,4378M,69,Approved,977320,,
REQ2600002003,Goods, 10002414,,"RUBBER PIPE INSULATION 5/8"" DIA X 3/8"" THICK X1.8MTR / LTH, PACKING: 90TUBES / BOX, MAKE: WORLD FLEX BY GULF-O-FLEX, ORIGIN: UAE",MATERIALS LOCAL,50,1.38,4378M,69,Approved,977320,,
REQ2600002003,Goods, 10000061,,"INSULATION TAPE 19MM X 10Y, RED, MAKE: 3M, ORIGIN: UK",ELECTRICAL MATERIAL,50,0.85045029,4378M,42.5225145,Approved,977320,,
REQ2600002795,Goods, 10015130,,"THERMOSTAT DX DIGITAL 24V 2 STAGE, HEAT/COOL FOCUSPRO 5000 NON-PROGRAMMABLE, MODEL NO. TH5220D1029/U, MAKE: HONEYWELL",MECHANICAL MATERIAL,20,190,4378M,3800,Approved,PO2600001638,,
REQ2600002795,Goods, 10002588,,"DIGITAL THERMOSTAT SINGLE STAGE 24V, MODEL NO. TH5110D1022/U, MAKE: HONEYWELL",ELECTRICAL MATERIAL,20,120,4378M,2400,Approved,PO2600001638,,
REQ2600002795,Goods, 10000132,,"PHASE FAILURE RELAY 3 PHASE, PART NO. RM17TG20, MAKE: SCHNEIDER ELECTRIC, ORIGIN: INDIA",ELECTRICAL MATERIAL,20,93.04,4378M,1860.8,Approved,PO2600001659,,
REQ2600002752,Goods, 10002738,,"FREON GAS R410A X 25LBS / 11.3KG DISPOSIBLE CYLINDER, MAKE: FLORON",GAS,10,230,4378M,2300,Approved,PO2600001669,,
REQ2600002455,Goods, 10051491,,"TIGHTER BIT STAR AND MINUS, MAKE: PRC",MATERIALS LOCAL,10,9.5,4378M,95,Approved,PO2600001676,,
REQ2600002455,Goods, 10022935,,"GYPSUM SCREW 1.5"" X 6MM, PACKING: 1000NOS/BOX, ORIGIN: CHINA",MATERIALS LOCAL,4,9,4378M,36,Approved,PO2600001676,,
REQ2600002455,Goods, 10002061,,"GYPSUM SCREW 1"" X 6MM, PACKING: 800 NOS/PKT, ORIGIN: CHINA",MATERIALS LOCAL,10,12,4378M,120,Approved,PO2600001676,,
REQ2600002440,Goods, 10001660,,"M-SEAL GLUE 100 GRAM, MAKE: PIDLITE, ORIGIN: INDIA",CIVIL MATERIAL,24,2.630910014,4378M,63.14184034,Approved,978417,,
REQ2600002440,Goods, 10025305,,"BLACK TAPE 2"" X 60Ft, PVC, PACKING: 60 ROLL / BOX, PRODUCT CODE: IFT-0009, MAKE: INNERFIX",CIVIL MATERIAL,50,1.74,4378M,87,Approved,978417,,
REQ2600002440,Goods, 10000196,,"FLEXIBLE CONDUIT 20MM X 15 MTR. / ROL, BLACK PVC COVER, G.I COATED, BRAND: RELITE, ORIGIN: INDIA",ELECTRICAL MATERIAL,10,16.5,4378M,165,Approved,978417,,
REQ2600002440,Goods, 10002373,,"CANVAS CLOTH 6 OZ, 36"" X 20 YARD / ROLL, MAKE: TAKA, ORIGIN: PAKISTAN",CIVIL MATERIAL,10,10.43460932,4378M,104.3460932,Approved,978417,,
REQ2600002440,Goods, 10002414,,"RUBBER PIPE INSULATION 5/8"" DIA X 3/8"" THICK X1.8MTR / LTH, PACKING: 90TUBES / BOX, MAKE: WORLD FLEX BY GULF-O-FLEX, ORIGIN: UAE",MATERIALS LOCAL,50,1.38,4378M,69,Approved,978417,,
REQ2600002440,Goods, 10002851,,"CANVAS COATING GEE FIX 30/36 (EQUIVALENT TO FOSTER 30/36), PACKING: 20KG / DRUM, ORIGIN: UAE",MATERIALS LOCAL,10,27.2987013,4378M,272.987013,Approved,978417,,
REQ2600002440,Goods, 10002444,,"RUBBER PIPE INSULATION 3/8"" DIA X 3/8"" THICK X1.8MTR / LTH, PACKING: 130TUBES / BOX, MAKE: WORLDFLEX BY GULFOFLEX, ORIGIN: UAE",MECHANICAL MATERIAL,50,0.961834862,4378M,48.0917431,Approved,978417,,
REQ2600002440,Goods, 10002777,,"RUBBER PIPE INSULATION 1/4"" X 1/2"" X 1.8MTR. LTH, PACKING: 90TUBES / BOX, MAKE: GULF'O'FLEX / WORLDFLEX, ORIGIN: UAE",MECHANICAL MATERIAL,50,1.38,4378M,69,Approved,978417,,
REQ2600002440,Goods, 10002386,,"COPPER PIPE 5/8"" X 50' X 0.028"" THICK, MAKE: MAKSAL, ORIGIN: SA",MECHANICAL MATERIAL,5,228.0794702,4378M,1140.397351,Approved,978417,,
REQ2600002440,Goods, 10008887,,"COPPER PIPE 3/8"" X 50' X 0.061MM THK, MAKE: MAKSAL, ORIGIN: SOUTH AFRICA",MECHANICAL MATERIAL,5,125.75,4378M,628.75,Approved,978417,,
REQ2600002440,Goods, 10008888,,"COPPER PIPE 1/4"" X 50' X 0.061MM THK, MAKE: MAKSAL, ORIGIN: SOUTH AFRICA",MECHANICAL MATERIAL,5,82,4378M,410,Approved,978417,,
REQ2600002440,Goods, 10002116,,"SPRAY PAINT 400ML, DARK BLUE, PACKING: 12PC / CTN, MAKE: ASMACO",MATERIALS LOCAL,12,3.086666667,4378M,37.04,Approved,978417,,
REQ2600002440,Goods, 10001851,,"PAINT RADIATOR / ROLLERS 4"" WITH HANDLE, MAKE: CLARKE",CIVIL MATERIAL,20,2.000481594,4378M,40.00963188,Approved,978417,,
REQ2600002440,Goods, 10002287,,"SPRAY WD40, PACKING: 330ML, BRAND: WD40, ORIGIN: UK",MATERIALS LOCAL,24,11.17801974,4378M,268.2724738,Approved,978417,,
REQ2600002440,Goods, 10001825,,"DRILL BIT 6MM X 160 DIA, CONCRETE, PART NO. D00066 / D00452, MAKE: MAKITA",MATERIALS LOCAL,10,3.51,4378M,35.1,Approved,978417,,
REQ2600002440,Goods, 10001666,,"CONCRETE DRILL BIT 8MM X 160MM DIA, PART NO. D00527, MAKE: MAKITA, ORIGIN: JAPAN",MATERIALS LOCAL,10,3.57,4378M,35.7,Approved,978417,,
REQ2600002440,Goods, 10000487,,"BATTERY AAA, PACKING: 20 CARD / BOX, 2PCS / CARD, BRAND: ENERGIZER",BATTERY,50,4.680017496,4378M,234.0008748,Approved,978417,,
REQ2600002455,Goods, 10038386,,"SELF DRILLING SCREW 8 X 1/2"", WAFER HEAD, PACKING: 1000 NOS/PKT, ORIGIN: CHINA",MATERIALS LOCAL,2,18,4378M,36,Approved,PO2600001676,,
REQ2600002795,Goods, 10018627,,"FUSE CARTRIDGE, 2A 400V, TYPE GG, PRODUCT CODE: 65FL14000200, MAKE: SKM",ELECTRICAL MATERIAL,50,12,4378M,600,Approved,PO2600001677,,
REQ2600002756,Goods, 10062309,,"BAG FILTER 490 (W) X 290 (H) X 350MM (D), 6P, ULTRAPAC, EFF F /85%, FRAME: GI/25MM, MAKE: EXCELAIR",MECHANICAL MATERIAL,10,26,4378M,260,Approved,PO2600001678,,
REQ2600002630,Goods, 10023305,,"RUBBER PIPE INSULATION 7/8"" X 3/4"" X 1.8MTR, MAKE: WORLDFLEX, ORIGIN: UAE",MECHANICAL MATERIAL,30,4.06,4378M,121.8,Approved,PO2600001690,,
REQ2600002056,Goods, 10062123,,"BOOKLET PRINTING & BINDING, NCR 4COLOR PRINT, 50FORM IN 1 BOOKLET WITH 3 SHEETS, CARBONLESS COPY PAPER (PRESSURE SENSITIVE), OFFSET PRINTING 1+2 COPY-WHITE/PINK/BLUE, SL NO. START FROM, BOOK NO: SIZE: A4",MATERIALS LOCAL,15,35,4378M,525,Approved,PO2600001715,,
REQ2600002855,Goods, 10001987,,"PAINT HARDTOP XP, COLOUR: SILVER, PACKING: 5LTR. / GALLON, MAKE: JOTUN, ORIGIN: UAE",CIVIL MATERIAL,4,215,4378M,860,Approved,PO2600001721,,
REQ2600002876,Goods, 10002681,,"SPLIT WALL 24000BTU HI-EER R410, ROTARY, MODEL NO. 123RASGA24-FD, MAKE: GENERAL, ORIGIN: THAILAND",AC,1,2725,4378M,2725,Approved,PO2600001724,,
REQ2600002855,Goods, 10001998,,"LACQUER THINNER, PACKING: 3.6 LTR./GAL, MAKE: NATIONAL",CIVIL MATERIAL,5,29.52,4378M,147.6,Approved,PO2600001725,,
REQ2600002855,Goods, 10002731,,"OIL 3GS 3.78LTR GAL, BRAND: SUNISE, ORIGIN: INDIA",OIL AND FILTERS,5,43,4378M,215,Approved,PO2600001728,,
REQ2600002879,Goods, 10000157,,"ISOLATOR 32-40A, 3 POLE 220V, PART NO. KSE340TPN, W/P WITH METAL BODY, MAKE: ABB",ELECTRICAL MATERIAL,1,100,4378M,100,Approved,PO2600001735,,
REQ2600002846,Goods, 10049946,,"TIGHTER MACHINE, CORDLESS 18V, WITH 1.5Ah Li-Ion 2 BATTERY, CHARGER AND DRILL DRIVER KIT BOX, MODEL: SCD20S2K-B5, MAKE: STANLEY",ELECTRICAL MATERIAL,2,388,4378M,776,Approved,PO2600001745,,
REQ2600002759,Goods, 10052303,,"FREON GAS R134A, PACKING: 13.6 KGS (30LBS) / CYL, MAKE: YORK",GAS,20,390,4378M,7800,Approved,980452,,
REQ2600002759,Goods, 10002767,,"FREON GAS R404A, PACKING: 10.9KG / CYL, MAKE: CERON",GAS,5,207.3325893,4378M,1036.662947,Approved,980452,,
REQ2600002759,Goods, 10007631,,"GAS R22, PACKING: 13.6KG 30LBS. DISPOSABLE CYLINDER, BRAND: MAFRON, ORIGIN: INDIA",GAS,5,229.45105,4378M,1147.25525,Approved,980452,,
REQ2600002759,Goods, 10002465,,"POLYTHENE SHEET 260 GAUGE, 3.66 X 9MTR X 2.800KG / ROLL (INCLUDING 0.900KG CORE), COMMERCIAL GRADE, MAKE: ORION PLASTIC, ORIGIN: UAE",MECHANICAL MATERIAL,5,14,4378M,70,Approved,980452,,
REQ2600002794,Goods, 10001737,,"FOAM SPRAY 500ML, PACKING: 12PC / CTN, MAKE: ASMACO",CIVIL MATERIAL,24,6.751180885,4378M,162.0283412,Approved,979439,,
REQ2600002794,Goods, 10001680,,"PAINT BRUSH 2"", WHITE BRISTLESS, MODEL NO. PB2WC, MAKE: CLARKE",CIVIL MATERIAL,20,2.4,4378M,48,Approved,979439,,
REQ2600002431,Goods, 10060509,,"COPPER COIL 7/8"" X 0.040, ECONOMY, MAKE: MAKSAL, ORIGIN: RSA",MECHANICAL MATERIAL,2,500,4378M,1000,Approved,PO2600001767,,
REQ2600003083,Goods, 10000157,,"ISOLATOR 32-40A, 3 POLE 220V, PART NO. KSE340TPN, W/P WITH METAL BODY, MAKE: ABB",ELECTRICAL MATERIAL,2,100,4378M,200,Approved,PO2600001875,,
REQ2600003074,Goods, 10003025,,"SPLIT WALL 18000BTU F R410 HI-EER, ROTARY, MODEL NO. 123RASGA18-FD, MAKE: GENERAL, ORIGIN: THAILAND",AC,2,2335,4378M,4670,Approved,PO2600001883,,
REQ2600003095,Goods, 10001885,,"HEAVY DUTY CLEANER DEGREASER, 5LTR/CAN, MAKE: CHEMEX",MECHANICAL MATERIAL,3,52,4378M,156,Approved,PO2600002052,,
REQ2600003094,Goods, 10008837,,"RELAY 12V DC 4 PIN, PART NO. SFD-112DM 30A, MAKE: SANYO",ELECTRICAL MATERIAL,5,39.85,4378M,199.25,Approved,PO2600002114,,
REQ2600003343,Goods, 10007930,,"THERMAL OVERLOAD RELAY 4A - 6A, PART NO. LRD10, MAKE: SCHNEIDER",ELECTRICAL MATERIAL,10,57.82,4378M,578.2,Approved,PO2600002165,,
REQ2600003343,Goods, 10023214,,"MINIATURE RELAY, 24VAC 14PIN, PART NO. RXM4ABIB7, MAKE: SCHNEIDER",ELECTRICAL MATERIAL,20,12.25,4378M,245,Approved,PO2600002165,,
REQ2600003343,Goods, 10011469,,"TIME DELAY TIMER 3 - 10MIN, PART NO. ICM102B, MAKE: ICM, ORIGIN: USA",ELECTRICAL MATERIAL,20,14,4378M,280,Approved,PO2600002168,,
REQ2600003343,Goods, 10011469,,"TIME DELAY TIMER 3 - 10MIN, PART NO. ICM102B, MAKE: ICM, ORIGIN: USA",ELECTRICAL MATERIAL,20,14,4378M,280,Approved,PO2600002168,,
REQ2600002878,Goods, 10002386,,"COPPER PIPE 5/8"" X 50' X 0.028"" THICK, MAKE: MAKSAL, ORIGIN: SA",MECHANICAL MATERIAL,1,228.0794702,4378M,228.0794702,Approved,980467,,
REQ2600002878,Goods, 10008887,,"COPPER PIPE 3/8"" X 50' X 0.061MM THK, MAKE: MAKSAL, ORIGIN: SOUTH AFRICA",MECHANICAL MATERIAL,1,125.75,4378M,125.75,Approved,980467,,
REQ2600003580,Goods, 10056784,,"AXIAL FAN 630MM, 3PH, MODEL NO. 4D630S, MAKE: ENERGY",MECHANICAL MATERIAL,1,290,4378M,290,Approved,PO2600002187,,
REQ2600003511,Goods, 10006415,,"CHILLED WATER ANALYSIS AND REPORT, LOCATION AS PER ANNEXURE ",CHEMICAL AND LAB TEST,3,125,4378M,375,Approved,PO2600002199,,
REQ2600003072,Goods, 10060694,,"AIR CURTAIN, MODEL NO. FM--3518DY 1.8M CHN, MAKE: FREGO",MECHANICAL MATERIAL,3,725,4378M,2175,Approved,PO2600002219,,
REQ2600003072,Goods, 10008134,,"AIR CURTAIN, MODEL NO. FM3515DY, 1.5M CHN MAKE: FREGO",MECHANICAL MATERIAL,1,575,4378M,575,Approved,PO2600002219,,
REQ2600003080,Goods, 10008888,,"COPPER PIPE 1/4"" X 50' X 0.061MM THK, MAKE: MAKSAL, ORIGIN: SOUTH AFRICA",MECHANICAL MATERIAL,2,82,4378M,164,Approved,980509,,
REQ2600003080,Goods, 10002482,,"COPPER PIPE 1/2"" X 50' X 0.71MM THK, MAKE: MAKSAL, ORIGIN: SA",MECHANICAL MATERIAL,2,196,4378M,392,Approved,980509,,
REQ2600003722,Goods, 10040872,,"THERMOSTAT FCU DIGITAL 3 SPEED 220V ON/OFF HALO HORIZONTAL (BLUE), REMOTE SENSOR, MODEL NO. T6861H2WB-R, MAKE: HONEYWELL",MECHANICAL MATERIAL,12,110,4378M,1320,Approved,PO2600002223,,
REQ2600003721,Goods, 10040875,,"BASE / SIMPLE SOCKET FOR 14 PIN RELAY, PART NO. RXZE2M114M, MAKE: SCHNEIDER",ELECTRICAL MATERIAL,20,8.5,4378M,170,Approved,PO2600002247,,
REQ2600004065,Goods, 10006415,,"CHILLED WATER ANALYSIS AND REPORT, LOCATION AS PER ANNEXURE ",CHEMICAL AND LAB TEST,11,125,4378M,1375,Approved,PO2600002419,,
REQ2600003278,Goods, 10000033,,"PLUG TOP 15A, PART NO. VX0042, MAKE: VOLEX, ORIGIN: UK",ELECTRICAL MATERIAL,20,4.25123448,4378M,85.0246896,Approved,983402,,
REQ2600003278,Goods, 10001761,,"DOTTED GLOVES 14 OZ - SINGLE SIDE DOTTED, MATERIAL: POLYSTER, COTTON & PVC DOTS, MODEL NO. 757, PART NO. 81GLOV-SSD, MAKE: RIGMAN",OTHER EXPENSES,100,0.95,4378M,95,Approved,983402,,
REQ2600003333,Goods, 10007631,,"GAS R22, PACKING: 13.6KG 30LBS. DISPOSABLE CYLINDER, BRAND: MAFRON, ORIGIN: INDIA",GAS,10,229.45105,4378M,2294.5105,Approved,983399,,
REQ2600003333,Goods, 10025305,,"BLACK TAPE 2"" X 60Ft, PVC, PACKING: 60 ROLL / BOX, PRODUCT CODE: IFT-0009, MAKE: INNERFIX",CIVIL MATERIAL,50,1.74,4378M,87,Approved,983399,,
REQ2600003333,Goods, 10013932,,"MASKING TAPE 3"" X 30 YARD, PACKING: 16 PCS / CTN, MAKE: HI-STICK, ORIGIN: UAE",CIVIL MATERIAL,24,2.5,4378M,60,Approved,983399,,
REQ2600004117,Goods, 10062608,,"LP SWITCH WIRE TYPE (CH) R-22, ORIGIN: PRC",ELECTRICAL MATERIAL,20,9,4378M,180,Approved,PO2600002458,,
REQ2600004117,Goods, 10062609,,"HP SWITCH, WIRE TYPE, OPEN: 400PSI / CLOSE: 300PSI, R-22, ORIGIN: PRC",ELECTRICAL MATERIAL,20,9,4378M,180,Approved,PO2600002458,,
REQ2600004091,Goods, 10003057,,"SPLIT WALL 30000BTU R410A, SCROLL, PART NO. 120RASGA30-FU, MAKE: GENERAL, ORIGIN: THAILAND",AC,1,3765,4378M,3765,Approved,PO2600002476,,
REQ2600004091,Goods, 10011579,,"AIR CONDITIONER FREE STANDING 60000BTU, R410, Model No. 323MFT3GA-60CRN1, MAKE: MIDEA",AC,4,6000,4378M,24000,Approved,PO2600002476,,
REQ2600004045,Goods, 10061418,,"TRUNKING 100MM X 100MM X 2.9Mtr., PVC WITH COVER, MAKE: RELITE",ELECTRICAL MATERIAL,20,22.5,4378M,450,Approved,PO2600002487,,
REQ2600004215,Goods, 10011829,,"THERMOSTAT FCU 3 SPEEDS, SINGLE STAGE 220V ON/OFF, MODEL NO. T6373A1108, BRAND: HONEYWELL",MECHANICAL MATERIAL,20,52,4378M,1040,Approved,PO2600002534,,
REQ2600004215,Goods, 10017146,,"V BELT B-44, MAKE: PIX, ORIGIN: INDIA",MECHANICAL MATERIAL,20,8.5,4378M,170,Approved,PO2600002545,,
REQ2600003610,Goods, 10000104,,"CONTACTOR 9A 1NO+1NC 24V COIL, 50/60HZ, MODEL NO. LC1D09B7, MAKE: SCHNEIDER ELECTRIC",ELECTRICAL MATERIAL,10,42.5,4378M,425,Approved,989380,,
REQ2600003610,Goods, 10000238,,"CONTACTOR 18A 3P 1NO+1NC 24V AC COIL, PART NO. LC1D18B7, MAKE: SCHNEIDER ELECTRIC, ORIGIN: FRANCE",ELECTRICAL MATERIAL,15,59.4912892,4378M,892.369338,Approved,989380,,
REQ2600003610,Goods, 10000055,,"CONTACTOR 11KW 400V 25A (AC3) 40A (AC1) 3P 1NO+1NC 220V AC COIL, 50/60HZ., PART NO. LC1D25U7, MAKE: SCHNEIDER ELECTRIC, ORIGIN: FRANCE",ELECTRICAL MATERIAL,10,88.5,4378M,885,Approved,989380,,
REQ2600003610,Goods, 10000487,,"BATTERY AAA, PACKING: 20 CARD / BOX, 2PCS / CARD, BRAND: ENERGIZER",BATTERY,20,4.680017496,4378M,93.60034992,Approved,989380,,
REQ2600003610,Goods, 10000009,,"BATTERY AA, PACKING: 20 CARD / BOX, 2PCS / CARD, BRAND: ENERGIZER",BATTERY,20,2.406703793,4378M,48.13407586,Approved,989380,,
REQ2600003706,Goods, 10004969,,"PAPER A4, 80GSM, WHITE, PACKING: 5 REEM / CTN, BRAND: DOUBLE A",STAIONERY,3,63.90625,4378M,191.71875,Approved,991395,,
REQ2600003706,Goods, 10005056,,"PEN 1.0MM, BLUE, TRI-MATE, MAKE: CELLO, ORIGIN: INDIA",STAIONERY,15,0.34,4378M,5.1,Approved,991395,,
REQ2600004215,Goods, 10004249,,"CAPACITOR RUNNING 80 MFD 370/440V, METRAL BODY, ORIGIN: INDIA",MECHANICAL MATERIAL,10,13,4378M,130,Approved,PO2600002547,,
REQ2600004211,Goods, 10003184,,"BEARING 6208.2ZRC3, BRAND: NSK, ORIGIN: JAPAN",MECHANICAL MATERIAL,20,22.13571429,4378M,442.7142858,Approved,PO2600002550,,
REQ2600003723,Goods, 10002445,,"GARBAGE BAG THICK 80 X 110 X 100 MICRON, RECYCLED, BLACK, PACKING: 18KG / BDL, ORIGIN: UAE",MATERIALS LOCAL,5,82,4378M,410,Approved,990386,,
REQ2600003752,Goods, 10001931,,"SPECTACLE GRAY FRAME GRAY LENS H.C WITH ORANGE RUBBER INSERT, MODEL NO. SSP 544 C, EN166 COVERAGE,MEETS: ANSI Z87.1,FRAME/LENS COLOR: GREY/DARK,MODEL:SSP544,MAKE: EYEVEX, ORIGIN: TAIWAN",MATERIALS LOCAL,12,3.524752475,4378M,42.2970297,Approved,991417,,
REQ2600004211,Goods, 10002816,,"BEARING 6201-1/2-2RS, MAKE: FKC, ORIGIN: JAPAN",MECHANICAL MATERIAL,20,6.5,4378M,130,Approved,PO2600002550,,
REQ2600004211,Goods, 10033750,,"BEARING 6203-2Z-1/2"", MAKE: SKF, ORIGIN: EUROPE",MECHANICAL MATERIAL,20,8.5,4378M,170,Approved,PO2600002551,,
REQ2600004215,Goods, 10010413,,"V BELT B-45, MAKE: DUNLOP, ORIGIN: KOREA",MECHANICAL MATERIAL,10,17,4378M,170,Approved,PO2600002584,,
REQ2600004215,Goods, 10015678,,"TERMINAL CONNECTOR 6MM, PVC CLEAR TYPE, PACKING: 10PCS/PKT, MAKE: KEDBROOKE, ORIGIN: INDIA ",ELECTRICAL MATERIAL,10,8.4,4378M,84,Approved,PO2600002659,,
REQ2600004547,Goods, 10006415,,"CHILLED WATER ANALYSIS AND REPORT, LOCATION AS PER ANNEXURE ",CHEMICAL AND LAB TEST,8,125,4378M,1000,Approved,PO2600002718,,
REQ2600004736,Goods, 10058643,,"RECIPROCATING COMPRESSOR, R22, MODEL NO. MT160HW4AD, (USED), MAKE: MANEUROPE",COMPRESSORS AND MOTORS,2,1500,4378M,3000,Approved,PO2600002777,,
REQ2600004148,Goods, 10002303,,"WINDING WIRE 0.670MM, MAKE: RR/SHRAMIK, ORIGIN: INDIA",MECHANICAL MATERIAL,23.34,45,4378M,1050.3,Approved,994384,,
REQ2600004152,Goods, 10002303,,"WINDING WIRE 0.670MM, MAKE: RR/SHRAMIK, ORIGIN: INDIA",MECHANICAL MATERIAL,23.18,45,4378M,1043.1,Approved,998392,,
REQ2600004210,Goods, 10002434,,"BEARING 6207.2ZR, BRAND: TIMKEN, ORIGIN: JAPAN",MECHANICAL MATERIAL,20,19.23728814,4378M,384.7457628,Approved,999409,,
REQ2600004736,Goods, 10002846,,"COMPRESSOR SCROLL 3 PH, 380-420V AC 50 HZ, 4 LEG, MODEL: ZR48KC TFD, (USED), MAKE: COPELAND, ORIGIN: THAILAND",COMPRESSORS AND MOTORS,3,450,4378M,1350,Approved,PO2600002777,,
REQ2600004736,Goods, 10063166,,"COMPRESSOR ROTARY 1PH, MODEL NO. PH34O2GC, MAKE: GMCC (USED)",COMPRESSORS AND MOTORS,1,225,4378M,225,Approved,PO2600002777,,
REQ2600004736,Goods, 10063167,,"COMPRESSOR, MODEL NO. CK24PF2-101, MAKE: COPELAND (USED)",COMPRESSORS AND MOTORS,1,225,4378M,225,Approved,PO2600002777,,
REQ2600004214,Goods, 10033189,,"TERMINAL CONNECTOR 10MM, PVC WHITE, PACKING: 10 STRIP / PKT; 10PCS / STRIP, MAKE: KEDBROOKE, ORIGIN: INDIA ",ELECTRICAL MATERIAL,10,15.25,4378M,152.5,Approved,999410,,
REQ2600004214,Goods, 10033189,,"TERMINAL CONNECTOR 10MM, PVC WHITE, PACKING: 10 STRIP / PKT; 10PCS / STRIP, MAKE: KEDBROOKE, ORIGIN: INDIA ",ELECTRICAL MATERIAL,10,15.25,4378M,152.5,Approved,999410,,
REQ2600004736,Goods, 10055699,,"COMPRESSOR, 3PH, MODEL NO. MT160HW4VT, (USED), MAKE: DANFOSS",COMPRESSORS AND MOTORS,1,1500,4378M,1500,Approved,PO2600002777,,
REQ2600004736,Goods, 10052246,,"COMPRESSOR SCROLL 3PH, MODEL NO. ZR144KC-TFD-522 (USED), MAKE: EMERSON COPELAND",COMPRESSORS AND MOTORS,1,1300,4378M,1300,Approved,PO2600002777,,
REQ2600004736,Goods, 10041732,,"COMPRESSOR SCROLL 3PH 380-420V 50Hz, MODEL NO. ZR81(USED), MAKE: COPELAND. ORIGIN: THAILAND",COMPRESSORS AND MOTORS,1,650,4378M,650,Approved,PO2600002777,,
REQ2600004736,Goods, 10014271,,"COMPRESSOR 1.5 TON, 1PH, 220 - 240V, 50 - 60HZ, 4 LEG SHORT, MODEL NO. CK24K3-PFZ-201, (USED), MAKE: COPELAND",COMPRESSORS AND MOTORS,1,225,4378M,225,Approved,PO2600002777,,
REQ2600004736,Goods, 10061525,,"COMPRESSOR SCROLL, 3PH, MODEL NO. ZR250KCE-TWD-522, (USED) MAKE: COPELAND",COMPRESSORS AND MOTORS,1,4500,4378M,4500,Approved,PO2600002777,,
REQ2600004320,Goods, 10003484,,"WINDING WIRE 0.500MM, MAKE: RR/SHRAMIK, ORIGIN: INDIA",MECHANICAL MATERIAL,6.195,45.4999475,4378M,281.8721748,Approved,998395,,
REQ2600004320,Goods, 10002301,,"WINDING WIRE 0.375MM, MAKE: RR/SHRAMIK, ORIGIN: INDIA",MECHANICAL MATERIAL,6.181,45.00004985,4378M,278.1453081,Approved,998395,,
REQ2600004736,Goods, 10052246,,"COMPRESSOR SCROLL 3PH, MODEL NO. ZR144KC-TFD-522 (USED), MAKE: EMERSON COPELAND",COMPRESSORS AND MOTORS,1,1300,4378M,1300,Approved,PO2600002777,,
REQ2600004544,Goods, 10055501,,"CORROSION INHIBITOR, NITRITE BASED, MODEL NO. ACCEPTA-2337, PACKING: 25KGS / DRUM, MAKE: ACCEPTA, ORIGIN: UK",CHEMICAL AND FERTILIZERS,4,275,4378M,1100,Approved,PO2600002833,,
REQ2600004544,Goods, 10055502,,"MICROBIOCIDE, MODEL NO. ACCEPTA-2886, PACKING: 25 KGS / DRUM, MAKE: ACCEPTA, ORIGIN: UK",CHEMICAL AND FERTILIZERS,2,300,4378M,600,Approved,PO2600002833,,
REQ2600003343,Goods, 10041537,,"RELAY 14PIN 240VAC, WITH BASE, PART NO. RXM4AB1U7, MAKE: SCHNEIDER",ELECTRICAL MATERIAL,20,17,4378M,340,Approved,PO2600002872,,
REQ2600004617,Goods, 10007631,,"GAS R22, PACKING: 13.6KG 30LBS. DISPOSABLE CYLINDER, BRAND: MAFRON, ORIGIN: INDIA",GAS,20,229.45105,4378M,4589.021,Approved,1004383,,
REQ2600004624,Goods, 10002116,,"SPRAY PAINT 400ML, DARK BLUE, PACKING: 12PC / CTN, MAKE: ASMACO",MATERIALS LOCAL,24,3.268333333,4378M,78.43999999,Approved,1003408,,
REQ2600004836,Goods, 10062241,,"ALUMINIUM FILTER 590 (W) X 590 (H) X 25MM (T), MODEL: CAFG 12, FRAME: GI, MAKE: EXCELAIR",MECHANICAL MATERIAL,20,44.64,4378M,892.8,Approved,PO2600002880,,
REQ2600004836,Goods, 10062242,,"ALUMINIUM FILTER 590 (W) X 290 (H) X 25MM (T), MODEL: CAFG 12, FRAME: GI, MAKE: EXCELAIR",MECHANICAL MATERIAL,10,33.48,4378M,334.8,Approved,PO2600002880,,
REQ2600004860,Goods, 10062309,,"BAG FILTER 490 (W) X 290 (H) X 350MM (D), 6P, ULTRAPAC, EFF F /85%, FRAME: GI/25MM, MAKE: EXCELAIR",MECHANICAL MATERIAL,30,26,4378M,780,Approved,PO2600002882,,
REQ2600004843,Goods, 10010707,,"LADDER 6 STEPS ALUMINIUM, A TYPE HEAVY DUTY, 150KG CAPACITY, MAKE: TOPMAN, ORIGIN: UAE",CIVIL MATERIAL,4,145,4378M,580,Approved,PO2600002907,,
REQ2600004843,Goods, 10003238,,"COMBINATION SPANNER SET 6-32MM, 23PCS, CHROME, MAKE: STANLEY",MATERIALS LOCAL,5,334,4378M,1670,Approved,PO2600002909,,
REQ2600004843,Goods, 10001999,,"RETRACTABLE KNIFE 10-099, MAKE: STANLEY",MATERIALS LOCAL,5,16,4378M,80,Approved,PO2600002909,,
REQ2600004843,Goods, 10058606,,"FLAT FILE 12"", PART NO. ATG-4003, MAKE: LICOTA",MATERIALS LOCAL,5,24,4378M,120,Approved,PO2600002919,,
REQ2600004761,Goods, 10008365,,"BEARING 6204-2Z, BRAND: NSK, ORIGIN, JAPAN",MECHANICAL MATERIAL,20,7,4378M,140,Approved,PO2600002927,,
REQ2600004761,Goods, 10002383,,"FILTER DRIER LIQUID LINE 7/8"", 307S, MAKE: EMERSON",MECHANICAL MATERIAL,2,80,4378M,160,Approved,PO2600002937,,
REQ2600004843,Goods, 10003128,,"TUBE CUTTER - 274, 3/16"" TO 1-1/8"" OD, STEEL, MAKE: P&M, ORIGIN: TAIWAN",MECHANICAL MATERIAL,5,26.02898269,4378M,130.1449135,Approved,PO2600002954,,
REQ2600004843,Goods, 10056621,,"PIPE BENDER 3/8"", MAKE: PRC",MECHANICAL MATERIAL,5,9,4378M,45,Approved,PO2600002990,,
REQ2600004843,Goods, 10056624,,"PIPE BENDER 5/8"", MAKE: PRC",MECHANICAL MATERIAL,5,10,4378M,50,Approved,PO2600002990,,
REQ2600004764,Goods, 10002375,,"BEARING 6205-2Z, BRAND: NSK, ORIGIN: JAPAN",MECHANICAL MATERIAL,20,8.054820416,4378M,161.0964083,Approved,1010384,,
REQ2600004843,Goods, 10000254,,"DIGITAL CLAMP METER 1000A WITH TEST CERTIFICATE, MODEL NO. 3280-10, MAKE: HIOKI, ORIGIN: JAPAN",ELECTRICAL MATERIAL,10,173.1153846,4378M,1731.153846,Approved,PO2600002992,,
REQ2600004843,Goods, 10023322,,"SCREWDRIVER SET, STAR+FLAT (8PCS/SET), MAKE: STANLEY, ORIGIN: CHINA",MATERIALS LOCAL,5,56.5,4378M,282.5,Approved,PO2600002992,,
REQ2600004843,Goods, 10059410,,"SPRIT LEVEL 30CM, MAKE: GER",MATERIALS LOCAL,5,11,4378M,55,Approved,PO2600002992,,
REQ2600004841,Goods, 10002874,,"MANIFOLD GAUGE SET BRASS 2-VALVE 3SOFT HOSES R-12 / R22/ R134 / R404, MODEL NO. QAL3SM-5, BRAND: UNIWELD, ORIGIN: USA",MECHANICAL MATERIAL,5,135,4378M,675,Approved,1009389,,
REQ2600004841,Goods, 10002903,,"MEASURING TAPE 5MTR., PLASTIC BODY, MAKE: STANLEY, ORIGIN: USA",CIVIL MATERIAL,5,7.2,4378M,36,Approved,1009389,,
REQ2600004841,Goods, 10002726,,"MONKEY PLIER 8"", MAKE: MAX, ORIGIN: GERMANY",MATERIALS LOCAL,2,12.76470588,4378M,25.52941176,Approved,1009389,,
REQ2600004841,Goods, 10001891,,"ADJUSTABLE WRENCH 6"", MODEL NO. AW6C, MAKE: CLARKE",MATERIALS LOCAL,5,9.7,4378M,48.5,Approved,1009389,,
REQ2600004841,Goods, 10001811,,"FLAT CHISEL 12"" WITH GUARD, CFG12C, MAKE: CLARKE",MATERIALS LOCAL,5,9.9,4378M,49.5,Approved,1009389,,
REQ2600004841,Goods, 10000007,,"LINE TESTER, YELLOW, MAKE: TAPARIA, ORIGIN: INDIA",ELECTRICAL MATERIAL,10,3.75,4378M,37.5,Approved,1009389,,
REQ2600004843,Goods, 10031936,,"WIRE CUTTER 6"", STEEL, MAKE: CHINA",MATERIALS LOCAL,5,9,4378M,45,Approved,PO2600002992,,
REQ2600004843,Goods, 10035986,,"ALLENKEY SET INCH TYPE SHORT, MAKE: MAX",MATERIALS LOCAL,5,11,4378M,55,Approved,PO2600002992,,
REQ2600004843,Goods, 10015287,,"NUT DRIVER SET 6 -12MM, MAKE: MAX / CLARKE",MATERIALS LOCAL,5,40.5,4378M,202.5,Approved,PO2600002992,,
REQ2600004843,Goods, 10002062,,"CYLINDER KEY 4 - WAY (TO OPEN NITROGEN CYLINDER), MAKE: BESTWELD",MATERIALS LOCAL,5,5.5,4378M,27.5,Approved,PO2600002992,,
REQ2600004843,Goods, 10036626,,"SHEET CUTTER 10"", MAKE: MAX ",MECHANICAL MATERIAL,5,11,4378M,55,Approved,PO2600002992,,
REQ2600004843,Goods, 10023317,,"FLARING TOOLS SET, MAKE: MAXTOOL, ORIGIN: CHIN",MATERIALS LOCAL,5,72,4378M,360,Approved,PO2600002992,,
REQ2600004507,Goods, 10006627,,HIRING OF 3 TON PICK UP WITH FUEL AND DRIVER TO SHIFT MATERIALS FROM MUSSAFFAH TO RAS AL KHAIMAH (RAK),VEHICLE HIRE,1,1300,4378M,1300,Approved,PO2600002999,,
REQ2600004836,Goods, 10059603,,"AC CONTACTOR 220V, A95-30-11, MAKE: ABB",ELECTRICAL MATERIAL,2,338,4378M,676,Approved,PO2600003012,,
REQ2600004843,Goods, 10042640,,"METAL HAMMER 1KG, MAKE: CLARKE",MATERIALS LOCAL,5,16.1,4378M,80.5,Approved,PO2600003059,,
REQ2600004843,Goods, 10002720,,"NOSE PLIER 8"", LONG, MAKE: CLARKE",MATERIALS LOCAL,5,5,4378M,25,Approved,PO2600003059,,
REQ2600004843,Goods, 10001942,,"ADJUSTABLE WRENCH 8"", MODEL NO. AW8C, MAKE: CLARKE",MATERIALS LOCAL,5,13.8,4378M,69,Approved,PO2600003059,,
REQ2600004843,Goods, 10001943,,"ADJUSTABLE WRENCH 12"", MAKE: CLARKE / MAX",MATERIALS LOCAL,5,24.2,4378M,121,Approved,PO2600003059,,
REQ2600004843,Goods, 10002719,,"ALLEN KEY SET 1.5-10MM, SHORT, MAKE: CLARKE, ORIGIN: TAIWAN",MECHANICAL MATERIAL,5,5,4378M,25,Approved,PO2600003059,,
REQ2600005140,Goods, 10056784,,"AXIAL FAN 630MM, 3PH, MODEL NO. 4D630S, MAKE: ENERGY",MECHANICAL MATERIAL,5,290,4378M,1450,Approved,PO2600003130,,
REQ2600005023,Goods, 10048888,,"BEARING UCP207, MAKE: FYH",MECHANICAL MATERIAL,6,60,4378M,360,Approved,PO2600003241,,
REQ2600005666,Goods, 10015007,,"WINDOW AC 2TON R410, MODEL NO. 313MWTF2-24CMN1, MAKE: MIDEA ",AC,25,1650,4378M,41250,Approved,PO2600003602,,
REQ2600005964,Goods, 10049262,,"MOTOR CIRCUIT BRAEKER 2.5-4A, THERMAL / MAGNETIC, PART NO. GV2ME08, MAKE: SCHNEIDER",ELECTRICAL MATERIAL,10,103,4378M,1030,Approved,PO2600003660,,
REQ2600005964,Goods, 10007930,,"THERMAL OVERLOAD RELAY 4A - 6A, PART NO. LRD10, MAKE: SCHNEIDER",ELECTRICAL MATERIAL,10,57.82,4378M,578.2,Approved,PO2600003660,,
REQ2600005964,Goods, 10000132,,"PHASE FAILURE RELAY 3 PHASE, PART NO. RM17TG20, MAKE: SCHNEIDER ELECTRIC, ORIGIN: INDIA",ELECTRICAL MATERIAL,10,93.04,4378M,930.4,Approved,PO2600003662,,
REQ2600005964,Goods, 10004424,,"BEARING 6003 2Z,BRAND: NSK, ORIGIN: POLAND",MECHANICAL MATERIAL,20,6,4378M,120,Approved,PO2600003663,,
REQ2600005964,Goods, 10008362,,"BEARING 6202-2ZC3, MAKE: SKF",MECHANICAL MATERIAL,50,11.5,4378M,575,Approved,PO2600003663,,
REQ2600005964,Goods, 10011543,,"CONTACTOR 40A 24VAC 2P 50/60 HZ, PART NO. MC40P2, MAKE: DACO, ORIGIN: KOREA",ELECTRICAL MATERIAL,50,45,4378M,2250,Approved,PO2600003676,,
REQ2600005964,Goods, 10002731,,"OIL 3GS 3.78LTR GAL, BRAND: SUNISE, ORIGIN: INDIA",OIL AND FILTERS,1,43,4378M,43,Approved,PO2600003676,,
REQ2600005964,Goods, 10009741,,"DIGITAL CONTROLLER ID PLUS 974 230V, MODEL NO. ID974, MAKE: ELIWELL",MECHANICAL MATERIAL,3,230,4378M,690,Approved,PO2600003676,,
REQ2600005288,Goods, 10002542,,"WINDING WIRE 0.315MM, MAKE: RR/SHRAMIK, ORIGIN: INDIA",MECHANICAL MATERIAL,6.45,34.849856,4378M,224.7815712,Approved,1018388,,
REQ2600005309,Goods, 10002542,,"WINDING WIRE 0.315MM, MAKE: RR/SHRAMIK, ORIGIN: INDIA",MECHANICAL MATERIAL,6.45,34.849856,4378M,224.7815712,Approved,1018388,,
REQ2600005964,Goods, 10002333,,"STRAINER 3/8"" X 2 CAPILLARY, ORIGIN: INDIA",MECHANICAL MATERIAL,30,2.1,4378M,63,Approved,PO2600003676,,
REQ2600005776,Goods, 10008829,,"CONTACTOR 35A 2P 220V, Model No. MC35P2, MAKE: DACO, ORIGIN: KOREA",ELECTRICAL MATERIAL,50,43.0075188,4378M,2150.37594,Approved,1038381,,
REQ2600005776,Goods, 10000487,,"BATTERY AAA, PACKING: 20 CARD / BOX, 2PCS / CARD, BRAND: ENERGIZER",BATTERY,20,4.680017496,4378M,93.60034992,Approved,1038381,,
REQ2600005776,Goods, 10001761,,"DOTTED GLOVES 14 OZ - SINGLE SIDE DOTTED, MATERIAL: POLYSTER, COTTON & PVC DOTS, MODEL NO. 757, PART NO. 81GLOV-SSD, MAKE: RIGMAN",OTHER EXPENSES,100,0.95,4378M,95,Approved,1038381,,
REQ2600005776,Goods, 10002333,,"STRAINER 3/8"" X 2 CAPILLARY, ORIGIN: INDIA",MECHANICAL MATERIAL,30,2.1,4378M,63,Approved,1038381,,
REQ2600005939,Goods, 10002024,,"UNIFORM - DRY FIT VISCOSE POLO T SHIRT WITH LOGO FRONT & BACK, SIZE: S, MAKE: SAKET",QHSE AND PPE,2,27,4378M,54,Approved,1041386,,
REQ2600005939,Goods, 10002025,,"UNIFORM - DRY FIT VISCOSE POLO T SHIRT WITH LOGO FRONT & BACK, SIZE: M, MAKE: SAKET",CIVIL MATERIAL,10,27,4378M,270,Approved,1041386,,
REQ2600005939,Goods, 10002026,,"UNIFORM - DRY FIT VISCOSE POLO T SHIRT WITH LOGO FRONT & BACK, SIZE: L, MAKE: SAKET",QHSE AND PPE,28,27,4378M,756,Approved,1041386,,
REQ2600005939,Goods, 10002027,,"UNIFORM - DRY FIT VISCOSE POLO T SHIRT WITH LOGO FRONT & BACK, SIZE: XL, MAKE: SAKET",CIVIL MATERIAL,36,27,4378M,972,Approved,1041386,,
REQ2600005939,Goods, 10002028,,"UNIFORM - DRY FIT VISCOSE POLO T SHIRT WITH LOGO FRONT & BACK, SIZE: XXL, MAKE: SAKET",CIVIL MATERIAL,8,27,4378M,216,Approved,1041386,,
REQ2600005939,Goods, 10002036,,"UNIFORM - COTTON VISCOSE CARGO TROUSER WITH INDUSTRIAL POCKETS & DESIGN GISCO LOGO EMBROIDERY ON RIGHT SIDE FLAP, SIZE: 38, MAKE: SAKET",CIVIL MATERIAL,2,52,4378M,104,Approved,1041386,,
REQ2600005939,Goods, 10002033,,"UNIFORM - COTTON VISCOSE CARGO TROUSER WITH INDUSTRIAL POCKETS & DESIGN GISCO LOGO EMBROIDERY ON RIGHT SIDE FLAP, SIZE: 32, MAKE: SAKET",CIVIL MATERIAL,4,52,4378M,208,Approved,1041386,,
REQ2600005939,Goods, 10002033,,"UNIFORM - COTTON VISCOSE CARGO TROUSER WITH INDUSTRIAL POCKETS & DESIGN GISCO LOGO EMBROIDERY ON RIGHT SIDE FLAP, SIZE: 32, MAKE: SAKET",CIVIL MATERIAL,18,52,4378M,936,Approved,1041386,,
REQ2600005939,Goods, 10002034,,"UNIFORM - COTTON VISCOSE CARGO TROUSER WITH INDUSTRIAL POCKETS & DESIGN GISCO LOGO EMBROIDERY ON RIGHT SIDE FLAP, SIZE: 34, MAKE: SAKET",QHSE AND PPE,30,52,4378M,1560,Approved,1041386,,
REQ2600005939,Goods, 10002035,,"UNIFORM - COTTON VISCOSE CARGO TROUSER WITH INDUSTRIAL POCKETS & DESIGN GISCO LOGO EMBROIDERY ON RIGHT SIDE FLAP, SIZE: 36, MAKE: SAKET",CIVIL MATERIAL,18,52,4378M,936,Approved,1041386,,
REQ2600005939,Goods, 10002036,,"UNIFORM - COTTON VISCOSE CARGO TROUSER WITH INDUSTRIAL POCKETS & DESIGN GISCO LOGO EMBROIDERY ON RIGHT SIDE FLAP, SIZE: 38, MAKE: SAKET",CIVIL MATERIAL,12,52,4378M,624,Approved,1041386,,
REQ2600005939,Goods, 10002058,,"SAFETY SHOE BLACK, STD S3 WRU SRC, MODEL NO. R16S3, PART NO. 81SR16-40, MAKE: RIGMAN",OTHER EXPENSES,42,50.75,4378M,2131.5,Approved,1041386,,
REQ2600005964,Goods, 10036050,,"TRANSFORMER, 208/240V-24V, 50/60HZ, 40VA, MODEL NO: 191-05860, MAKE: GENESIS CONTROLS",ELECTRICAL MATERIAL,10,40,4378M,400,Approved,PO2600003676,,
REQ2600005964,Goods, 10002588,,"DIGITAL THERMOSTAT SINGLE STAGE 24V, MODEL NO. TH5110D1022/U, MAKE: HONEYWELL",ELECTRICAL MATERIAL,10,120,4378M,1200,Approved,PO2600003677,,
REQ2600006377,Goods, 10006415,,"CHILLED WATER ANALYSIS AND REPORT, LOCATION AS PER ANNEXURE ",CHEMICAL AND LAB TEST,1,125,4378M,125,Approved,PO2600003927,,
REQ2600006560,Goods, 10002681,,"SPLIT WALL 24000BTU HI-EER R410, ROTARY, MODEL NO. 123RASGA24-FD, MAKE: GENERAL, ORIGIN: THAILAND",AC,15,2725,4378M,40875,Approved,PO2600003933,,
REQ2600006641,Goods, 10002271,,"GAS R22, PACKING: 13.6KGS (30LBS), DISPOSABLE CYLINDER, BRAND: FLORON, ORIGIN: INDIA",GAS,15,199,4378M,2985,Approved,PO2600003993,,
REQ2600006641,Goods, 10002738,,"FREON GAS R410A X 25LBS / 11.3KG DISPOSIBLE CYLINDER, MAKE: FLORON",GAS,15,230,4378M,3450,Approved,PO2600003996,,
REQ2600006256,Goods, 10063784,,"REFILLING OF FM200 CYLINDER, WEIGHT: 134KG, MAKE: FIKE",SUB CONTRACT MECHANICAL,1,16750,4378M,16750,Approved,PO2600004070,,
REQ2600006256,Goods, 10034264,,HYDROTESTING OF FM200 CYLINDERS,SUB CONTRACT MECHANICAL,1,750,4378M,750,Approved,PO2600004070,,
REQ2600006256,Goods, 10007235,,"REPLACEMENT OF IMPULSE RELOAD KIT, MAKE: FIKE",SUB CONTRACT MECHANICAL,1,3500,4378M,3500,Approved,PO2600004070,,
REQ2600006256,Goods, 10006811,,TRANSPORTATION CHARGES,OTHER EXPENSES,1,3500,4378M,3500,Approved,PO2600004070,,
REQ2600006846,Goods, 10042554,,"FREON GAS R407C, PACKING: 11.3 KGS / CYL, MAKE: FLORON",GAS,10,298.3870968,4378M,2983.870968,Approved,PO2600004095,,
REQ2600007007,Goods, 10003485,,"WINDING WIRE 0.900MM, MAKE: RR/SHRAMIK, ORIGIN: INDIA",MECHANICAL MATERIAL,15,44.74475878,4378M,671.1713817,Approved,PO2600004220,,
REQ2600007007,Goods, 10003485,,"WINDING WIRE 0.900MM, MAKE: RR/SHRAMIK, ORIGIN: INDIA",MECHANICAL MATERIAL,15,44.74475878,4378M,671.1713817,Approved,PO2600004220,,
REQ2600007007,Goods, 10002307,,"WINDING WIRE 0.850MM, MAKE: RR/SHRAMIK, ORIGIN: INDIA",MECHANICAL MATERIAL,15,,4378M,0,Approved,PO2600004220,,
REQ2600007007,Goods, 10026454,,"THERMOSTATIC EXPANSION VALVE, 11 TR, TGE, R22/R407C, PART NO. 067N2304, MAKE: DANFOSS ",MECHANICAL MATERIAL,4,285,4378M,1140,Approved,PO2600004221,,
REQ2600007272,Goods, 10064276,,"INSTALLATION OF 16 COILS/CHILLER, MODEL. TRANE RTAF 250 AT FUJAIRAH AIRPORT",SUB CONTRACT MECHANICAL,1,12000,4378M,12000,Approved,PO2600004298,,
REQ2600007272,Goods, 10064277,,"INSTALLATION OF 4 COILS CIRCUIT, MODEL. TRANE RTAF 250 AT FUJAIRAH AIRPORT",SUB CONTRACT MECHANICAL,1,1,4378M,1,Approved,PO2600004298,,
REQ2600007272,Goods, 10064278,,"INSTALLATION OF 2 COILS CIRCUIT, MODEL. TRANE RTAF 250 AT FUJAIRAH AIRPORT",SUB CONTRACT MECHANICAL,1,1,4378M,1,Approved,PO2600004298,,
REQ2600007279,Goods, 10064333,,"SUPPLY OF COILS FOR TRANE CHILLER MODEL: RTAF 250, MAKE: DOLPHIN",MECHANICAL MATERIAL,22,5900,4378M,129800,Approved,PO2600004303,,
REQ2600007279,Goods, 10064334,,O RINGS FOR TRANE CHILLER MODEL: RTAF 250,MECHANICAL MATERIAL,66,58,4378M,3828,Approved,PO2600004303,,
REQ2600007279,Goods, 10064335,,STUD BOLTS FOR TRANE CHILLER MODEL: RTAF 250,MATERIALS LOCAL,132,10,4378M,1320,Approved,PO2600004303,,
REQ2600007560,Goods, 10037276,,"COMPRESSOR ROTARY, MODEL NO. RHT313VADT/VAQT/3L, MAKE: MITSUBISHI, ORIGIN: THAILAND",COMPRESSORS AND MOTORS,2,410,4378M,820,Approved,PO2600004457,,
REQ2600007560,Goods, 10017416,,"MAP PRO GAS 400G, YELLOW CYLINDER, MAKE: ECOFROST",MATERIALS LOCAL,12,15,4378M,180,Approved,PO2600004457,,
REQ2600007082,Goods, 10051517,,"CONTROL BOARD, PART NO. E27622450, MODEL NO. PUHY-P350YHA, MAKE: MITSUBISHI",ELECTRICAL MATERIAL,1,2210,4378M,2210,Approved,PO2600004472,,
REQ2600008022,Goods, 10063333,,"FLEXIBLE CABLE 5C X 6SQMM, MAKE: MESC ",CABLES,2,1945,4378M,3890,Approved,PO2600004559,,
REQ2600007884,Goods, 10001744,,"ALUMINIUM SHEET 4' X 8' X 0.85MM THICK, MAKE: HINDALCO, ORIGIN: INDIA",CIVIL MATERIAL,2,155,4378M,310,Approved,PO2600004612,,
REQ2600007884,Goods, 10032456,,"SHEET 4' X 8' X 0.65MM, 23 GAUGE, GI, MAKE: AGIS, ORIGIN: UAE",CIVIL MATERIAL,2,8,4378M,16,Approved,PO2600004612,,
REQ2600006843,Goods, 10000157,,"ISOLATOR 32-40A, 3 POLE 220V, PART NO. KSE340TPN, W/P WITH METAL BODY, MAKE: ABB",ELECTRICAL MATERIAL,15,100,4378M,1500,Approved,PO2600004636,,
REQ2600007875,Goods, 10023214,,"MINIATURE RELAY, 24VAC 14PIN, PART NO. RXM4ABIB7, MAKE: SCHNEIDER",ELECTRICAL MATERIAL,20,12.25,4378M,245,Approved,PO2600004913,,
REQ2600007875,Goods, 10000850,,"RELAY 24V DC 14-PIN, MAKE: SCHNEIDER",ELECTRICAL MATERIAL,10,15.19,4378M,151.9,Approved,PO2600004914,,
REQ2600008694,Goods, 10026187,,"SPLIT AC 36000BTU SCROLL, R410, WALLMOUNTED, MODEL NO. 120RASGA36-FU, MAKE: GENERAL, ORIGIN: THAILAND",AC,9,4777,4378M,42993,Approved,PO2600004976,,
REQ2600009015,Goods, 10008134,,"AIR CURTAIN, MODEL NO. FM3515DY, 1.5M CHN MAKE: FREGO",MECHANICAL MATERIAL,1,575,4378M,575,Approved,PO2600005200,,
REQ2600007557,Goods, 10002464,,"CAPACITOR 3.5 MFD SQUARE BLACK, PLASTIC, ORIGIN: INDIA",ELECTRICAL MATERIAL,25,3.300225008,4378M,82.5056252,Approved,1118383,,
REQ2600007557,Goods, 10002257,,"POWER CONTACT CLEANER, PACKING: 500ML/CAN, MAKE: CRC, ORIGIN: BELGIUM",MATERIALS LOCAL,12,25.89478295,4378M,310.7373954,Approved,1118383,,
REQ2600007557,Goods, 10007511,,COTTON WASTE RAGS 10 KGS BUNDLE - COTTON RAG,CIVIL MATERIAL,15,10.00053898,4378M,150.0080847,Approved,1118383,,
REQ2600009181,Goods, 10001953,,"PIPE 1"" X 6MTR, PVC CLASS E, MAKE: POWER, ORIGIN: UAE",PIPES,30,11,4378M,330,Approved,PO2600005246,,
REQ2600009181,Goods, 10009421,,"V BELT B-44, MAKE: DUNLOP, ORIGIN: KOREA",MECHANICAL MATERIAL,10,16,4378M,160,Approved,PO2600005251,,
REQ2600009181,Goods, 10058502,,"V BELT A-65, MAKE: BLACK BELT, ORIGIN: KOREA",MECHANICAL MATERIAL,10,9.65,4378M,96.5,Approved,PO2600005251,,
REQ2600009181,Goods, 10000157,,"ISOLATOR 32-40A, 3 POLE 220V, PART NO. KSE340TPN, W/P WITH METAL BODY, MAKE: ABB",ELECTRICAL MATERIAL,20,100,4378M,2000,Approved,PO2600005280,,
REQ2600009199,Goods, 10051158,,"CONTROL PCB FOR VRF UNIT, MODEL NO. PUHY-P400YHA, MAKE: MITSUBISHI ",MECHANICAL MATERIAL,1,2300,4378M,2300,Approved,PO2600005286,,
REQ2600009199,Goods, 10051159,,"INVERTER PCB FOR VRF UNIT, MODEL NO. PUHY-P400YHA, MAKE: MITSUBISHI ",MECHANICAL MATERIAL,1,3880,4378M,3880,Approved,PO2600005286,,
REQ2600009199,Goods, 10051160,,"CFM PCB FOR VRF UNIT, MODEL NO. PUHY-P400YHA, MAKE: MITSUBISHI",MECHANICAL MATERIAL,1,1725,4378M,1725,Approved,PO2600005286,,
REQ2600009199,Goods, 10051161,,"NOISE FILTER PCB FOR VRF UNIT, MODEL NO. PUHY-P400YHA, MAKE: MITSUBISHI ",MECHANICAL MATERIAL,1,1950,4378M,1950,Approved,PO2600005286,,
REQ2600009199,Goods, 10051162,,"M-NET BOARD FOR VRF UNIT, MODEL NO. PUHY-P400YHA, MAKE: MITSUBISHI ",MECHANICAL MATERIAL,1,1100,4378M,1100,Approved,PO2600005286,,
REQ2600009169,Goods, 10062050,,"COPPER COIL 3/4"" X 50' X 0.035"" THICK X 15.24 MTR, STANDARD, MAKE: MAKSAL, ORIGIN: SA",MECHANICAL MATERIAL,3,380,4378M,1140,Approved,1181390,,
REQ2600009169,Goods, 10000033,,"PLUG TOP 15A, PART NO. VX0042, MAKE: VOLEX, ORIGIN: UK",ELECTRICAL MATERIAL,20,4.25123448,4378M,85.0246896,Approved,1181390,,
REQ2600009169,Goods, 10000058,,"SWITCHED SOCKET DOUBLE 13A, VX1500, MAKE: VOLEX, ORIGIN: UK",ELECTRICAL MATERIAL,10,11,4378M,110,Approved,1181390,,
REQ2600009169,Goods, 10000061,,"INSULATION TAPE 19MM X 10Y, RED, MAKE: 3M, ORIGIN: UK",ELECTRICAL MATERIAL,30,0.850005925,4378M,25.50017775,Approved,1181390,,
REQ2600009169,Goods, 10000062,,"INSULATION TAPE 19MM X 10Y, YELLOW, MAKE: 3M, ORIGIN: UK",ELECTRICAL MATERIAL,30,0.850015969,4378M,25.50047907,Approved,1181390,,
REQ2600009169,Goods, 10000064,,"INSULATION TAPE 19MM X 10Y, BLACK, MAKE: 3M, ORIGIN: UK",ELECTRICAL MATERIAL,40,0.850000626,4378M,34.00002504,Approved,1181390,,
REQ2600009169,Goods, 10002414,,"RUBBER PIPE INSULATION 5/8"" DIA X 3/8"" THICK X1.8MTR / LTH, PACKING: 90TUBES / BOX, MAKE: WORLD FLEX BY GULF-O-FLEX, ORIGIN: UAE",CIVIL MATERIAL,50,1.38,4378M,69,Approved,1181390,,
REQ2600009169,Goods, 10025305,,"BLACK TAPE 2"" X 60Ft, PVC, PACKING: 60 ROLL / BOX, PRODUCT CODE: IFT-0009, MAKE: INNERFIX",CIVIL MATERIAL,120,2.134456977,4378M,256.1348372,Approved,1181390,,
REQ2600009169,Goods, 10013883,,"ALUMINIUM PLAIN TAPE 2"" X 30 YARDS / ROLL, PACKING: 24 PCS/CTN, MAKE: HI-STICK, ORIGIN: UAE",MATERIALS LOCAL,20,2.62,4378M,52.4,Approved,1181390,,
REQ2600009169,Goods, 10000196,,"FLEXIBLE CONDUIT 20MM X 15 MTR. / ROL, BLACK PVC COVER, G.I COATED, BRAND: RELITE, ORIGIN: INDIA",ELECTRICAL MATERIAL,15,16.5,4378M,247.5,Approved,1181390,,
REQ2600009169,Goods, 10001848,,"RAWL BOLT (FIX BOLT) 8MM, ORIGIN: CHINA",MATERIALS LOCAL,200,0.3,4378M,60,Approved,1181390,,
REQ2600009169,Goods, 10000009,,"BATTERY AA, PACKING: 20 CARD / BOX, 2PCS / CARD, BRAND: ENERGIZER",BATTERY,15,2.413878402,4378M,36.20817603,Approved,1181390,,
REQ2600009169,Goods, 10000487,,"BATTERY AAA, PACKING: 20 CARD / BOX, 2PCS / CARD, BRAND: ENERGIZER",BATTERY,15,4.683790531,4378M,70.25685797,Approved,1181390,,
REQ2600009169,Goods, 10002844,,"CAPACITOR 2.5 MFD (ROUND), PIN, PLASTIC, ORIGIN: INDIA",ELECTRICAL MATERIAL,25,2.9,4378M,72.5,Approved,1181390,,
REQ2600009181,Goods, 10002271,,"GAS R22, PACKING: 13.6KGS (30LBS), DISPOSABLE CYLINDER, BRAND: FLORON, ORIGIN: INDIA",GAS,25,199,4378M,4975,Approved,PO2600005308,,
REQ2600009262,Goods, 10015007,,"WINDOW AC 2TON R410, MODEL NO. 313MWTF2-24CMN1, MAKE: MIDEA ",AC,30,1650,4378M,49500,Approved,PO2600005323,,
REQ2600009181,Goods, 10026200,,"PIPE 7/8"" X 19' X 1.14, COPPER, STD, MAKE: MAKSAL, ORIGIN: RSA",MECHANICAL MATERIAL,3,215,4378M,645,Approved,PO2600005334,,
REQ2600009181,Goods, 10002738,,"FREON GAS R410A X 25LBS / 11.3KG DISPOSIBLE CYLINDER, MAKE: FLORON",GAS,20,230,4378M,4600,Approved,PO2600005334,,
REQ2600009181,Goods, 10023305,,"RUBBER PIPE INSULATION 7/8"" X 3/4"" X 1.8MTR, MAKE: WORLDFLEX, ORIGIN: UAE",MECHANICAL MATERIAL,30,4.06,4378M,121.8,Approved,PO2600005336,,
REQ2600009181,Goods, 10007629,,"RUBBER PIPE INSULATION 3/4"" DIA X 3/4"" THICK X1.8MTR / LTH, PACKING: 30TUBES / BOX, MAKE: WORLD FLEX BY GULF-O-FLEX, ORIGIN: UAE",MECHANICAL MATERIAL,20,5.15,4378M,103,Approved,PO2600005336,,
REQ2600009181,Goods, 10002731,,"OIL 3GS 3.78LTR GAL, BRAND: SUNISE, ORIGIN: INDIA",OIL AND FILTERS,5,43,4378M,215,Approved,PO2600005349,,
REQ2600009181,Goods, 10001737,,"FOAM SPRAY 500ML, PACKING: 12PC / CTN, MAKE: ASMACO",CIVIL MATERIAL,20,6.75,4378M,135,Approved,PO2600005357,,
REQ2600009181,Goods, 10034087,,"SOCKET 15A W/P SINGLE, PART NO. K86893GRY, MAKE: MK",ELECTRICAL MATERIAL,10,54,4378M,540,Approved,PO2600005467,,
REQ2600009181,Goods, 10037291,,"TERMINAL WIRE CONNECTOR 25MM, PVC, ORIGIN: CHINA",ELECTRICAL MATERIAL,5,32,4378M,160,Approved,PO2600005470,,
REQ2600009519,Goods, 10056397,,"THERMOSTAT GUARD, MODEL NO. BTG-K, ORIGIN: UAE",ELECTRICAL MATERIAL,10,15,4378M,150,Approved,PO2600005561,,
REQ2600009519,Goods, 10050196,,"VALVE CARTRIDGE ASSY, FOR 3WAY VC SERIES VALVES, MODEL NO. 40004802-060, MAKE: HONEYWELL HOME",ELECTRICAL MATERIAL,15,60,4378M,900,Approved,PO2600005561,,
REQ2600009851,Goods, 10000229,,"SCREW DRIVER 12"" STAR, WITH RUBBER HANDLE, MAKE: CLARKE",MATERIALS LOCAL,20,6,4378M,120,Approved,PO2600005657,,
REQ2600009185,Goods, 10005035,,"GLUE STICK, 21GRM, MAKE: UHU",STAIONERY,5,3.75,4378M,18.75,Approved,1180405,,
REQ2600009185,Goods, 10005056,,"PEN 1.0MM, BLUE, TRI-MATE, MAKE: CELLO, ORIGIN: INDIA",STAIONERY,15,0.34,4378M,5.1,Approved,1180405,,
REQ2600009185,Goods, 10005039,,"PEN, COLOR BLUE, 0.7MM FINE, MODEL 1423, MAKE: FABER CASTELL, ORIGIN: GERMANY",STAIONERY,15,0.370909091,4378M,5.563636365,Approved,1180405,,
REQ2600009185,Goods, 10005085,,"PLASTIC POCKET A4, CLEAR CKP A4, MODEL NO. 12265, PACKING: 100NOS/BOX, MAKE: REXEL",STAIONERY,200,0.26,4378M,52,Approved,1180405,,
REQ2600009185,Goods, 10004985,,"STAPLE, NO.35-1M, 26/6, MAKE: MAX",STAIONERY,20,1.247922099,4378M,24.95844198,Approved,1180405,,
REQ2600009185,Goods, 10005005,,"REGISTER BOOK 2 QUIRE A4 RULED, HARD COVER, MAKE: DULUX AMT",STAIONERY,6,4.5,4378M,27,Approved,1180405,,
REQ2600009185,Goods, 10005024,,"WHITE BOARD MARKER, FINE BLACK, BRAND: DOLLAR, ORIGIN: PAKISTAN",STAIONERY,5,0.906857983,4378M,4.534289915,Approved,1180405,,
REQ2600009185,Goods, 10005044,,"CORRECTION PEN, 12ML, 1 X 12, BRAND: PENTAL, ORIGIN: JAPAN",STAIONERY,1,6.75,4378M,6.75,Approved,1180405,,
REQ2600009185,Goods, 10004974,,"PAPER PUNCH, 2 HOLES, MODEL DP-520, BRAND: KANGAROO",STAIONERY,2,7.75,4378M,15.5,Approved,1180405,,
REQ2600009185,Goods, 10004978,,"TEXTLINER, COLOUR: YELLOW, CODE:15 48 07, MODEL:1548, REFILL, MAKE: FABER-CASTELL, ORIGIN: GERMANY",STAIONERY,3,2.017717171,4378M,6.053151513,Approved,1180405,,
REQ2600009185,Goods, 10005033,,"TEXTLINER, COLOUR: GREEN,CODE:15 48 63, MODEL:1548, REFILL, MAKE: FABER-CASTELL, ORIGIN: GERMANY",STAIONERY,3,1.992958426,4378M,5.978875278,Approved,1180405,,
REQ2600009185,Goods, 10005060,,"FILE BOX 1"" 2 RING, WHITE, ART NO.AB203, MAKE: AL BAAZ, ORIGIN: UAE",STAIONERY,10,7.5,4378M,75,Approved,1180405,,
REQ2600009185,Goods, 10005005,,"REGISTER BOOK 2 QUIRE A4 RULED, HARD COVER, MAKE: DULUX AMT",STAIONERY,10,4.5,4378M,45,Approved,1180405,,
REQ2600009520,Goods, 10065280,,"MICROMASTER 420, 245 X 185 X 195 (H X W X D), 5.5KW 3AC 380-480V+10/-10% 47-63HZ, UNFILTERED CONSTANT TORQUE POWER 5.5KW OVERLOAD 150%, 60S VAR TORQUE, PART NO. 6SE6420-2UD25-5CA1, IP20 AMBIENT TEMP -10 TO+50DEG, W/O AOP/BOP, MAKE: SIEMENS",ELECTRICAL MATERIAL,1,1600,4378M,1600,Approved,PO2600005685,,
REQ2600009851,Goods, 10003015,,"CAPACITOR 60+5 MFD ALUMINIUM BODY, ORIGIN: INDIA",ELECTRICAL MATERIAL,50,9.985148515,4378M,499.2574258,Approved,PO2600005836,,
REQ2600009851,Goods, 10002701,,"GAS CHARGING VALVE 1/4"" X .35MM X 10CM, ORIGIN: INDIA",MECHANICAL MATERIAL,50,1.2,4378M,60,Approved,PO2600005836,,
REQ2600009851,Goods, 10002830,,"GAS ADAPTOR R410A, ORIGIN: THAILAND",MECHANICAL MATERIAL,10,5.890243902,4378M,58.90243902,Approved,PO2600005836,,
REQ2600009851,Goods, 10056784,,"AXIAL FAN 630MM, 3PH, MODEL NO. 4D630S, MAKE: ENERGY",MECHANICAL MATERIAL,3,290,4378M,870,Approved,PO2600005836,,
REQ2600010270,Goods, 10007824,,"TRUNKING 100MM X 100MM X 3Mtr., PVC WITH COVER, MAKE: GIFFEX, ORIGIN: INDIA",ELECTRICAL MATERIAL,30,21.75,4378M,652.5,Approved,PO2600005882,,
REQ2600010522,Goods, 10060694,,"AIR CURTAIN, MODEL NO. FM--3518DY 1.8M CHN, MAKE: FREGO",MECHANICAL MATERIAL,3,725,4378M,2175,Approved,PO2600005955,,
REQ2600010522,Goods, 10008134,,"AIR CURTAIN, MODEL NO. FM3515DY, 1.5M CHN MAKE: FREGO",MECHANICAL MATERIAL,3,575,4378M,1725,Approved,PO2600005955,,
REQ2600010517,Goods, 10060694,,"AIR CURTAIN, MODEL NO. FM--3518DY 1.8M CHN, MAKE: FREGO",MECHANICAL MATERIAL,2,725,4378M,1450,Approved,PO2600005956,,
REQ2600009604,Goods, 10005060,,"FILE BOX 1"" 2 RING, WHITE, ART NO.AB203, MAKE: AL BAAZ, ORIGIN: UAE",STAIONERY,10,7.5,4378M,75,Approved,1183408,,
REQ2600009604,Goods, 10005055,,"BOX FILE, NARROW FS, MODEL 1105, (1 X 48), MAKE: LEITZ, ORIGIN: POLAND",STAIONERY,10,8.095702159,4378M,80.95702159,Approved,1183408,,
REQ2600010231,Goods, 10003057,,"SPLIT WALL 30000BTU R410A, SCROLL, PART NO. 120RASGA30-FU, MAKE: GENERAL, ORIGIN: THAILAND",AC,10,3765,4378M,37650,Approved,PO2600005966,,
REQ2600009849,Goods, 10002540,,"CAPACITOR 55+5 MFD, ROUND METAL BODY, ORIGIN: INDIA",ELECTRICAL MATERIAL,50,9.967625405,4378M,498.3812703,Approved,1182436,,
REQ2600009849,Goods, 10002698,,"CAPACITOR 45+5 MFD, ROUND METAL BODY, ORIGIN: INDIA",ELECTRICAL MATERIAL,43,9.15093035,4378M,393.4900051,Approved,1182436,,
REQ2600009849,Goods, 10002464,,"CAPACITOR 3.5 MFD SQUARE BLACK, PLASTIC, ORIGIN: INDIA",ELECTRICAL MATERIAL,30,3.300225008,4378M,99.00675024,Approved,1182436,,
REQ2600009849,Goods, 10000007,,"LINE TESTER, YELLOW, MAKE: TAPARIA, ORIGIN: INDIA",ELECTRICAL MATERIAL,20,3.75,4378M,75,Approved,1182436,,
REQ2600009851,Goods, 10048449,,"TERMINAL CLIP 2.5MM, FLAG TYPE NAKED, WINDOW AC TERMINAL CLIP, PART NO. FLDNY 2-250, MAKE: GIFFEX",ELECTRICAL MATERIAL,5,15.5,4378M,77.5,Approved,PO2600005978,,
REQ2600009851,Goods, 10033141,,"STRIGHT TERMINAL CLIP 4MM, FEMALE, MAKE: GIFFEX, ORIGIN: UK",ELECTRICAL MATERIAL,5,12.53,4378M,62.65,Approved,PO2600005978,,
REQ2600010094,Goods, 10026187,,"SPLIT AC 36000BTU SCROLL, R410, WALLMOUNTED, MODEL NO. 120RASGA36-FU, MAKE: GENERAL, ORIGIN: THAILAND",AC,1,4777,4378M,4777,Approved,PO2600005986,,
REQ2600010122,Goods, 10038066,,"COMPRESSOR R22 /R407C, MODEL NO. ZR68KCE-TFD-522, MAKE: COPELAND, ORIGIN: THAILAND",COMPRESSORS AND MOTORS,2,1425,4378M,2850,Approved,PO2600005991,,
REQ2600010516,Goods, 10009415,,"TYRE 215/65 R16C 106/104S, WITH FIXING AND BALANCING, MAKE: DUNLOP, ORIGIN: THAILAND",REPAIR AND MAINT VEHICLES,4,425,4378M,1700,Approved,PO2600006000,,
REQ2600010396,Goods, 10002738,,"FREON GAS R410A X 25LBS / 11.3KG DISPOSIBLE CYLINDER, MAKE: FLORON",GAS,15,230,4378M,3450,Approved,PO2600006045,,
REQ2600010396,Goods, 10007631,,"GAS R22, PACKING: 13.6KG 30LBS. DISPOSABLE CYLINDER, BRAND: MAFRON, ORIGIN: INDIA",GAS,15,230.0026677,4378M,3450.040016,Approved,PO2600006045,,
REQ2600010013,Goods, 10014906,,"CAPACITOR 50+5 MFD, ROUND METAL, ORIGIN: INDIA",ELECTRICAL MATERIAL,50,10.00261339,4378M,500.1306695,Approved,1182524,,
REQ2600010396,Goods, 10002738,,"FREON GAS R410A X 25LBS / 11.3KG DISPOSIBLE CYLINDER, MAKE: FLORON",GAS,15,230,4378M,3450,Approved,PO2600006045,,
REQ2600010396,Goods, 10007631,,"GAS R22, PACKING: 13.6KG 30LBS. DISPOSABLE CYLINDER, BRAND: MAFRON, ORIGIN: INDIA",GAS,15,230.0026677,4378M,3450.040016,Approved,PO2600006045,,
REQ2600010855,Goods, 10026187,,"SPLIT AC 36000BTU SCROLL, R410, WALLMOUNTED, MODEL NO. 120RASGA36-FU, MAKE: GENERAL, ORIGIN: THAILAND",AC,1,4777,4378M,4777,Approved,PO2600006160,,
REQ2600010383,Goods, 10065685,,"MICROMASTER 430 VARIABLE FREQUENCY DRIVE (VFD) 380-480V 30KW, PART NO. 6SE6430-2UD33-0DA0MM4, FSD/V/30KW 6SE6430-2UD33-0DA0, MAKE: SIEMENS",ELECTRICAL MATERIAL,1,3900,4378M,3900,Approved,PO2600006192,,
REQ2600009610,Goods, 10010584,,"FLOW SENSOR FOR CHILLED WATER, MODEL NO. SC0505, MAKE: CARRIER",MECHANICAL MATERIAL,2,790,4378M,1580,Approved,PO2600006261,,
REQ2600010844,Goods, 10002590,,"COMPRESSOR 1.5TON / 3LEG, 1PH / 220-240V / 50HZ, MODEL: PH31VNET / PH31VSET, BRAND: MITSUBISHI ELECTRIC",COMPRESSORS AND MOTORS,3,600,4378M,1800,Approved,PO2600006272,,
REQ2600011150,Goods, 10060509,,"COPPER COIL 7/8"" X 50' X 0.040, ECONOMY, MAKE: MAKSAL, ORIGIN: RSA",MECHANICAL MATERIAL,4,500,4378M,2000,Approved,PO2600006344,,
REQ2600010395,Goods, 10000104,,"CONTACTOR 9A 1NO+1NC 24V COIL, 50/60HZ, MODEL NO. LC1D09B7, MAKE: SCHNEIDER ELECTRIC",ELECTRICAL MATERIAL,10,44.55454545,4378M,445.5454545,Approved,1186417,,
REQ2600010395,Goods, 10000238,,"CONTACTOR 18A 3P 1NO+1NC 24V AC COIL, PART NO. LC1D18B7, MAKE: SCHNEIDER ELECTRIC, ORIGIN: FRANCE",ELECTRICAL MATERIAL,10,59.4912892,4378M,594.912892,Approved,1186417,,
REQ2600011328,Goods, 10060509,,"COPPER COIL 7/8"" X 50' X 0.040, ECONOMY, MAKE: MAKSAL, ORIGIN: RSA",MECHANICAL MATERIAL,4,500,4378M,2000,Approved,PO2600006344,,
REQ2600011447,Goods, 10060509,,"COPPER COIL 7/8"" X 50' X 0.040, ECONOMY, MAKE: MAKSAL, ORIGIN: RSA",MECHANICAL MATERIAL,4,500,4378M,2000,Approved,PO2600006344,,
REQ2600010357,Goods, 10017785,,"CONTACTOR 11KW, 110V AC COIL 400V 25A(AC3), 40A(AC1), 3P+1NO/1NC, PART NO. LC1D25F7, MAKE: SCHNEIDER ELECTRIC",ELECTRICAL MATERIAL,6,98,4378M,588,Approved,PO2600006353,,
REQ2600010208,Goods, 10065280,,"MICROMASTER 420, 245 X 185 X 195 (H X W X D), 5.5KW 3AC 380-480V+10/-10% 47-63HZ, UNFILTERED CONSTANT TORQUE POWER 5.5KW OVERLOAD 150%, 60S VAR TORQUE, PART NO. 6SE6420-2UD25-5CA1, IP20 AMBIENT TEMP -10 TO+50DEG, W/O AOP/BOP, MAKE: SIEMENS",ELECTRICAL MATERIAL,1,1600,4378M,1600,Approved,PO2600006374,,
REQ2600010563,Goods, 10001719,,"TYRE 215/65 R16C WITH FIXING & BALANCING, BRAND: DUNLOP, ORIGIN: THAILAND",REPAIR AND MAINT VEHICLES,1,425,4378M,425,Approved,PO2600006391,,
REQ2600011504,Goods, 10001737,,"FOAM SPRAY 500ML, PACKING: 12PC / CTN, MAKE: ASMACO",CIVIL MATERIAL,20,6.75,4378M,135,Approved,PO2600006540,,
REQ2600011504,Goods, 10002287,,"SPRAY WD40, PACKING: 330ML, BRAND: WD40, ORIGIN: UK",MATERIALS LOCAL,24,11,4378M,264,Approved,PO2600006546,,
REQ2600011149,Goods, 10062050,,"COPPER COIL 3/4"" X 50' X 0.035"" THICK X 15.24 MTR, STANDARD, MAKE: MAKSAL, ORIGIN: SA",MECHANICAL MATERIAL,5,380,4378M,1900,Approved,1194456,,
REQ2600011498,Goods, 10002257,,"POWER CONTACT CLEANER, PACKING: 500ML/CAN, MAKE: CRC, ORIGIN: BELGIUM",MATERIALS LOCAL,10,25.89478295,4378M,258.9478295,Approved,1199388,,
REQ2600011498,Goods, 10025305,,"BLACK TAPE 2"" X 60Ft, PVC, PACKING: 60 ROLL / BOX, PRODUCT CODE: IFT-0009, MAKE: INNERFIX",CIVIL MATERIAL,50,2.134456977,4378M,106.7228489,Approved,1199388,,
REQ2600011498,Goods, 10013883,,"ALUMINIUM PLAIN TAPE 2"" X 30 YARDS / ROLL, PACKING: 24 PCS/CTN, MAKE: HI-STICK, ORIGIN: UAE",MATERIALS LOCAL,30,2.62,4378M,78.6,Approved,1199388,,
REQ2600011498,Goods, 10002375,,"BEARING 6205-2Z, BRAND: NSK, ORIGIN: JAPAN",MECHANICAL MATERIAL,20,8.054820416,4378M,161.0964083,Approved,1199388,,
REQ2600011498,Goods, 10002621,,"BEARING 6202 ZZ, MAKE: NSK, ORIGIN: POLAND",MECHANICAL MATERIAL,20,4.3,4378M,86,Approved,1199388,,
REQ2600011498,Goods, 10002609,,"BEARING 6203-2Z, MAKE: NSK, ORIGIN:POLAND",MECHANICAL MATERIAL,20,4.985570788,4378M,99.71141576,Approved,1199388,,
REQ2600011498,Goods, 10000083,,"OVERLOAD RELAY 2.5-4A, MODEL NO. LRD08, MAKE: SCHNEIDER ELECTRIC, ORIGIN: FRANCE",ELECTRICAL MATERIAL,10,54.72,4378M,547.2,Approved,1199388,,
REQ2600011498,Goods, 10000009,,"BATTERY AA, PACKING: 20 CARD / BOX, 2PCS / CARD, BRAND: ENERGIZER",BATTERY,40,2.42543294,4378M,97.0173176,Approved,1199388,,
REQ2600011528,Goods,10000142,445,"WINDING WIRE 0.213MM, MAKE: RR/SHRAMIK, ORIGIN: INDIA",MECHANICAL MATERIAL,3.381,445,4378M,1504.545,Approved,1200390,,
REQ2600011528,Goods,10001737,9.75,"WINDING WIRE 0.250MM, MAKE: RR / SHRAMIK, ORIGIN: INDIA",MECHANICAL MATERIAL,3.425,9.75,4378M,33.39375,Approved,1200390,,
REQ2600011528,Goods,10002373,12,"WINDING WIRE 0.265MM, MAKE: RR SHRAMIK, ORIGIN: INDIA",MECHANICAL MATERIAL,3.765,12,4378M,45.18,Approved,1200390,,
REQ2600011528,Goods,10002386,235,"WINDING WIRE 0.600MM, MAKE: RR/SHRAMIK, ORIGIN: INDIA",MECHANICAL MATERIAL,11.85,235,4378M,2784.75,Approved,1200390,,
